ref_id,source,formulation_raw,salt_components,dosage_form,form_modifier,strength_raw,strength_mg,strength_kind,unit_basis,unit_qty,price_checkable,price_ex_gst,so_number,so_date,manufacturer,marketing_company,retrieved_on,status,quarantine_reason,unit_basis_raw,raw_row
CEIL-0001,ceiling,Acetylsalicylic acid,"[""ACETYLSALICYLIC ACID""]",tablet,,Tablet 300 mg,[300.0],mg,tablet,1,true,0.28,1582(E),25-Mar-2026,,,2026-09-18,usable,,1 Tablet,"["""", ""1"", ""2011"", ""Acetylsalicylic acid"", ""Tablet 300 mg"", ""1582(E)"", ""25-Mar-2026"", ""₹ 0.28(1 Tablet)""]"
CEIL-0002,ceiling,Calcium Carbonate,"[""CALCIUM CARBONATE""]",tablet,,Tablet 250 mg,[250.0],mg,tablet,1,true,2.49,1582(E),25-Mar-2026,,,2026-09-18,usable,,1 Tablet,"["""", ""2"", ""2011"", ""Calcium Carbonate"", ""Tablet 250 mg"", ""1582(E)"", ""25-Mar-2026"", ""₹ 2.49(1 Tablet)""]"
CEIL-0003,ceiling,Condom,"[""CONDOM""]",condom,,CONDOM,[],none,unit,1,true,11.65,1582(E),25-Mar-2026,,,2026-09-18,usable,,1 Condom,"["""", ""3"", ""2011"", ""Condom"", ""CONDOM"", ""1582(E)"", ""25-Mar-2026"", ""₹ 11.65(1 Condom)""]"
CEIL-0004,ceiling,Dapsone,"[""DAPSONE""]",tablet,,Tablet 50 mg,[50.0],mg,tablet,1,true,0.30,1582(E),25-Mar-2026,,,2026-09-18,usable,,1 Tablet,"["""", ""4"", ""2011"", ""Dapsone"", ""Tablet 50 mg"", ""1582(E)"", ""25-Mar-2026"", ""₹ 0.30(1 Tablet)""]"
CEIL-0005,ceiling,Medroxyprogesteroneacetate,"[""MEDROXYPROGESTERONEACETATE""]",tablet,,Tablet 5 mg,[5.0],mg,tablet,1,true,3.80,1582(E),25-Mar-2026,,,2026-09-18,usable,,1 Tablet,"["""", ""5"", ""2011"", ""Medroxyprogesteroneacetate"", ""Tablet 5 mg"", ""1582(E)"", ""25-Mar-2026"", ""₹ 3.80(1 Tablet)""]"
CEIL-0006,ceiling,RIFAMPICIN,"[""RIFAMPICIN""]",tablet,,TABLET 450 mg,[450.0],mg,tablet,1,true,5.66,1582(E),25-Mar-2026,,,2026-09-18,usable,,1 Tablet,"["""", ""6"", ""2011"", ""RIFAMPICIN"", ""TABLET 450 mg"", ""1582(E)"", ""25-Mar-2026"", ""₹ 5.66(1 Tablet)""]"
CEIL-0007,ceiling,Abacavir (A)+Lamivudine (B),"[""ABACAVIR"", ""LAMIVUDINE""]",tablet,,Tablet 60 (A) + 30 mg (B),[30.0],mg,tablet,1,true,25.61,1581(E),25-Mar-2026,,,2026-09-18,usable,,1 Tablet,"["""", ""7"", ""2015"", ""Abacavir (A)+Lamivudine (B)"", ""Tablet 60 (A) + 30 mg (B)"", ""1581(E)"", ""25-Mar-2026"", ""₹ 25.61(1 Tablet)""]"
CEIL-0008,ceiling,Acetylsalicylic acid,"[""ACETYLSALICYLIC ACID""]",tablet,,Tablet 150 mg,[150.0],mg,tablet,1,true,0.51,1581(E),25-Mar-2026,,,2026-09-18,usable,,1 Tablet,"["""", ""8"", ""2015"", ""Acetylsalicylic acid"", ""Tablet 150 mg"", ""1581(E)"", ""25-Mar-2026"", ""₹ 0.51(1 Tablet)""]"
CEIL-0009,ceiling,Acetylsalicylic acid,"[""ACETYLSALICYLIC ACID""]",tablet,,Tablet 75 mg,[75.0],mg,tablet,1,true,0.39,1581(E),25-Mar-2026,,,2026-09-18,usable,,1 Tablet,"["""", ""9"", ""2015"", ""Acetylsalicylic acid"", ""Tablet 75 mg"", ""1581(E)"", ""25-Mar-2026"", ""₹ 0.39(1 Tablet)""]"
CEIL-0010,ceiling,Acetylsalicylic acid,"[""ACETYLSALICYLIC ACID""]",tablet,,Tablet 100 mg,[100.0],mg,tablet,1,true,0.21,1581(E),25-Mar-2026,,,2026-09-18,usable,,1 Tablet,"["""", ""10"", ""2015"", ""Acetylsalicylic acid"", ""Tablet 100 mg"", ""1581(E)"", ""25-Mar-2026"", ""₹ 0.21(1 Tablet)""]"
CEIL-0011,ceiling,Acetylsalicylic acid,"[""ACETYLSALICYLIC ACID""]",tablet,,Tablet 350 mg,[350.0],mg,tablet,1,true,0.39,1581(E),25-Mar-2026,,,2026-09-18,usable,,1 Tablet,"["""", ""11"", ""2015"", ""Acetylsalicylic acid"", ""Tablet 350 mg"", ""1581(E)"", ""25-Mar-2026"", ""₹ 0.39(1 Tablet)""]"
CEIL-0012,ceiling,Acetylsalicylic acid,"[""ACETYLSALICYLIC ACID""]",tablet,dispersible|effervescent|enteric,Effervescent/ Dispersible/ Enteric coated Tablet 100 mg,[100.0],mg,tablet,1,true,0.22,1581(E),25-Mar-2026,,,2026-09-18,usable,,1 Tablet,"["""", ""12"", ""2015"", ""Acetylsalicylic acid"", ""Effervescent/ Dispersible/\nEnteric coated Tablet 100 mg"", ""1581(E)"", ""25-Mar-2026"", ""₹ 0.22(1 Tablet)""]"
CEIL-0013,ceiling,All-trans Retinoic Acid,"[""ALL-TRANS RETINOIC ACID""]",capsule,,Capsule 10 mg,[10.0],mg,capsule,1,true,104.29,1581(E),25-Mar-2026,,,2026-09-18,usable,,1 Capsule,"["""", ""13"", ""2015"", ""All-trans Retinoic Acid"", ""Capsule 10 mg"", ""1581(E)"", ""25-Mar-2026"", ""₹ 104.29(1 Capsule)""]"
CEIL-0014,ceiling,Anti-D Immunoglobulin,"[""ANTI-D IMMUNOGLOBULIN""]",injection,,Injection 300 mcg,[0.3],mg,pack,1,false,2721.28,1581(E),25-Mar-2026,,,2026-09-18,usable,,Each Pack,"["""", ""14"", ""2015"", ""Anti-D Immunoglobulin"", ""Injection 300 mcg"", ""1581(E)"", ""25-Mar-2026"", ""₹ 2721.28(Each Pack)""]"
CEIL-0015,ceiling,Anti-D Immunoglobulin,"[""ANTI-D IMMUNOGLOBULIN""]",injection,,Injection 150 mcg,[0.15],mg,pack,1,false,2121.14,1581(E),25-Mar-2026,,,2026-09-18,usable,,Each Pack,"["""", ""15"", ""2015"", ""Anti-D Immunoglobulin"", ""Injection 150 mcg"", ""1581(E)"", ""25-Mar-2026"", ""₹ 2121.14(Each Pack)""]"
CEIL-0016,ceiling,Artesunate (A) + Sulphadoxine -Pyrimethamine (B),"[""ARTESUNATE"", ""SULPHADOXINE -PYRIMETHAMINE""]",tablet,,Tablet 100 mg(A) + 1 Tablet (750 mg+ 37.5 mg) (B),"[100.0, 750.0, 37.5]",mg,pack,1,false,37.60,1581(E),25-Mar-2026,,,2026-09-18,usable,,Combi Pack,"["""", ""16"", ""2015"", ""Artesunate (A) + Sulphadoxine -Pyrimethamine (B)"", ""Tablet 100 mg(A) + 1 Tablet\n(750 mg+ 37.5 mg) (B)"", ""1581(E)"", ""25-Mar-2026"", ""₹ 37.60(Combi Pack)""]"
CEIL-0017,ceiling,Artesunate (A) + Sulphadoxine -Pyrimethamine (B),"[""ARTESUNATE"", ""SULPHADOXINE -PYRIMETHAMINE""]",tablet,,Tablet 150 mg(A) + 2 Tablet (500 mg+ 25 mg) (B),"[150.0, 500.0, 25.0]",mg,pack,1,false,51.05,1581(E),25-Mar-2026,,,2026-09-18,usable,,Combi Pack,"["""", ""17"", ""2015"", ""Artesunate (A) + Sulphadoxine -Pyrimethamine (B)"", ""Tablet 150 mg(A) + 2 Tablet\n(500 mg+ 25 mg) (B)"", ""1581(E)"", ""25-Mar-2026"", ""₹ 51.05(Combi Pack)""]"
CEIL-0018,ceiling,Artesunate (A) + Sulphadoxine -Pyrimethamine (B),"[""ARTESUNATE"", ""SULPHADOXINE -PYRIMETHAMINE""]",tablet,,Tablet 200 mg(A) + 2 Tablet (750 mg+ 37.5 mg) (B),"[200.0, 750.0, 37.5]",mg,pack,1,false,46.54,1581(E),25-Mar-2026,,,2026-09-18,usable,,Combi Pack,"["""", ""18"", ""2015"", ""Artesunate (A) + Sulphadoxine -Pyrimethamine (B)"", ""Tablet 200 mg(A) + 2 Tablet\n(750 mg+ 37.5 mg) (B)"", ""1581(E)"", ""25-Mar-2026"", ""₹ 46.54(Combi Pack)""]"
CEIL-0019,ceiling,Artesunate (A) + Sulphadoxine -Pyrimethamine (B),"[""ARTESUNATE"", ""SULPHADOXINE -PYRIMETHAMINE""]",tablet,,Tablet 25 mg(A) + 1 Tablet (250 mg+ 12.5 mg) (B),"[25.0, 250.0, 12.5]",mg,pack,1,false,25.07,1581(E),25-Mar-2026,,,2026-09-18,usable,,Combi Pack,"["""", ""19"", ""2015"", ""Artesunate (A) + Sulphadoxine -Pyrimethamine (B)"", ""Tablet 25 mg(A) + 1 Tablet\n(250 mg+ 12.5 mg) (B)"", ""1581(E)"", ""25-Mar-2026"", ""₹ 25.07(Combi Pack)""]"
CEIL-0020,ceiling,Bare Metal Stents,"[""BARE METAL STENTS""]",device,,DEVICE --,[],none,unit,1,true,10762.15,1587(E),25-Mar-2026,,,2026-09-18,usable,,1 Unit,"["""", ""20"", ""2015"", ""Bare Metal Stents"", ""DEVICE --"", ""1587(E)"", ""25-Mar-2026"", ""₹ 10762.15(1 Unit)""]"
CEIL-0021,ceiling,Benzoyl Peroxide,"[""BENZOYL PEROXIDE""]",cream,,Cream 2.50%,[],percent,gm,1,true,2.97,1581(E),25-Mar-2026,,,2026-09-18,usable,,1 GM,"["""", ""21"", ""2015"", ""Benzoyl Peroxide"", ""Cream 2.50%"", ""1581(E)"", ""25-Mar-2026"", ""₹ 2.97(1 GM)""]"
CEIL-0022,ceiling,Benzyl penicillin,"[""BENZYL PENICILLIN""]",powder for injection,,Powder For Injection 1000000,[],none,pack,1,false,14.92,1581(E),25-Mar-2026,,,2026-09-18,usable,,Each Pack)( Pack,"["""", ""22"", ""2015"", ""Benzyl penicillin"", ""Powder For Injection 1000000"", ""1581(E)"", ""25-Mar-2026"", ""₹ 14.92(Each Pack)( Pack)""]"
CEIL-0023,ceiling,Betamethasone,"[""BETAMETHASONE""]",lotion,,Lotion 0.10%,[],percent,ml,1,true,1.05,1581(E),25-Mar-2026,,,2026-09-18,usable,,1 ML,"["""", ""23"", ""2015"", ""Betamethasone"", ""Lotion 0.10%"", ""1581(E)"", ""25-Mar-2026"", ""₹ 1.05(1 ML)""]"
CEIL-0024,ceiling,Budesonide,"[""BUDESONIDE""]",nasal spray,,Nasal Spray 50 MCG,[0.05],mg,dose,1,true,1.30,1581(E),25-Mar-2026,,,2026-09-18,usable,,1 Dose,"["""", ""24"", ""2015"", ""Budesonide"", ""Nasal Spray 50 MCG"", ""1581(E)"", ""25-Mar-2026"", ""₹ 1.30(1 Dose)""]"
CEIL-0025,ceiling,Budesonide,"[""BUDESONIDE""]",inhalation,,Inhalation 100 MCG,[0.1],mg,dose,1,true,2.55,1581(E),25-Mar-2026,,,2026-09-18,usable,,Per Dose,"["""", ""25"", ""2015"", ""Budesonide"", ""Inhalation 100 MCG"", ""1581(E)"", ""25-Mar-2026"", ""₹ 2.55(Per Dose)""]"
CEIL-0026,ceiling,Calcium Carbonate,"[""CALCIUM CARBONATE""]",tablet,,Tablet 500 mg,[500.0],mg,tablet,1,true,2.20,1581(E),25-Mar-2026,,,2026-09-18,usable,,1 Tablet,"["""", ""26"", ""2015"", ""Calcium Carbonate"", ""Tablet 500 mg"", ""1581(E)"", ""25-Mar-2026"", ""₹ 2.20(1 Tablet)""]"
CEIL-0027,ceiling,Calcium gluconate,"[""CALCIUM GLUCONATE""]",injection,,Injection 100 mg,[100.0],mg,ml,1,true,0.69,1581(E),25-Mar-2026,,,2026-09-18,usable,,1 ML,"["""", ""27"", ""2015"", ""Calcium gluconate"", ""Injection 100 mg"", ""1581(E)"", ""25-Mar-2026"", ""₹ 0.69(1 ML)""]"
CEIL-0028,ceiling,Cefadroxil,"[""CEFADROXIL""]",capsule,,Capsule 500 mg,[500.0],mg,capsule,1,true,9.11,1581(E),25-Mar-2026,,,2026-09-18,usable,,1 Capsule,"["""", ""28"", ""2015"", ""Cefadroxil"", ""Capsule 500 mg"", ""1581(E)"", ""25-Mar-2026"", ""₹ 9.11(1 Capsule)""]"
CEIL-0029,ceiling,Cefazolin,"[""CEFAZOLIN""]",powder for injection,,Powder For Injection 1000 mg,[1000.0],mg,pack,1,false,31.29,1581(E),25-Mar-2026,,,2026-09-18,usable,,Each Pack,"["""", ""29"", ""2015"", ""Cefazolin"", ""Powder For Injection 1000 mg"", ""1581(E)"", ""25-Mar-2026"", ""₹ 31.29(Each Pack)""]"
CEIL-0030,ceiling,Cefazolin,"[""CEFAZOLIN""]",powder for injection,,Powder For Injection 500 mg,[500.0],mg,pack,1,false,19.84,1581(E),25-Mar-2026,,,2026-09-18,usable,,Each Pack,"["""", ""30"", ""2015"", ""Cefazolin"", ""Powder For Injection 500 mg"", ""1581(E)"", ""25-Mar-2026"", ""₹ 19.84(Each Pack)""]"
CEIL-0031,ceiling,Cefixime,"[""CEFIXIME""]",capsule,,Capsule 400 mg,[400.0],mg,capsule,1,true,37.28,1581(E),25-Mar-2026,,,2026-09-18,usable,,1 Capsule,"["""", ""31"", ""2015"", ""Cefixime"", ""Capsule 400 mg"", ""1581(E)"", ""25-Mar-2026"", ""₹ 37.28(1 Capsule)""]"
CEIL-0032,ceiling,Cetirizine,"[""CETIRIZINE""]",capsule,,Capsule 10 mg,[10.0],mg,capsule,1,true,3.03,1581(E),25-Mar-2026,,,2026-09-18,usable,,1 Capsule,"["""", ""32"", ""2015"", ""Cetirizine"", ""Capsule 10 mg"", ""1581(E)"", ""25-Mar-2026"", ""₹ 3.03(1 Capsule)""]"
CEIL-0033,ceiling,Chlorhexidine,"[""CHLORHEXIDINE""]",solution,,Solution (concentrate for dilution) 5%,[],percent,ml,1,true,0.19,1581(E),25-Mar-2026,,,2026-09-18,usable,,1 ML,"["""", ""33"", ""2015"", ""Chlorhexidine"", ""Solution (concentrate for dilution) 5%"", ""1581(E)"", ""25-Mar-2026"", ""₹ 0.19(1 ML)""]"
CEIL-0034,ceiling,Cloxacillin,"[""CLOXACILLIN""]",tablet,,Tablet 250 mg,[250.0],mg,tablet,1,true,2.20,1581(E),25-Mar-2026,,,2026-09-18,usable,,1 Tablet)( Pack,"["""", ""34"", ""2015"", ""Cloxacillin"", ""Tablet 250 mg"", ""1581(E)"", ""25-Mar-2026"", ""₹ 2.20(1 Tablet)( Pack)""]"
CEIL-0035,ceiling,Cloxacillin,"[""CLOXACILLIN""]",,,Powder 250 mg,[250.0],mg,pack,1,false,5.67,1581(E),25-Mar-2026,,,2026-09-18,usable,,Each Pack,"["""", ""35"", ""2015"", ""Cloxacillin"", ""Powder 250 mg"", ""1581(E)"", ""25-Mar-2026"", ""₹ 5.67(Each Pack)""]"
CEIL-0036,ceiling,Coagulation factor IX,"[""COAGULATION FACTOR IX""]",powder for injection,,Powder For Injection 600 IU,[],none,pack,1,false,15708.08,1581(E),25-Mar-2026,,,2026-09-18,usable,,Each Pack,"["""", ""36"", ""2015"", ""Coagulation factor\nIX"", ""Powder For Injection 600 IU"", ""1581(E)"", ""25-Mar-2026"", ""₹ 15708.08(Each Pack)""]"
CEIL-0037,ceiling,Coagulation factor VIII,"[""COAGULATION FACTOR VIII""]",powder for injection,,Powder For Injection 250 IU,[],none,pack,1,false,4761.81,1581(E),25-Mar-2026,,,2026-09-18,usable,,Each Pack,"["""", ""37"", ""2015"", ""Coagulation factor\nVIII"", ""Powder For Injection 250 IU"", ""1581(E)"", ""25-Mar-2026"", ""₹ 4761.81(Each Pack)""]"
CEIL-0038,ceiling,Coagulation factor VIII,"[""COAGULATION FACTOR VIII""]",powder for injection,,Powder For Injection 500 IU,[],none,pack,1,false,11685.13,1581(E),25-Mar-2026,,,2026-09-18,usable,,Each Pack,"["""", ""38"", ""2015"", ""Coagulation factor\nVIII"", ""Powder For Injection 500 IU"", ""1581(E)"", ""25-Mar-2026"", ""₹ 11685.13(Each Pack)""]"
CEIL-0039,ceiling,Cyclosporine,"[""CYCLOSPORINE""]",injection,,Injection 50 mg/ml,[50.0],concentration,ml,1,true,343.86,1581(E),25-Mar-2026,,,2026-09-18,usable,,1 ML,"["""", ""39"", ""2015"", ""Cyclosporine"", ""Injection 50 mg/ml"", ""1581(E)"", ""25-Mar-2026"", ""₹ 343.86(1 ML)""]"
CEIL-0040,ceiling,Daunorubicin,"[""DAUNORUBICIN""]",powder for injection,,Powder For Injection 20 mg,[20.0],mg,pack,1,false,310.03,1581(E),25-Mar-2026,,,2026-09-18,usable,,Each Pack,"["""", ""40"", ""2015"", ""Daunorubicin"", ""Powder For Injection 20 mg"", ""1581(E)"", ""25-Mar-2026"", ""₹ 310.03(Each Pack)""]"
CEIL-0041,ceiling,Dextran-40,"[""DEXTRAN-40""]",injection,,Injection 10%,[],percent,ml,1,true,1.08,1581(E),25-Mar-2026,,,2026-09-18,usable,,1 ML,"["""", ""41"", ""2015"", ""Dextran-40"", ""Injection 10%"", ""1581(E)"", ""25-Mar-2026"", ""₹ 1.08(1 ML)""]"
CEIL-0042,ceiling,Diazepam,"[""DIAZEPAM""]",oral liquid,,Oral Liquid 2 mg/5ml,[2.0],concentration,ml,1,true,3.48,1581(E),25-Mar-2026,,,2026-09-18,usable,,1 ML,"["""", ""42"", ""2015"", ""Diazepam"", ""Oral Liquid 2 mg/5ml"", ""1581(E)"", ""25-Mar-2026"", ""₹ 3.48(1 ML)""]"
CEIL-0043,ceiling,Diclofenac,"[""DICLOFENAC""]",capsule,,Capsule 50 mg,[50.0],mg,capsule,1,true,0.78,1581(E),25-Mar-2026,,,2026-09-18,usable,,1 Capsule,"["""", ""43"", ""2015"", ""Diclofenac"", ""Capsule 50 mg"", ""1581(E)"", ""25-Mar-2026"", ""₹ 0.78(1 Capsule)""]"
CEIL-0044,ceiling,Dicyclomine,"[""DICYCLOMINE""]",injection,,Injection 10 mg/ml (1ml & 2ml Pack),[10.0],concentration,ml,1,true,0.20,1581(E),25-Mar-2026,,,2026-09-18,usable,,1 ML,"["""", ""44"", ""2015"", ""Dicyclomine"", ""Injection 10 mg/ml (1ml &\n2ml Pack)"", ""1581(E)"", ""25-Mar-2026"", ""₹ 0.20(1 ML)""]"
CEIL-0045,ceiling,Dicyclomine,"[""DICYCLOMINE""]",tablet,,Tablet 10 mg,[10.0],mg,tablet,1,true,0.13,1581(E),25-Mar-2026,,,2026-09-18,usable,,1 Tablet,"["""", ""45"", ""2015"", ""Dicyclomine"", ""Tablet 10 mg"", ""1581(E)"", ""25-Mar-2026"", ""₹ 0.13(1 Tablet)""]"
CEIL-0046,ceiling,Dinoprostone,"[""DINOPROSTONE""]",tablet,,Tablet 0.5 mg,[0.5],mg,tablet,1,true,63.80,1581(E),25-Mar-2026,,,2026-09-18,usable,,1 Tablet,"["""", ""46"", ""2015"", ""Dinoprostone"", ""Tablet 0.5 mg"", ""1581(E)"", ""25-Mar-2026"", ""₹ 63.80(1 Tablet)""]"
CEIL-0047,ceiling,Diphtheria antitoxin,"[""DIPHTHERIA ANTITOXIN""]",injection,,Injection 10000 IU,[],none,pack,1,false,1670.88,1581(E),25-Mar-2026,,,2026-09-18,usable,,Each Pack,"["""", ""47"", ""2015"", ""Diphtheria antitoxin"", ""Injection 10000 IU"", ""1581(E)"", ""25-Mar-2026"", ""₹ 1670.88(Each Pack)""]"
CEIL-0048,ceiling,DPT vaccine,"[""DPT VACCINE""]",,,VACCINE,[],none,ml,0.5,true,18.07,1581(E),25-Mar-2026,,,2026-09-18,usable,,Per 0.5 ml,"["""", ""48"", ""2015"", ""DPT vaccine"", ""VACCINE"", ""1581(E)"", ""25-Mar-2026"", ""₹ 18.07(Per 0.5 ml)""]"
CEIL-0049,ceiling,Drug Eluting Stents (DES) including metallic DES and Bioresorbable Vascular Scaffold (BVS)/ Biodegradable Stents,"[""DRUG ELUTING STENTS (DES) INCLUDING METALLIC DES AND BIORESORBABLE VASCULAR SCAFFOLD (BVS)/ BIODEGRADABLE STENTS""]",device,,DEVICE --,[],none,unit,1,true,39186.03,1587(E),25-Mar-2026,,,2026-09-18,usable,,1 Unit,"["""", ""49"", ""2015"", ""Drug Eluting Stents (DES) including metallic DES and Bioresorbable Vascular  Scaffold (BVS)/ Biodegradable Stents"", ""DEVICE --"", ""1587(E)"", ""25-Mar-2026"", ""₹ 39186.03(1 Unit)""]"
CEIL-0050,ceiling,Ferrous Salt (A) + Folic Acid (B),"[""FERROUS SALT"", ""FOLIC ACID""]",tablet,,Tablet 100 mg elemental iron (A) + 500mcg (B),"[100.0, 0.5]",mg,tablet,1,true,0.28,1581(E),25-Mar-2026,,,2026-09-18,usable,,1 Tablet,"["""", ""50"", ""2015"", ""Ferrous Salt (A) +\nFolic Acid (B)"", ""Tablet 100 mg elemental iron\n(A) + 500mcg (B)"", ""1581(E)"", ""25-Mar-2026"", ""₹ 0.28(1 Tablet)""]"
CEIL-0051,ceiling,Fluconazole,"[""FLUCONAZOLE""]",oral liquid,,Oral Liquid 50 mg/ 5 ml,[50.0],concentration,ml,1,true,3.33,1581(E),25-Mar-2026,,,2026-09-18,usable,,1 ML,"["""", ""51"", ""2015"", ""Fluconazole"", ""Oral Liquid 50 mg/ 5 ml"", ""1581(E)"", ""25-Mar-2026"", ""₹ 3.33(1 ML)""]"
CEIL-0052,ceiling,Gadobenate,"[""GADOBENATE""]",injection,,Injection 529 mg,[529.0],mg,ml,1,true,138.95,1581(E),25-Mar-2026,,,2026-09-18,usable,,1 ML,"["""", ""52"", ""2015"", ""Gadobenate"", ""Injection 529 mg"", ""1581(E)"", ""25-Mar-2026"", ""₹ 138.95(1 ML)""]"
CEIL-0053,ceiling,GENTIAN VIOLET,"[""GENTIAN VIOLET""]",,,PAINT 1 %,[],percent,ml,1,true,0.10,1581(E),25-Mar-2026,,,2026-09-18,usable,,1 ML,"["""", ""53"", ""2015"", ""GENTIAN VIOLET"", ""PAINT 1 %"", ""1581(E)"", ""25-Mar-2026"", ""₹ 0.10(1 ML)""]"
CEIL-0054,ceiling,Glucose,"[""GLUCOSE""]",injection,,Injection 10%,[],percent,ml,500,true,35.81,1581(E),25-Mar-2026,,,2026-09-18,usable,,Each Pack (500 ml))( Pack,"["""", ""54"", ""2015"", ""Glucose"", ""Injection 10%"", ""1581(E)"", ""25-Mar-2026"", ""₹ 35.81(Each Pack (500 ml))( Pack)""]"
CEIL-0055,ceiling,Glucose,"[""GLUCOSE""]",injection,,Injection 5%,[],percent,ml,1,true,0.62,1581(E),25-Mar-2026,,,2026-09-18,usable,,1 ML,"["""", ""55"", ""2015"", ""Glucose"", ""Injection 5%"", ""1581(E)"", ""25-Mar-2026"", ""₹ 0.62(1 ML)""]"
CEIL-0056,ceiling,Glucose,"[""GLUCOSE""]",injection,,Injection 5%,[],percent,ml,1000,true,81.87,1581(E),25-Mar-2026,,,2026-09-18,usable,,1000ml Glass,"["""", ""56"", ""2015"", ""Glucose"", ""Injection 5%"", ""1581(E)"", ""25-Mar-2026"", ""₹ 81.87(1000ml Glass)""]"
CEIL-0057,ceiling,Glucose,"[""GLUCOSE""]",injection,,Injection 5%,[],percent,ml,250,true,28.70,1581(E),25-Mar-2026,,,2026-09-18,usable,,250ml Non-Glass,"["""", ""57"", ""2015"", ""Glucose"", ""Injection 5%"", ""1581(E)"", ""25-Mar-2026"", ""₹ 28.70(250ml Non-Glass)""]"
CEIL-0058,ceiling,Glucose,"[""GLUCOSE""]",injection,,Injection 5%,[],percent,ml,1000,true,66.10,1581(E),25-Mar-2026,,,2026-09-18,usable,,1000ml Non-Glass,"["""", ""58"", ""2015"", ""Glucose"", ""Injection 5%"", ""1581(E)"", ""25-Mar-2026"", ""₹ 66.10(1000ml Non-Glass)""]"
CEIL-0059,ceiling,Glucose,"[""GLUCOSE""]",injection,,Injection 5%,[],percent,ml,500,true,45.08,1581(E),25-Mar-2026,,,2026-09-18,usable,,500ml Glass,"["""", ""59"", ""2015"", ""Glucose"", ""Injection 5%"", ""1581(E)"", ""25-Mar-2026"", ""₹ 45.08(500ml Glass)""]"
CEIL-0060,ceiling,Glucose,"[""GLUCOSE""]",injection,,Injection 5%,[],percent,ml,100,true,22.99,1581(E),25-Mar-2026,,,2026-09-18,usable,,100ml Glass,"["""", ""60"", ""2015"", ""Glucose"", ""Injection 5%"", ""1581(E)"", ""25-Mar-2026"", ""₹ 22.99(100ml Glass)""]"
CEIL-0061,ceiling,Glucose,"[""GLUCOSE""]",injection,,Injection 5%,[],percent,ml,100,true,20.80,1581(E),25-Mar-2026,,,2026-09-18,usable,,100ml Non-Glass,"["""", ""61"", ""2015"", ""Glucose"", ""Injection 5%"", ""1581(E)"", ""25-Mar-2026"", ""₹ 20.80(100ml Non-Glass)""]"
CEIL-0062,ceiling,Glucose,"[""GLUCOSE""]",injection,,Injection 10%,[],percent,ml,1000,true,32.93,1581(E),25-Mar-2026,,,2026-09-18,usable,,Each Pack (1000 ml))( Pack,"["""", ""62"", ""2015"", ""Glucose"", ""Injection 10%"", ""1581(E)"", ""25-Mar-2026"", ""₹ 32.93(Each Pack (1000 ml))( Pack)""]"
CEIL-0063,ceiling,Glucose,"[""GLUCOSE""]",injection,,Injection 5%,[],percent,ml,500,true,38.89,1581(E),25-Mar-2026,,,2026-09-18,usable,,500ml Non-Glass,"["""", ""63"", ""2015"", ""Glucose"", ""Injection 5%"", ""1581(E)"", ""25-Mar-2026"", ""₹ 38.89(500ml Non-Glass)""]"
CEIL-0064,ceiling,Glucose,"[""GLUCOSE""]",injection,,Injection 5%,[],percent,ml,250,true,31.75,1581(E),25-Mar-2026,,,2026-09-18,usable,,250ml Glass,"["""", ""64"", ""2015"", ""Glucose"", ""Injection 5%"", ""1581(E)"", ""25-Mar-2026"", ""₹ 31.75(250ml Glass)""]"
CEIL-0065,ceiling,Glucose (A) + Sodium Chloride (B),"[""GLUCOSE"", ""SODIUM CHLORIDE""]",injection,,Injection 5% (A) + 0.9% (B),[],percent,ml,250,true,31.89,1581(E),25-Mar-2026,,,2026-09-18,usable,,250ml Glass,"["""", ""65"", ""2015"", ""Glucose (A) +\nSodium Chloride (B)"", ""Injection 5% (A) + 0.9% (B)"", ""1581(E)"", ""25-Mar-2026"", ""₹ 31.89(250ml Glass)""]"
CEIL-0066,ceiling,Glucose (A) + Sodium Chloride (B),"[""GLUCOSE"", ""SODIUM CHLORIDE""]",injection,,Injection 5% (A) + 0.9% (B),[],percent,ml,1000,true,82.41,1581(E),25-Mar-2026,,,2026-09-18,usable,,1000ml Glass,"["""", ""66"", ""2015"", ""Glucose (A) +\nSodium Chloride (B)"", ""Injection 5% (A) + 0.9% (B)"", ""1581(E)"", ""25-Mar-2026"", ""₹ 82.41(1000ml Glass)""]"
CEIL-0067,ceiling,Glucose (A) + Sodium Chloride (B),"[""GLUCOSE"", ""SODIUM CHLORIDE""]",injection,,Injection 5% (A) + 0.9% (B),[],percent,ml,1000,true,66.59,1581(E),25-Mar-2026,,,2026-09-18,usable,,1000ml Non-Glass,"["""", ""67"", ""2015"", ""Glucose (A) +\nSodium Chloride (B)"", ""Injection 5% (A) + 0.9% (B)"", ""1581(E)"", ""25-Mar-2026"", ""₹ 66.59(1000ml Non-Glass)""]"
CEIL-0068,ceiling,Glucose (A) + Sodium Chloride (B),"[""GLUCOSE"", ""SODIUM CHLORIDE""]",injection,,Injection 5% (A) + 0.9% (B),[],percent,ml,100,true,23.04,1581(E),25-Mar-2026,,,2026-09-18,usable,,100ml Glass,"["""", ""68"", ""2015"", ""Glucose (A) +\nSodium Chloride (B)"", ""Injection 5% (A) + 0.9% (B)"", ""1581(E)"", ""25-Mar-2026"", ""₹ 23.04(100ml Glass)""]"
CEIL-0069,ceiling,Glucose (A) + Sodium Chloride (B),"[""GLUCOSE"", ""SODIUM CHLORIDE""]",injection,,Injection 5% (A) + 0.9% (B),[],percent,ml,500,true,39.12,1581(E),25-Mar-2026,,,2026-09-18,usable,,500ml Non-Glass,"["""", ""69"", ""2015"", ""Glucose (A) +\nSodium Chloride (B)"", ""Injection 5% (A) + 0.9% (B)"", ""1581(E)"", ""25-Mar-2026"", ""₹ 39.12(500ml Non-Glass)""]"
CEIL-0070,ceiling,Glucose (A) + Sodium Chloride (B),"[""GLUCOSE"", ""SODIUM CHLORIDE""]",injection,,Injection 5% (A) + 0.9% (B),[],percent,ml,500,true,45.29,1581(E),25-Mar-2026,,,2026-09-18,usable,,500ml Glass,"["""", ""70"", ""2015"", ""Glucose (A) +\nSodium Chloride (B)"", ""Injection 5% (A) + 0.9% (B)"", ""1581(E)"", ""25-Mar-2026"", ""₹ 45.29(500ml Glass)""]"
CEIL-0071,ceiling,Glucose (A) + Sodium Chloride (B),"[""GLUCOSE"", ""SODIUM CHLORIDE""]",injection,,Injection 5% (A) + 0.9% (B),[],percent,ml,250,true,28.80,1581(E),25-Mar-2026,,,2026-09-18,usable,,250ml Non-Glass,"["""", ""71"", ""2015"", ""Glucose (A) +\nSodium Chloride (B)"", ""Injection 5% (A) + 0.9% (B)"", ""1581(E)"", ""25-Mar-2026"", ""₹ 28.80(250ml Non-Glass)""]"
CEIL-0072,ceiling,Glucose (A) + Sodium Chloride (B),"[""GLUCOSE"", ""SODIUM CHLORIDE""]",injection,,Injection 5% (A) + 0.9% (B),[],percent,ml,100,true,20.82,1581(E),25-Mar-2026,,,2026-09-18,usable,,100ml Non-Glass,"["""", ""72"", ""2015"", ""Glucose (A) +\nSodium Chloride (B)"", ""Injection 5% (A) + 0.9% (B)"", ""1581(E)"", ""25-Mar-2026"", ""₹ 20.82(100ml Non-Glass)""]"
CEIL-0073,ceiling,Glutaraldehyde,"[""GLUTARALDEHYDE""]",solution,,Solution 2%,[],percent,ml,1,true,0.08,1581(E),25-Mar-2026,,,2026-09-18,usable,,1 ML,"["""", ""73"", ""2015"", ""Glutaraldehyde"", ""Solution 2%"", ""1581(E)"", ""25-Mar-2026"", ""₹ 0.08(1 ML)""]"
CEIL-0074,ceiling,Griseofulvin,"[""GRISEOFULVIN""]",tablet,,Tablet 125 mg,[125.0],mg,tablet,1,true,1.05,1581(E),25-Mar-2026,,,2026-09-18,usable,,1 Tablet,"["""", ""74"", ""2015"", ""Griseofulvin"", ""Tablet 125 mg"", ""1581(E)"", ""25-Mar-2026"", ""₹ 1.05(1 Tablet)""]"
CEIL-0075,ceiling,Griseofulvin,"[""GRISEOFULVIN""]",tablet,,Tablet 375 mg,[375.0],mg,tablet,1,true,5.48,1581(E),25-Mar-2026,,,2026-09-18,usable,,1 Tablet,"["""", ""75"", ""2015"", ""Griseofulvin"", ""Tablet 375 mg"", ""1581(E)"", ""25-Mar-2026"", ""₹ 5.48(1 Tablet)""]"
CEIL-0076,ceiling,Haemodialysis fluid,"[""HAEMODIALYSIS FLUID""]",,,As Licensed --,[],none,ml,1,true,0.04,1581(E),25-Mar-2026,,,2026-09-18,usable,,1 ML,"["""", ""76"", ""2015"", ""Haemodialysis fluid"", ""As Licensed --"", ""1581(E)"", ""25-Mar-2026"", ""₹ 0.04(1 ML)""]"
CEIL-0077,ceiling,Hydrochlorothiazide,"[""HYDROCHLOROTHIAZIDE""]",tablet,,Tablet 50 mg,[50.0],mg,tablet,1,true,0.10,1581(E),25-Mar-2026,,,2026-09-18,usable,,1 Tablet,"["""", ""77"", ""2015"", ""Hydrochlorothiazide"", ""Tablet 50 mg"", ""1581(E)"", ""25-Mar-2026"", ""₹ 0.10(1 Tablet)""]"
CEIL-0078,ceiling,Hydrogen peroxide,"[""HYDROGEN PEROXIDE""]",solution,,Solution 6%,[],percent,ml,1,true,0.04,1581(E),25-Mar-2026,,,2026-09-18,usable,,1 ML,"["""", ""78"", ""2015"", ""Hydrogen peroxide"", ""Solution 6%"", ""1581(E)"", ""25-Mar-2026"", ""₹ 0.04(1 ML)""]"
CEIL-0079,ceiling,HYDROXOCOBALAMIN,"[""HYDROXOCOBALAMIN""]",injection,,INJECTION 1 mg/ml,[1.0],concentration,ml,1,true,12.60,1581(E),25-Mar-2026,,,2026-09-18,usable,,1 ML,"["""", ""79"", ""2015"", ""HYDROXOCOBALAMIN"", ""INJECTION 1 mg/ml"", ""1581(E)"", ""25-Mar-2026"", ""₹ 12.60(1 ML)""]"
CEIL-0080,ceiling,Ibuprofen,"[""IBUPROFEN""]",capsule,,Capsule 200 mg,[200.0],mg,capsule,1,true,3.41,1581(E),25-Mar-2026,,,2026-09-18,usable,,1 Capsule,"["""", ""80"", ""2015"", ""Ibuprofen"", ""Capsule 200 mg"", ""1581(E)"", ""25-Mar-2026"", ""₹ 3.41(1 Capsule)""]"
CEIL-0081,ceiling,Imatinib,"[""IMATINIB""]",capsule,,Capsule 400 mg,[400.0],mg,capsule,1,true,325.64,1581(E),25-Mar-2026,,,2026-09-18,usable,,1 Capsule,"["""", ""81"", ""2015"", ""Imatinib"", ""Capsule 400 mg"", ""1581(E)"", ""25-Mar-2026"", ""₹ 325.64(1 Capsule)""]"
CEIL-0082,ceiling,Ipratropium,"[""IPRATROPIUM""]",inhalation,,Inhalation 20 MCG,[0.02],mg,dose,1,true,0.78,1581(E),25-Mar-2026,,,2026-09-18,usable,,1 Dose,"["""", ""82"", ""2015"", ""Ipratropium"", ""Inhalation 20 MCG"", ""1581(E)"", ""25-Mar-2026"", ""₹ 0.78(1 Dose)""]"
CEIL-0083,ceiling,Ketamine,"[""KETAMINE""]",injection,,Injection 10 mg,[10.0],mg,ml,1,true,13.51,1581(E),25-Mar-2026,,,2026-09-18,usable,,1 ML,"["""", ""83"", ""2015"", ""Ketamine"", ""Injection 10 mg"", ""1581(E)"", ""25-Mar-2026"", ""₹ 13.51(1 ML)""]"
CEIL-0084,ceiling,Levonorgestrel,"[""LEVONORGESTREL""]",tablet,,Tablet 0.75 mg,[0.75],mg,tablet,1,true,29.34,1581(E),25-Mar-2026,,,2026-09-18,usable,,1 Tablet,"["""", ""84"", ""2015"", ""Levonorgestrel"", ""Tablet 0.75 mg"", ""1581(E)"", ""25-Mar-2026"", ""₹ 29.34(1 Tablet)""]"
CEIL-0085,ceiling,Levothyroxine,"[""LEVOTHYROXINE""]",tablet,,Tablet 37.5 mcg,[0.0375],mg,tablet,1,true,1.51,1581(E),25-Mar-2026,,,2026-09-18,usable,,1 Tablet,"["""", ""85"", ""2015"", ""Levothyroxine"", ""Tablet 37.5 mcg"", ""1581(E)"", ""25-Mar-2026"", ""₹ 1.51(1 Tablet)""]"
CEIL-0086,ceiling,Lignocaine (A)+Adrenaline (B),"[""ADRENALINE"", ""LIGNOCAINE""]",injection,,Injection 1% (A) + 1:200000 (5 mcg/ml) (B),[0.005],concentration,ml,1,true,0.57,1581(E),25-Mar-2026,,,2026-09-18,usable,,1 ML,"["""", ""86"", ""2015"", ""Lignocaine (A)+Adrenaline (B)"", ""Injection 1% (A) + 1:200000\n(5 mcg/ml) (B)"", ""1581(E)"", ""25-Mar-2026"", ""₹ 0.57(1 ML)""]"
CEIL-0087,ceiling,Lopinavir (A)+Ritonavir (B),"[""LOPINAVIR"", ""RITONAVIR""]",tablet,,Tablet 100/25 mg,[25.0],mg,tablet,1,true,29.98,1581(E),25-Mar-2026,,,2026-09-18,usable,,1 Tablet,"["""", ""87"", ""2015"", ""Lopinavir (A)+Ritonavir (B)"", ""Tablet 100/25 mg"", ""1581(E)"", ""25-Mar-2026"", ""₹ 29.98(1 Tablet)""]"
CEIL-0088,ceiling,Methotrexate,"[""METHOTREXATE""]",injection,,Injection 50 mg/ml,[50.0],concentration,ml,1,true,51.06,1581(E),25-Mar-2026,,,2026-09-18,usable,,1 ML,"["""", ""88"", ""2015"", ""Methotrexate"", ""Injection 50 mg/ml"", ""1581(E)"", ""25-Mar-2026"", ""₹ 51.06(1 ML)""]"
CEIL-0089,ceiling,Methylthioninium chloride (Methylene blue),"[""METHYLTHIONINIUM CHLORIDE (METHYLENE BLUE)""]",injection,,Injection 10 mg/ml,[10.0],concentration,ml,1,true,27.78,1581(E),25-Mar-2026,,,2026-09-18,usable,,1 ML,"["""", ""89"", ""2015"", ""Methylthioninium chloride (Methylene blue)"", ""Injection 10 mg/ml"", ""1581(E)"", ""25-Mar-2026"", ""₹ 27.78(1 ML)""]"
CEIL-0090,ceiling,Midazolam,"[""MIDAZOLAM""]",tablet,,Tablet 7.5 mg,[7.5],mg,tablet,1,true,28.61,1581(E),25-Mar-2026,,,2026-09-18,usable,,1 Tablet,"["""", ""90"", ""2015"", ""Midazolam"", ""Tablet 7.5 mg"", ""1581(E)"", ""25-Mar-2026"", ""₹ 28.61(1 Tablet)""]"
CEIL-0091,ceiling,Morphine,"[""MORPHINE""]",tablet,sustained_release,SR Tablet 30 mg,[30.0],mg,tablet,1,true,6.94,1581(E),25-Mar-2026,,,2026-09-18,usable,,1 Tablet,"["""", ""91"", ""2015"", ""Morphine"", ""SR Tablet 30 mg"", ""1581(E)"", ""25-Mar-2026"", ""₹ 6.94(1 Tablet)""]"
CEIL-0092,ceiling,Morphine,"[""MORPHINE""]",tablet,,Tablet 10 mg,[10.0],mg,tablet,1,true,6.79,1581(E),25-Mar-2026,,,2026-09-18,usable,,1 Tablet,"["""", ""92"", ""2015"", ""Morphine"", ""Tablet 10 mg"", ""1581(E)"", ""25-Mar-2026"", ""₹ 6.79(1 Tablet)""]"
CEIL-0093,ceiling,N-ACETYLCYSTEINE,"[""N-ACETYLCYSTEINE""]",,,SACHET 200 mg,[200.0],mg,gm,1,true,11.46,1581(E),25-Mar-2026,,,2026-09-18,usable,,1 GM,"["""", ""93"", ""2015"", ""N-ACETYLCYSTEINE"", ""SACHET 200 mg"", ""1581(E)"", ""25-Mar-2026"", ""₹ 11.46(1 GM)""]"
CEIL-0094,ceiling,Nevirapine,"[""NEVIRAPINE""]",oral liquid,,Oral Liquid 50 mg/5 ml,[50.0],concentration,ml,1,true,1.07,1581(E),25-Mar-2026,,,2026-09-18,usable,,1 ML,"["""", ""94"", ""2015"", ""Nevirapine"", ""Oral Liquid 50 mg/5 ml"", ""1581(E)"", ""25-Mar-2026"", ""₹ 1.07(1 ML)""]"
CEIL-0095,ceiling,Omeprazole,"[""OMEPRAZOLE""]",tablet,,Tablet 10 mg,[10.0],mg,tablet,1,true,5.66,1581(E),25-Mar-2026,,,2026-09-18,usable,,1 Tablet,"["""", ""95"", ""2015"", ""Omeprazole"", ""Tablet 10 mg"", ""1581(E)"", ""25-Mar-2026"", ""₹ 5.66(1 Tablet)""]"
CEIL-0096,ceiling,Oral poliomyelitis,"[""ORAL POLIOMYELITIS""]",,,Vaccine --,[],none,ml,1,true,130.73,1581(E),25-Mar-2026,,,2026-09-18,usable,,1 ML,"["""", ""96"", ""2015"", ""Oral poliomyelitis"", ""Vaccine --"", ""1581(E)"", ""25-Mar-2026"", ""₹ 130.73(1 ML)""]"
CEIL-0097,ceiling,Para-aminosalicylic acid,"[""PARA-AMINOSALICYLIC ACID""]",,,Granules --,[],none,gm,1,true,3.62,1581(E),25-Mar-2026,,,2026-09-18,usable,,1 GM,"["""", ""97"", ""2015"", ""Para-aminosalicylic acid"", ""Granules --"", ""1581(E)"", ""25-Mar-2026"", ""₹ 3.62(1 GM)""]"
CEIL-0098,ceiling,Paracetamol,"[""PARACETAMOL""]",injection,,Injection 150 mg,[150.0],mg,ml,7,true,22.60,1581(E),25-Mar-2026,,,2026-09-18,usable,,Each Pack (7 ml),"["""", ""98"", ""2015"", ""Paracetamol"", ""Injection 150 mg"", ""1581(E)"", ""25-Mar-2026"", ""₹ 22.60(Each Pack (7 ml))""]"
CEIL-0099,ceiling,Paracetamol,"[""PARACETAMOL""]",injection,,Injection 150 mg,[150.0],mg,ml,0.5,true,3.92,1581(E),25-Mar-2026,,,2026-09-18,usable,,Each Pack (0.5ml),"["""", ""99"", ""2015"", ""Paracetamol"", ""Injection 150 mg"", ""1581(E)"", ""25-Mar-2026"", ""₹ 3.92(Each Pack (0.5ml))""]"
CEIL-0100,ceiling,Paracetamol,"[""PARACETAMOL""]",injection,,Injection 150 mg,[150.0],mg,ml,1,true,5.34,1581(E),25-Mar-2026,,,2026-09-18,usable,,Each Pack (1 ml),"["""", ""100"", ""2015"", ""Paracetamol"", ""Injection 150 mg"", ""1581(E)"", ""25-Mar-2026"", ""₹ 5.34(Each Pack (1 ml))""]"
CEIL-0101,ceiling,Paracetamol,"[""PARACETAMOL""]",injection,,Injection 150 mg,[150.0],mg,ml,3,true,11.10,1581(E),25-Mar-2026,,,2026-09-18,usable,,Each Pack (3 ml),"["""", ""101"", ""2015"", ""Paracetamol"", ""Injection 150 mg"", ""1581(E)"", ""25-Mar-2026"", ""₹ 11.10(Each Pack (3 ml))""]"
CEIL-0102,ceiling,Paracetamol,"[""PARACETAMOL""]",injection,,Injection 150 mg,[150.0],mg,ml,4,true,13.98,1581(E),25-Mar-2026,,,2026-09-18,usable,,Each Pack (4 ml),"["""", ""102"", ""2015"", ""Paracetamol"", ""Injection 150 mg"", ""1581(E)"", ""25-Mar-2026"", ""₹ 13.98(Each Pack (4 ml))""]"
CEIL-0103,ceiling,Paracetamol,"[""PARACETAMOL""]",injection,,Injection 150 mg,[150.0],mg,ml,5,true,16.86,1581(E),25-Mar-2026,,,2026-09-18,usable,,Each Pack (5 ml),"["""", ""103"", ""2015"", ""Paracetamol"", ""Injection 150 mg"", ""1581(E)"", ""25-Mar-2026"", ""₹ 16.86(Each Pack (5 ml))""]"
CEIL-0104,ceiling,Penicillamine,"[""PENICILLAMINE""]",capsule,,Capsule 250 mg,[250.0],mg,capsule,1,true,18.94,1581(E),25-Mar-2026,,,2026-09-18,usable,,1 Capsule)( Pack,"["""", ""104"", ""2015"", ""Penicillamine"", ""Capsule 250 mg"", ""1581(E)"", ""25-Mar-2026"", ""₹ 18.94(1 Capsule)( Pack)""]"
CEIL-0105,ceiling,PHENYLEPHRINE,"[""PHENYLEPHRINE""]",drops,,DROPS 10 %,[],percent,ml,1,true,10.31,1581(E),25-Mar-2026,,,2026-09-18,usable,,1 ML,"["""", ""105"", ""2015"", ""PHENYLEPHRINE"", ""DROPS 10 %"", ""1581(E)"", ""25-Mar-2026"", ""₹ 10.31(1 ML)""]"
CEIL-0106,ceiling,PHENYLEPHRINE,"[""PHENYLEPHRINE""]",drops,,DROPS 5 %,[],percent,ml,1,true,4.75,1581(E),25-Mar-2026,,,2026-09-18,usable,,1 ML,"["""", ""106"", ""2015"", ""PHENYLEPHRINE"", ""DROPS 5 %"", ""1581(E)"", ""25-Mar-2026"", ""₹ 4.75(1 ML)""]"
CEIL-0107,ceiling,Phenytoin,"[""PHENYTOIN""]",injection,,Injection 25 mg,[25.0],mg,ml,1,true,3.20,1581(E),25-Mar-2026,,,2026-09-18,usable,,1 ML,"["""", ""107"", ""2015"", ""Phenytoin"", ""Injection 25 mg"", ""1581(E)"", ""25-Mar-2026"", ""₹ 3.20(1 ML)""]"
CEIL-0108,ceiling,PHENYTOIN,"[""PHENYTOIN""]",capsule,extended_release,ER Capsule 300 mg,[300.0],mg,capsule,1,true,4.85,1581(E),25-Mar-2026,,,2026-09-18,usable,,1 Capsule,"["""", ""108"", ""2015"", ""PHENYTOIN"", ""ER Capsule 300 mg"", ""1581(E)"", ""25-Mar-2026"", ""₹ 4.85(1 Capsule)""]"
CEIL-0109,ceiling,Pilocarpine,"[""PILOCARPINE""]",drops,,DROPS 4%,[],percent,ml,1,true,14.89,1581(E),25-Mar-2026,,,2026-09-18,usable,,1 ML,"["""", ""109"", ""2015"", ""Pilocarpine"", ""DROPS 4%"", ""1581(E)"", ""25-Mar-2026"", ""₹ 14.89(1 ML)""]"
CEIL-0110,ceiling,Potassium permanganate,"[""POTASSIUM PERMANGANATE""]",solution,,Crystal for topical solution --,[],none,gm,1,true,0.56,1581(E),25-Mar-2026,,,2026-09-18,usable,,1 GM,"["""", ""110"", ""2015"", ""Potassium permanganate"", ""Crystal for topical solution --"", ""1581(E)"", ""25-Mar-2026"", ""₹ 0.56(1 GM)""]"
CEIL-0111,ceiling,Povidone iodine,"[""POVIDONE IODINE""]",,,Scrub 7.50%,[],percent,ml,1,true,2.04,1581(E),25-Mar-2026,,,2026-09-18,usable,,1 ML,"["""", ""111"", ""2015"", ""Povidone iodine"", ""Scrub 7.50%"", ""1581(E)"", ""25-Mar-2026"", ""₹ 2.04(1 ML)""]"
CEIL-0112,ceiling,Praziquantel,"[""PRAZIQUANTEL""]",tablet,,Tablet 600 mg,[600.0],mg,tablet,1,true,44.29,1581(E),25-Mar-2026,,,2026-09-18,usable,,1 Tablet,"["""", ""112"", ""2015"", ""Praziquantel"", ""Tablet 600 mg"", ""1581(E)"", ""25-Mar-2026"", ""₹ 44.29(1 Tablet)""]"
CEIL-0113,ceiling,Prednisolone,"[""PREDNISOLONE""]",injection,,Injection 20 mg/ 2 ml,[20.0],concentration,ml,1,true,4.57,1581(E),25-Mar-2026,,,2026-09-18,usable,,1 ML,"["""", ""113"", ""2015"", ""Prednisolone"", ""Injection 20 mg/ 2 ml"", ""1581(E)"", ""25-Mar-2026"", ""₹ 4.57(1 ML)""]"
CEIL-0114,ceiling,Pyrazinamide,"[""PYRAZINAMIDE""]",oral liquid,,Oral Liquid 250 mg/ 5 ml,[250.0],concentration,ml,1,true,0.78,1581(E),25-Mar-2026,,,2026-09-18,usable,,1 ML,"["""", ""114"", ""2015"", ""Pyrazinamide"", ""Oral Liquid 250 mg/ 5 ml"", ""1581(E)"", ""25-Mar-2026"", ""₹ 0.78(1 ML)""]"
CEIL-0115,ceiling,RIFAMPICIN,"[""RIFAMPICIN""]",tablet,,TABLET 150 MG,[150.0],mg,tablet,1,true,2.05,1581(E),25-Mar-2026,,,2026-09-18,usable,,1 Tablet)( Pack,"["""", ""115"", ""2015"", ""RIFAMPICIN"", ""TABLET 150 MG"", ""1581(E)"", ""25-Mar-2026"", ""₹ 2.05(1 Tablet)( Pack)""]"
CEIL-0116,ceiling,Ringer Lactate,"[""RINGER LACTATE""]",injection,,Injection 500 ml,[],none,ml,500,true,57.85,1581(E),25-Mar-2026,,,2026-09-18,usable,,Each Pack,"["""", ""116"", ""2015"", ""Ringer Lactate"", ""Injection 500 ml"", ""1581(E)"", ""25-Mar-2026"", ""₹ 57.85(Each Pack)""]"
CEIL-0117,ceiling,Ringer Lactate,"[""RINGER LACTATE""]",injection,,Injection 100 ml,[],none,ml,100,true,26.62,1581(E),25-Mar-2026,,,2026-09-18,usable,,Each Pack,"["""", ""117"", ""2015"", ""Ringer Lactate"", ""Injection 100 ml"", ""1581(E)"", ""25-Mar-2026"", ""₹ 26.62(Each Pack)""]"
CEIL-0118,ceiling,Ringer Lactate,"[""RINGER LACTATE""]",injection,,Injection 250 ml,[],none,ml,250,true,45.39,1581(E),25-Mar-2026,,,2026-09-18,usable,,Each Pack,"["""", ""118"", ""2015"", ""Ringer Lactate"", ""Injection 250 ml"", ""1581(E)"", ""25-Mar-2026"", ""₹ 45.39(Each Pack)""]"
CEIL-0119,ceiling,Ringer Lactate,"[""RINGER LACTATE""]",injection,,Injection 1000 ml,[],none,ml,1000,true,101.71,1581(E),25-Mar-2026,,,2026-09-18,usable,,Each Pack,"["""", ""119"", ""2015"", ""Ringer Lactate"", ""Injection 1000 ml"", ""1581(E)"", ""25-Mar-2026"", ""₹ 101.71(Each Pack)""]"
CEIL-0120,ceiling,Ritonavir,"[""RITONAVIR""]",capsule,,Capsule 100 mg,[100.0],mg,capsule,1,true,35.98,1581(E),25-Mar-2026,,,2026-09-18,usable,,1 Capsule,"["""", ""120"", ""2015"", ""Ritonavir"", ""Capsule 100 mg"", ""1581(E)"", ""25-Mar-2026"", ""₹ 35.98(1 Capsule)""]"
CEIL-0121,ceiling,SALBUTAMOL,"[""SALBUTAMOL""]",capsule,,CAPSULE 4 mg,[4.0],mg,capsule,1,true,0.75,1581(E),25-Mar-2026,,,2026-09-18,usable,,1 Capsule,"["""", ""121"", ""2015"", ""SALBUTAMOL"", ""CAPSULE 4 mg"", ""1581(E)"", ""25-Mar-2026"", ""₹ 0.75(1 Capsule)""]"
CEIL-0122,ceiling,Silver Sulphadiazine,"[""SILVER SULPHADIAZINE""]",cream,,Cream 1%,[],percent,gm,1,true,0.64,1581(E),25-Mar-2026,,,2026-09-18,usable,,1 GM,"["""", ""122"", ""2015"", ""Silver Sulphadiazine"", ""Cream 1%"", ""1581(E)"", ""25-Mar-2026"", ""₹ 0.64(1 GM)""]"
CEIL-0123,ceiling,Sodium chloride,"[""SODIUM CHLORIDE""]",injection,,Injection 0.90%,[],percent,ml,250,true,30.17,1581(E),25-Mar-2026,,,2026-09-18,usable,,250ml Glass,"["""", ""123"", ""2015"", ""Sodium chloride"", ""Injection 0.90%"", ""1581(E)"", ""25-Mar-2026"", ""₹ 30.17(250ml Glass)""]"
CEIL-0124,ceiling,Sodium chloride,"[""SODIUM CHLORIDE""]",injection,,Injection 0.90%,[],percent,ml,1000,true,75.66,1581(E),25-Mar-2026,,,2026-09-18,usable,,1000ml Glass,"["""", ""124"", ""2015"", ""Sodium chloride"", ""Injection 0.90%"", ""1581(E)"", ""25-Mar-2026"", ""₹ 75.66(1000ml Glass)""]"
CEIL-0125,ceiling,Sodium chloride,"[""SODIUM CHLORIDE""]",injection,,Injection 0.90%,[],percent,ml,250,true,27.08,1581(E),25-Mar-2026,,,2026-09-18,usable,,250ml Non-Glass,"["""", ""125"", ""2015"", ""Sodium chloride"", ""Injection 0.90%"", ""1581(E)"", ""25-Mar-2026"", ""₹ 27.08(250ml Non-Glass)""]"
CEIL-0126,ceiling,Sodium chloride,"[""SODIUM CHLORIDE""]",injection,,Injection 0.90%,[],percent,ml,100,true,20.15,1581(E),25-Mar-2026,,,2026-09-18,usable,,100ml Non-Glass,"["""", ""126"", ""2015"", ""Sodium chloride"", ""Injection 0.90%"", ""1581(E)"", ""25-Mar-2026"", ""₹ 20.15(100ml Non-Glass)""]"
CEIL-0127,ceiling,Sodium chloride,"[""SODIUM CHLORIDE""]",injection,,Injection 0.90%,[],percent,ml,100,true,22.36,1581(E),25-Mar-2026,,,2026-09-18,usable,,100ml Glass,"["""", ""127"", ""2015"", ""Sodium chloride"", ""Injection 0.90%"", ""1581(E)"", ""25-Mar-2026"", ""₹ 22.36(100ml Glass)""]"
CEIL-0128,ceiling,Sodium chloride,"[""SODIUM CHLORIDE""]",injection,,Injection 0.90%,[],percent,ml,500,true,41.95,1581(E),25-Mar-2026,,,2026-09-18,usable,,500ml Glass,"["""", ""128"", ""2015"", ""Sodium chloride"", ""Injection 0.90%"", ""1581(E)"", ""25-Mar-2026"", ""₹ 41.95(500ml Glass)""]"
CEIL-0129,ceiling,Sodium chloride,"[""SODIUM CHLORIDE""]",injection,,Injection 0.90%,[],percent,ml,1000,true,59.67,1581(E),25-Mar-2026,,,2026-09-18,usable,,1000ml Non-Glass,"["""", ""129"", ""2015"", ""Sodium chloride"", ""Injection 0.90%"", ""1581(E)"", ""25-Mar-2026"", ""₹ 59.67(1000ml Non-Glass)""]"
CEIL-0130,ceiling,Sodium chloride,"[""SODIUM CHLORIDE""]",injection,,Injection 0.90%,[],percent,ml,500,true,35.71,1581(E),25-Mar-2026,,,2026-09-18,usable,,500ml Non-Glass,"["""", ""130"", ""2015"", ""Sodium chloride"", ""Injection 0.90%"", ""1581(E)"", ""25-Mar-2026"", ""₹ 35.71(500ml Non-Glass)""]"
CEIL-0131,ceiling,Sodium nitrite,"[""SODIUM NITRITE""]",injection,,Injection 30 mg,[30.0],mg,ml,1,true,33.12,1581(E),25-Mar-2026,,,2026-09-18,usable,,1 ML,"["""", ""131"", ""2015"", ""Sodium nitrite"", ""Injection 30 mg"", ""1581(E)"", ""25-Mar-2026"", ""₹ 33.12(1 ML)""]"
CEIL-0132,ceiling,Streptokinase,"[""STREPTOKINASE""]",injection,,Injection 750000 IU,[],none,pack,1,false,1605.06,1581(E),25-Mar-2026,,,2026-09-18,usable,,Each Pack,"["""", ""132"", ""2015"", ""Streptokinase"", ""Injection 750000 IU"", ""1581(E)"", ""25-Mar-2026"", ""₹ 1605.06(Each Pack)""]"
CEIL-0133,ceiling,TD Vaccine,"[""TD VACCINE""]",,,Each dose of 0.5ml contains: Diphtheria Toxoid ?5Lf (? 2IU) Tetanus Toxoid ? 5Lf (? 40IU) 5 LF,[],none,ml,0.5,true,23.89,1581(E),25-Mar-2026,,,2026-09-18,usable,,Each Pack (0.5ml),"["""", ""133"", ""2015"", ""TD Vaccine"", ""Each dose of 0.5ml contains:\nDiphtheria Toxoid ?5Lf (?\n2IU) Tetanus Toxoid ? 5Lf (?\n40IU) 5 LF"", ""1581(E)"", ""25-Mar-2026"", ""₹ 23.89(Each Pack (0.5ml))""]"
CEIL-0134,ceiling,TD Vaccine,"[""TD VACCINE""]",,,Each dose of 0.5ml contains: Diphtheria Toxoid ?25Lf (? 30IU) Tetanus Toxoid ? 5Lf (? 40IU) 25 LF,[],none,ml,0.5,true,20.48,1581(E),25-Mar-2026,,,2026-09-18,usable,,Each Pack (0.5ml),"["""", ""134"", ""2015"", ""TD Vaccine"", ""Each dose of 0.5ml contains:\nDiphtheria Toxoid ?25Lf (?\n30IU) Tetanus Toxoid ? 5Lf\n(? 40IU) 25 LF"", ""1581(E)"", ""25-Mar-2026"", ""₹ 20.48(Each Pack (0.5ml))""]"
CEIL-0135,ceiling,TD Vaccine,"[""TD VACCINE""]",,,Each dose of 0.5ml contains: Diphtheria Toxoid ?5Lf (? 2IU) Tetanus Toxoid ? 5Lf (? 40IU) 5 LF,[],none,ml,5,true,224.52,1581(E),25-Mar-2026,,,2026-09-18,usable,,Each Pack (5 ml),"["""", ""135"", ""2015"", ""TD Vaccine"", ""Each dose of 0.5ml contains:\nDiphtheria Toxoid ?5Lf (?\n2IU) Tetanus Toxoid ? 5Lf (?\n40IU) 5 LF"", ""1581(E)"", ""25-Mar-2026"", ""₹ 224.52(Each Pack (5 ml))""]"
CEIL-0136,ceiling,Temozolomide,"[""TEMOZOLOMIDE""]",tablet,,Tablet 100 mg,[100.0],mg,tablet,1,true,1971.83,1581(E),25-Mar-2026,,,2026-09-18,usable,,1 Tablet,"["""", ""136"", ""2015"", ""Temozolomide"", ""Tablet 100 mg"", ""1581(E)"", ""25-Mar-2026"", ""₹ 1971.83(1 Tablet)""]"
CEIL-0137,ceiling,Timolol,"[""TIMOLOL""]",drops,,Drops 0.25%,[],percent,ml,1,true,6.59,1581(E),25-Mar-2026,,,2026-09-18,usable,,1 ML,"["""", ""137"", ""2015"", ""Timolol"", ""Drops 0.25%"", ""1581(E)"", ""25-Mar-2026"", ""₹ 6.59(1 ML)""]"
CEIL-0138,ceiling,Tramadol,"[""TRAMADOL""]",injection,,Injection 50 mg,[50.0],mg,other,1,false,1.59,1581(E),25-Mar-2026,,,2026-09-18,quarantined,unit_unmappable,20 ML Pack)(1 ML Pack,"["""", ""138"", ""2015"", ""Tramadol"", ""Injection 50 mg"", ""1581(E)"", ""25-Mar-2026"", ""₹ 1.59(20 ML Pack)(1 ML Pack)""]"
CEIL-0139,ceiling,Verapamil,"[""VERAPAMIL""]",injection,,Injection 2.5 mg,[2.5],mg,ml,1,true,1.50,1581(E),25-Mar-2026,,,2026-09-18,usable,,1 ML,"["""", ""139"", ""2015"", ""Verapamil"", ""Injection 2.5 mg"", ""1581(E)"", ""25-Mar-2026"", ""₹ 1.50(1 ML)""]"
CEIL-0140,ceiling,Vinblastine,"[""VINBLASTINE""]",injection,,Injection 1 mg,[1.0],mg,ml,1,true,26.15,1581(E),25-Mar-2026,,,2026-09-18,usable,,1 ML,"["""", ""140"", ""2015"", ""Vinblastine"", ""Injection 1 mg"", ""1581(E)"", ""25-Mar-2026"", ""₹ 26.15(1 ML)""]"
CEIL-0141,ceiling,Vitamin A,"[""VITAMIN A""]",capsule,,Capsule 50000 IU,[],none,capsule,1,true,0.69,1581(E),25-Mar-2026,,,2026-09-18,usable,,1 Capsule,"["""", ""141"", ""2015"", ""Vitamin A"", ""Capsule 50000 IU"", ""1581(E)"", ""25-Mar-2026"", ""₹ 0.69(1 Capsule)""]"
CEIL-0142,ceiling,Water for Injection,"[""WATER FOR INJECTION""]",injection,,Injection --,[],none,ml,500,true,58.78,1581(E),25-Mar-2026,,,2026-09-18,usable,,Each Pack (500 ml),"["""", ""142"", ""2015"", ""Water for Injection"", ""Injection --"", ""1581(E)"", ""25-Mar-2026"", ""₹ 58.78(Each Pack (500 ml))""]"
CEIL-0143,ceiling,Water for Injection,"[""WATER FOR INJECTION""]",injection,,Injection --,[],none,ml,1000,true,103.16,1581(E),25-Mar-2026,,,2026-09-18,usable,,Each Pack (1000 ml),"["""", ""143"", ""2015"", ""Water for Injection"", ""Injection --"", ""1581(E)"", ""25-Mar-2026"", ""₹ 103.16(Each Pack (1000 ml))""]"
CEIL-0144,ceiling,Water for Injection,"[""WATER FOR INJECTION""]",injection,,Injection --,[],none,ml,5,true,2.86,1581(E),25-Mar-2026,,,2026-09-18,usable,,Each Pack (5 ml),"["""", ""144"", ""2015"", ""Water for Injection"", ""Injection --"", ""1581(E)"", ""25-Mar-2026"", ""₹ 2.86(Each Pack (5 ml))""]"
CEIL-0145,ceiling,Zidovudine,"[""ZIDOVUDINE""]",capsule,,Capsule 300 mg,[300.0],mg,capsule,1,true,2.63,1581(E),25-Mar-2026,,,2026-09-18,usable,,1 Capsule,"["""", ""145"", ""2015"", ""Zidovudine"", ""Capsule 300 mg"", ""1581(E)"", ""25-Mar-2026"", ""₹ 2.63(1 Capsule)""]"
CEIL-0146,ceiling,Zolpidem,"[""ZOLPIDEM""]",capsule,,Capsule 5 mg,[5.0],mg,capsule,1,true,9.37,1581(E),25-Mar-2026,,,2026-09-18,usable,,1 Capsule,"["""", ""146"", ""2015"", ""Zolpidem"", ""Capsule 5 mg"", ""1581(E)"", ""25-Mar-2026"", ""₹ 9.37(1 Capsule)""]"
CEIL-0147,ceiling,5-AMINOSALICYLIC ACID,"[""5-AMINOSALICYLIC ACID""]",tablet,,TABLET 400 MG,[400.0],mg,tablet,1,true,8.11,1575(E),25-Mar-2026,,,2026-09-18,usable,,1 Tablet,"["""", ""147"", ""2022"", ""5-AMINOSALICYLIC ACID"", ""TABLET 400 MG"", ""1575(E)"", ""25-Mar-2026"", ""₹ 8.11(1 Tablet)""]"
CEIL-0148,ceiling,5-AMINOSALICYLIC ACID,"[""5-AMINOSALICYLIC ACID""]",suppository,,SUPPOSITORY 500 MG,[500.0],mg,suppository,1,true,17.86,1575(E),25-Mar-2026,,,2026-09-18,usable,,1 Suppository,"["""", ""148"", ""2022"", ""5-AMINOSALICYLIC ACID"", ""SUPPOSITORY 500 MG"", ""1575(E)"", ""25-Mar-2026"", ""₹ 17.86(1 Suppository)""]"
CEIL-0149,ceiling,5-FLUOROURACIL,"[""5-FLUOROURACIL""]",injection,,INJECTION 250 MG/ 5 ML,[250.0],concentration,ml,1,true,2.09,1575(E),25-Mar-2026,,,2026-09-18,usable,,1 ML,"["""", ""149"", ""2022"", ""5-FLUOROURACIL"", ""INJECTION 250 MG/ 5 ML"", ""1575(E)"", ""25-Mar-2026"", ""₹ 2.09(1 ML)""]"
CEIL-0150,ceiling,6-MERCAPTOPURINE,"[""6-MERCAPTOPURINE""]",tablet,,TABLET 50 MG,[50.0],mg,tablet,1,true,5.38,1575(E),25-Mar-2026,,,2026-09-18,usable,,1 Tablet,"["""", ""150"", ""2022"", ""6-MERCAPTOPURINE"", ""TABLET 50 MG"", ""1575(E)"", ""25-Mar-2026"", ""₹ 5.38(1 Tablet)""]"
CEIL-0151,ceiling,ABACAVIR,"[""ABACAVIR""]",tablet,,TABLET 300 MG,[300.0],mg,tablet,1,true,49.76,1575(E),25-Mar-2026,,,2026-09-18,usable,,1 Tablet,"["""", ""151"", ""2022"", ""ABACAVIR"", ""TABLET 300 MG"", ""1575(E)"", ""25-Mar-2026"", ""₹ 49.76(1 Tablet)""]"
CEIL-0152,ceiling,ABACAVIR (A)+LAMIVUDINE (B),"[""ABACAVIR"", ""LAMIVUDINE""]",tablet,,TABLET 600 (A) + 300 MG (B),[300.0],mg,tablet,1,true,74.06,1575(E),25-Mar-2026,,,2026-09-18,usable,,1 Tablet,"["""", ""152"", ""2022"", ""ABACAVIR (A)+LAMIVUDINE (B)"", ""TABLET 600 (A) + 300 MG (B)"", ""1575(E)"", ""25-Mar-2026"", ""₹ 74.06(1 Tablet)""]"
CEIL-0153,ceiling,ACETAZOLAMIDE,"[""ACETAZOLAMIDE""]",tablet,,TABLET 250 MG,[250.0],mg,tablet,1,true,4.16,1575(E),25-Mar-2026,,,2026-09-18,usable,,1 Tablet,"["""", ""153"", ""2022"", ""ACETAZOLAMIDE"", ""TABLET 250 MG"", ""1575(E)"", ""25-Mar-2026"", ""₹ 4.16(1 Tablet)""]"
CEIL-0154,ceiling,ACETAZOLAMIDE SYSTEMIC,"[""ACETAZOLAMIDE SYSTEMIC""]",capsule,,CAPSULE 250 MG,[250.0],mg,capsule,1,true,5.17,1575(E),25-Mar-2026,,,2026-09-18,usable,,1 Capsule,"["""", ""154"", ""2022"", ""ACETAZOLAMIDE SYSTEMIC"", ""CAPSULE 250 MG"", ""1575(E)"", ""25-Mar-2026"", ""₹ 5.17(1 Capsule)""]"
CEIL-0155,ceiling,ACETYLCYSTEINE,"[""ACETYLCYSTEINE""]",injection,,INJECTION 200 MG,[200.0],mg,ml,1,true,24.21,1575(E),25-Mar-2026,,,2026-09-18,usable,,1 ML,"["""", ""155"", ""2022"", ""ACETYLCYSTEINE"", ""INJECTION 200 MG"", ""1575(E)"", ""25-Mar-2026"", ""₹ 24.21(1 ML)""]"
CEIL-0156,ceiling,ACETYLSALICYLIC ACID,"[""ACETYLSALICYLIC ACID""]",tablet,dispersible|effervescent|enteric,EFFERVESCENT/ DISPERSIBLE/ ENTERIC COATED TABLET 150 MG,[150.0],mg,tablet,1,true,0.72,1575(E),25-Mar-2026,,,2026-09-18,usable,,1 Tablet,"["""", ""156"", ""2022"", ""ACETYLSALICYLIC ACID"", ""EFFERVESCENT/ DISPERSIBLE/\nENTERIC COATED TABLET 150 MG"", ""1575(E)"", ""25-Mar-2026"", ""₹ 0.72(1 Tablet)""]"
CEIL-0157,ceiling,ACICLOVIR,"[""ACICLOVIR""]",ointment,,OINTMENT 3 %,[],percent,gm,1,true,11.95,1575(E),25-Mar-2026,,,2026-09-18,usable,,1 GM,"["""", ""157"", ""2022"", ""ACICLOVIR"", ""OINTMENT 3 %"", ""1575(E)"", ""25-Mar-2026"", ""₹ 11.95(1 GM)""]"
CEIL-0158,ceiling,ACICLOVIR,"[""ACICLOVIR""]",injection,,INJECTION 250 MG,[250.0],mg,vial,1,true,436.64,1575(E),25-Mar-2026,,,2026-09-18,usable,,Each Vial,"["""", ""158"", ""2022"", ""ACICLOVIR"", ""INJECTION 250 MG"", ""1575(E)"", ""25-Mar-2026"", ""₹ 436.64(Each Vial)""]"
CEIL-0159,ceiling,ACICLOVIR,"[""ACICLOVIR""]",tablet,,TABLET 800 MG,[800.0],mg,tablet,1,true,38.57,1575(E),25-Mar-2026,,,2026-09-18,usable,,1 Tablet,"["""", ""159"", ""2022"", ""ACICLOVIR"", ""TABLET 800 MG"", ""1575(E)"", ""25-Mar-2026"", ""₹ 38.57(1 Tablet)""]"
CEIL-0160,ceiling,ACTINOMYCIN D,"[""ACTINOMYCIN D""]",powder for injection,,POWDER FOR INJECTION 0.5 MG,[0.5],mg,vial,1,true,338.97,1575(E),25-Mar-2026,,,2026-09-18,usable,,Each Vial,"["""", ""160"", ""2022"", ""ACTINOMYCIN D"", ""POWDER FOR INJECTION 0.5 MG"", ""1575(E)"", ""25-Mar-2026"", ""₹ 338.97(Each Vial)""]"
CEIL-0161,ceiling,ACYCLOVIR,"[""ACYCLOVIR""]",tablet,,TABLET 400 MG,[400.0],mg,tablet,1,true,13.99,1575(E),25-Mar-2026,,,2026-09-18,usable,,1 Tablet,"["""", ""161"", ""2022"", ""ACYCLOVIR"", ""TABLET 400 MG"", ""1575(E)"", ""25-Mar-2026"", ""₹ 13.99(1 Tablet)""]"
CEIL-0162,ceiling,ACYCLOVIR,"[""ACYCLOVIR""]",tablet,,TABLET 200 MG,[200.0],mg,tablet,1,true,7.79,1575(E),25-Mar-2026,,,2026-09-18,usable,,1 Tablet,"["""", ""162"", ""2022"", ""ACYCLOVIR"", ""TABLET 200 MG"", ""1575(E)"", ""25-Mar-2026"", ""₹ 7.79(1 Tablet)""]"
CEIL-0163,ceiling,ACYCLOVIR,"[""ACYCLOVIR""]",oral liquid,,ORAL LIQUID 400 MG/ 5 ML,[400.0],concentration,ml,1,true,1.39,1575(E),25-Mar-2026,,,2026-09-18,usable,,1 ML,"["""", ""163"", ""2022"", ""ACYCLOVIR"", ""ORAL LIQUID 400 MG/ 5 ML"", ""1575(E)"", ""25-Mar-2026"", ""₹ 1.39(1 ML)""]"
CEIL-0164,ceiling,ACYCLOVIR,"[""ACYCLOVIR""]",powder for injection,,POWDER FOR INJECTION 500 MG,[500.0],mg,vial,1,true,541.13,1575(E),25-Mar-2026,,,2026-09-18,usable,,Each Vial,"["""", ""164"", ""2022"", ""ACYCLOVIR"", ""POWDER FOR INJECTION 500 MG"", ""1575(E)"", ""25-Mar-2026"", ""₹ 541.13(Each Vial)""]"
CEIL-0165,ceiling,ADENOSINE,"[""ADENOSINE""]",injection,,INJECTION 3 MG,[3.0],mg,ml,1,true,95.09,1575(E),25-Mar-2026,,,2026-09-18,usable,,1 ML,"["""", ""165"", ""2022"", ""ADENOSINE"", ""INJECTION 3 MG"", ""1575(E)"", ""25-Mar-2026"", ""₹ 95.09(1 ML)""]"
CEIL-0166,ceiling,ADRENALINE,"[""ADRENALINE""]",injection,,INJECTION 1 MG,[1.0],mg,ml,1,true,12.52,1575(E),25-Mar-2026,,,2026-09-18,usable,,1 ML,"["""", ""166"", ""2022"", ""ADRENALINE"", ""INJECTION 1 MG"", ""1575(E)"", ""25-Mar-2026"", ""₹ 12.52(1 ML)""]"
CEIL-0167,ceiling,ALBENDAZOLE,"[""ALBENDAZOLE""]",tablet,chewable,CHEWABLE TABLET 400 MG,[400.0],mg,tablet,1,true,8.32,1575(E),25-Mar-2026,,,2026-09-18,usable,,1 Tablet,"["""", ""167"", ""2022"", ""ALBENDAZOLE"", ""CHEWABLE TABLET 400 MG"", ""1575(E)"", ""25-Mar-2026"", ""₹ 8.32(1 Tablet)""]"
CEIL-0168,ceiling,ALBENDAZOLE,"[""ALBENDAZOLE""]",tablet,,TABLET 400 MG,[400.0],mg,tablet,1,true,7.21,1575(E),25-Mar-2026,,,2026-09-18,usable,,1 Tablet,"["""", ""168"", ""2022"", ""ALBENDAZOLE"", ""TABLET 400 MG"", ""1575(E)"", ""25-Mar-2026"", ""₹ 7.21(1 Tablet)""]"
CEIL-0169,ceiling,ALBENDAZOLE,"[""ALBENDAZOLE""]",oral liquid,,ORAL LIQUID 200 MG/ 5 ML,[200.0],concentration,ml,1,true,1.83,1575(E),25-Mar-2026,,,2026-09-18,usable,,1 ML,"["""", ""169"", ""2022"", ""ALBENDAZOLE"", ""ORAL LIQUID 200 MG/ 5 ML"", ""1575(E)"", ""25-Mar-2026"", ""₹ 1.83(1 ML)""]"
CEIL-0170,ceiling,ALLOPURINOL,"[""ALLOPURINOL""]",tablet,,TABLET 300 MG,[300.0],mg,tablet,1,true,5.77,1575(E),25-Mar-2026,,,2026-09-18,usable,,1 Tablet,"["""", ""170"", ""2022"", ""ALLOPURINOL"", ""TABLET 300 MG"", ""1575(E)"", ""25-Mar-2026"", ""₹ 5.77(1 Tablet)""]"
CEIL-0171,ceiling,ALLOPURINOL,"[""ALLOPURINOL""]",tablet,,TABLET 100 MG,[100.0],mg,tablet,1,true,1.93,1575(E),25-Mar-2026,,,2026-09-18,usable,,1 Tablet,"["""", ""171"", ""2022"", ""ALLOPURINOL"", ""TABLET 100 MG"", ""1575(E)"", ""25-Mar-2026"", ""₹ 1.93(1 Tablet)""]"
CEIL-0172,ceiling,ALL ORAL ELECTROLYTES - ORS,"[""ALL ORAL ELECTROLYTES - ORS""]",,,POWDER --,[],none,gm,1,true,1.02,1575(E),25-Mar-2026,,,2026-09-18,usable,,1 GM,"["""", ""172"", ""2022"", ""ALL ORAL ELECTROLYTES - ORS"", ""POWDER --"", ""1575(E)"", ""25-Mar-2026"", ""₹ 1.02(1 GM)""]"
CEIL-0173,ceiling,ALL ORAL ELECTROLYTES - ORS,"[""ALL ORAL ELECTROLYTES - ORS""]",syrup,,SYRUP --,[],none,ml,1,true,0.15,1575(E),25-Mar-2026,,,2026-09-18,usable,,1 ML,"["""", ""173"", ""2022"", ""ALL ORAL ELECTROLYTES - ORS"", ""SYRUP --"", ""1575(E)"", ""25-Mar-2026"", ""₹ 0.15(1 ML)""]"
CEIL-0174,ceiling,ALPROSTADIL,"[""ALPROSTADIL""]",injection,,INJECTION 500 MCG,[0.5],mg,ml,1,true,6253.38,1575(E),25-Mar-2026,,,2026-09-18,usable,,1 ML,"["""", ""174"", ""2022"", ""ALPROSTADIL"", ""INJECTION 500 MCG"", ""1575(E)"", ""25-Mar-2026"", ""₹ 6253.38(1 ML)""]"
CEIL-0175,ceiling,AMIKACIN,"[""AMIKACIN""]",injection,,INJECTION 250 MG,[250.0],mg,ml,1,true,55.47,1575(E),25-Mar-2026,,,2026-09-18,usable,,1 ML,"["""", ""175"", ""2022"", ""AMIKACIN"", ""INJECTION 250 MG"", ""1575(E)"", ""25-Mar-2026"", ""₹ 55.47(1 ML)""]"
CEIL-0176,ceiling,AMIODARONE,"[""AMIODARONE""]",injection,,INJECTION 50 MG,[50.0],mg,ml,1,true,21.64,1575(E),25-Mar-2026,,,2026-09-18,usable,,1 ML,"["""", ""176"", ""2022"", ""AMIODARONE"", ""INJECTION 50 MG"", ""1575(E)"", ""25-Mar-2026"", ""₹ 21.64(1 ML)""]"
CEIL-0177,ceiling,AMIODARONE,"[""AMIODARONE""]",tablet,,TABLET 100 MG,[100.0],mg,tablet,1,true,6.29,1575(E),25-Mar-2026,,,2026-09-18,usable,,1 Tablet,"["""", ""177"", ""2022"", ""AMIODARONE"", ""TABLET 100 MG"", ""1575(E)"", ""25-Mar-2026"", ""₹ 6.29(1 Tablet)""]"
CEIL-0178,ceiling,AMIODARONE,"[""AMIODARONE""]",tablet,,TABLET 200 MG,[200.0],mg,tablet,1,true,11.79,1575(E),25-Mar-2026,,,2026-09-18,usable,,1 Tablet,"["""", ""178"", ""2022"", ""AMIODARONE"", ""TABLET 200 MG"", ""1575(E)"", ""25-Mar-2026"", ""₹ 11.79(1 Tablet)""]"
CEIL-0179,ceiling,AMITRIPTYLINE,"[""AMITRIPTYLINE""]",tablet,,TABLET 50 MG,[50.0],mg,tablet,1,true,6.13,1575(E),25-Mar-2026,,,2026-09-18,usable,,1 Tablet,"["""", ""179"", ""2022"", ""AMITRIPTYLINE"", ""TABLET 50 MG"", ""1575(E)"", ""25-Mar-2026"", ""₹ 6.13(1 Tablet)""]"
CEIL-0180,ceiling,AMITRIPTYLINE,"[""AMITRIPTYLINE""]",tablet,,TABLET 10 MG,[10.0],mg,tablet,1,true,2.45,1575(E),25-Mar-2026,,,2026-09-18,usable,,1 Tablet,"["""", ""180"", ""2022"", ""AMITRIPTYLINE"", ""TABLET 10 MG"", ""1575(E)"", ""25-Mar-2026"", ""₹ 2.45(1 Tablet)""]"
CEIL-0181,ceiling,AMITRIPTYLINE,"[""AMITRIPTYLINE""]",tablet,,TABLET 25 MG,[25.0],mg,tablet,1,true,2.55,1575(E),25-Mar-2026,,,2026-09-18,usable,,1 Tablet,"["""", ""181"", ""2022"", ""AMITRIPTYLINE"", ""TABLET 25 MG"", ""1575(E)"", ""25-Mar-2026"", ""₹ 2.55(1 Tablet)""]"
CEIL-0182,ceiling,AMITRIPTYLINE,"[""AMITRIPTYLINE""]",tablet,,TABLET 75 MG,[75.0],mg,tablet,1,true,5.58,1575(E),25-Mar-2026,,,2026-09-18,usable,,1 Tablet,"["""", ""182"", ""2022"", ""AMITRIPTYLINE"", ""TABLET 75 MG"", ""1575(E)"", ""25-Mar-2026"", ""₹ 5.58(1 Tablet)""]"
CEIL-0183,ceiling,AMLODIPINE,"[""AMLODIPINE""]",tablet,,TABLET 5 MG,[5.0],mg,tablet,1,true,2.56,1575(E),25-Mar-2026,,,2026-09-18,usable,,1 Tablet,"["""", ""183"", ""2022"", ""AMLODIPINE"", ""TABLET 5 MG"", ""1575(E)"", ""25-Mar-2026"", ""₹ 2.56(1 Tablet)""]"
CEIL-0184,ceiling,AMLODIPINE,"[""AMLODIPINE""]",tablet,,TABLET 10 MG,[10.0],mg,tablet,1,true,5.58,1575(E),25-Mar-2026,,,2026-09-18,usable,,1 Tablet,"["""", ""184"", ""2022"", ""AMLODIPINE"", ""TABLET 10 MG"", ""1575(E)"", ""25-Mar-2026"", ""₹ 5.58(1 Tablet)""]"
CEIL-0185,ceiling,AMLODIPINE,"[""AMLODIPINE""]",tablet,,TABLET 2.5 MG,[2.5],mg,tablet,1,true,1.83,1575(E),25-Mar-2026,,,2026-09-18,usable,,1 Tablet,"["""", ""185"", ""2022"", ""AMLODIPINE"", ""TABLET 2.5 MG"", ""1575(E)"", ""25-Mar-2026"", ""₹ 1.83(1 Tablet)""]"
CEIL-0186,ceiling,AMOXICILLIN,"[""AMOXICILLIN""]",capsule,,CAPSULE 250 MG,[250.0],mg,capsule,1,true,2.50,1575(E),25-Mar-2026,,,2026-09-18,usable,,1 Capsule,"["""", ""186"", ""2022"", ""AMOXICILLIN"", ""CAPSULE 250 MG"", ""1575(E)"", ""25-Mar-2026"", ""₹ 2.50(1 Capsule)""]"
CEIL-0187,ceiling,AMOXICILLIN,"[""AMOXICILLIN""]",capsule,,CAPSULE 500 MG,[500.0],mg,capsule,1,true,7.54,1575(E),25-Mar-2026,,,2026-09-18,usable,,1 Capsule,"["""", ""187"", ""2022"", ""AMOXICILLIN"", ""CAPSULE 500 MG"", ""1575(E)"", ""25-Mar-2026"", ""₹ 7.54(1 Capsule)""]"
CEIL-0188,ceiling,AMOXICILLIN,"[""AMOXICILLIN""]",oral liquid,,ORAL LIQUID 250 MG/ 5 ML,[250.0],concentration,ml,1,true,1.60,1575(E),25-Mar-2026,,,2026-09-18,usable,,1 ML,"["""", ""188"", ""2022"", ""AMOXICILLIN"", ""ORAL LIQUID 250 MG/ 5 ML"", ""1575(E)"", ""25-Mar-2026"", ""₹ 1.60(1 ML)""]"
CEIL-0189,ceiling,AMOXICILLIN (A) + CLAVULANIC ACID (B),"[""AMOXICILLIN"", ""CLAVULANIC ACID""]",tablet,,TABLET 500 MG (A) +125 MG(B),"[500.0, 125.0]",mg,tablet,1,true,18.74,1575(E),25-Mar-2026,,,2026-09-18,usable,,1 Tablet,"["""", ""189"", ""2022"", ""AMOXICILLIN (A) + CLAVULANIC ACID (B)"", ""TABLET 500 MG (A)\n+125 MG(B)"", ""1575(E)"", ""25-Mar-2026"", ""₹ 18.74(1 Tablet)""]"
CEIL-0190,ceiling,AMOXYCILLIN,"[""AMOXYCILLIN""]",suspension,,SUSPENSION 125 MG,[125.0],mg,ml,1,true,1.05,1575(E),25-Mar-2026,,,2026-09-18,usable,,1 ML,"["""", ""190"", ""2022"", ""AMOXYCILLIN"", ""SUSPENSION 125 MG"", ""1575(E)"", ""25-Mar-2026"", ""₹ 1.05(1 ML)""]"
CEIL-0191,ceiling,AMOXYCILLIN,"[""AMOXYCILLIN""]",injection,,INJECTION 250 MG,[250.0],mg,vial,1,true,25.38,1575(E),25-Mar-2026,,,2026-09-18,usable,,Each Vial,"["""", ""191"", ""2022"", ""AMOXYCILLIN"", ""INJECTION 250 MG"", ""1575(E)"", ""25-Mar-2026"", ""₹ 25.38(Each Vial)""]"
CEIL-0192,ceiling,AMOXYCILLIN,"[""AMOXYCILLIN""]",injection,,INJECTION 500 MG,[500.0],mg,vial,1,true,55.96,1575(E),25-Mar-2026,,,2026-09-18,usable,,Each Vial,"["""", ""192"", ""2022"", ""AMOXYCILLIN"", ""INJECTION 500 MG"", ""1575(E)"", ""25-Mar-2026"", ""₹ 55.96(Each Vial)""]"
CEIL-0193,ceiling,AMOXYCILLIN + CLAVULANIC ACID,"[""AMOXYCILLIN"", ""CLAVULANIC ACID""]",dry syrup,,DRY SYRUP 125/31.25 MG,[31.25],mg,ml,1,true,2.10,1575(E),25-Mar-2026,,,2026-09-18,usable,,1 ML,"["""", ""193"", ""2022"", ""AMOXYCILLIN + CLAVULANIC ACID"", ""DRY SYRUP 125/31.25 MG"", ""1575(E)"", ""25-Mar-2026"", ""₹ 2.10(1 ML)""]"
CEIL-0194,ceiling,AMOXYCILLIN + CLAVULANIC ACID,"[""AMOXYCILLIN"", ""CLAVULANIC ACID""]",oral suspension,,ORAL SUSPENSION 200/28.5 MG,[28.5],mg,ml,1,true,2.07,1575(E),25-Mar-2026,,,2026-09-18,usable,,1 ML,"["""", ""194"", ""2022"", ""AMOXYCILLIN + CLAVULANIC ACID"", ""ORAL SUSPENSION 200/28.5 MG"", ""1575(E)"", ""25-Mar-2026"", ""₹ 2.07(1 ML)""]"
CEIL-0195,ceiling,AMOXYCILLIN + CLAVULANIC ACID,"[""AMOXYCILLIN"", ""CLAVULANIC ACID""]",injection,,INJECTION 1000/200 MG,[200.0],mg,vial,1,true,145.06,1575(E),25-Mar-2026,,,2026-09-18,usable,,Each Vial)( Pack,"["""", ""195"", ""2022"", ""AMOXYCILLIN + CLAVULANIC ACID"", ""INJECTION 1000/200 MG"", ""1575(E)"", ""25-Mar-2026"", ""₹ 145.06(Each Vial)( Pack)""]"
CEIL-0196,ceiling,AMOXYCILLIN + CLAVULANIC ACID,"[""AMOXYCILLIN"", ""CLAVULANIC ACID""]",injection,,INJECTION 500/100 MG,[100.0],mg,vial,1,true,103.78,1575(E),25-Mar-2026,,,2026-09-18,usable,,Each Vial,"["""", ""196"", ""2022"", ""AMOXYCILLIN + CLAVULANIC ACID"", ""INJECTION 500/100 MG"", ""1575(E)"", ""25-Mar-2026"", ""₹ 103.78(Each Vial)""]"
CEIL-0197,ceiling,AMPHOTERICIN B - CONVENTIONAL,"[""AMPHOTERICIN B - CONVENTIONAL""]",injection,,INJECTION 50 MG,[50.0],mg,vial,1,true,232.86,1575(E),25-Mar-2026,,,2026-09-18,usable,,Each Vial,"["""", ""197"", ""2022"", ""AMPHOTERICIN B - CONVENTIONAL"", ""INJECTION 50 MG"", ""1575(E)"", ""25-Mar-2026"", ""₹ 232.86(Each Vial)""]"
CEIL-0198,ceiling,AMPHOTERICIN B - LIPID,"[""AMPHOTERICIN B - LIPID""]",injection,,INJECTION 50 MG,[50.0],mg,vial,1,true,1933.08,1575(E),25-Mar-2026,,,2026-09-18,usable,,Each Vial)( Pack,"["""", ""198"", ""2022"", ""AMPHOTERICIN B - LIPID"", ""INJECTION 50 MG"", ""1575(E)"", ""25-Mar-2026"", ""₹ 1933.08(Each Vial)( Pack)""]"
CEIL-0199,ceiling,AMPHOTERICIN B - LIPOSOMAL,"[""AMPHOTERICIN B - LIPOSOMAL""]",injection,,INJECTION 50 MG,[50.0],mg,vial,1,true,6807.87,1575(E),25-Mar-2026,,,2026-09-18,usable,,Each Vial)( Pack,"["""", ""199"", ""2022"", ""AMPHOTERICIN B - LIPOSOMAL"", ""INJECTION 50 MG"", ""1575(E)"", ""25-Mar-2026"", ""₹ 6807.87(Each Vial)( Pack)""]"
CEIL-0200,ceiling,AMPICILLIN,"[""AMPICILLIN""]",powder for injection,,POWDER FOR INJECTION 500 MG,[500.0],mg,vial,1,true,14.59,1575(E),25-Mar-2026,,,2026-09-18,usable,,Each Vial,"["""", ""200"", ""2022"", ""AMPICILLIN"", ""POWDER FOR INJECTION 500 MG"", ""1575(E)"", ""25-Mar-2026"", ""₹ 14.59(Each Vial)""]"
CEIL-0201,ceiling,AMPICILLIN,"[""AMPICILLIN""]",powder for injection,,POWDER FOR INJECTION 1000 MG,[1000.0],mg,vial,1,true,25.51,1575(E),25-Mar-2026,,,2026-09-18,usable,,Each Vial,"["""", ""201"", ""2022"", ""AMPICILLIN"", ""POWDER FOR INJECTION 1000 MG"", ""1575(E)"", ""25-Mar-2026"", ""₹ 25.51(Each Vial)""]"
CEIL-0202,ceiling,ANTI RABIES SERA - IMMUNOGLOBULINS,"[""ANTI RABIES SERA - IMMUNOGLOBULINS""]",injection,,INJECTION 300 IU,[],none,ml,1,true,112.19,1575(E),25-Mar-2026,,,2026-09-18,usable,,1 ML)( Pack,"["""", ""202"", ""2022"", ""ANTI RABIES SERA - IMMUNOGLOBULINS"", ""INJECTION 300 IU"", ""1575(E)"", ""25-Mar-2026"", ""₹ 112.19(1 ML)( Pack)""]"
CEIL-0203,ceiling,ANTI RABIES SERA - IMMUNOGLOBULINS,"[""ANTI RABIES SERA - IMMUNOGLOBULINS""]",injection,,INJECTION 150 IU,[],none,ml,1,true,3182.21,1575(E),25-Mar-2026,,,2026-09-18,usable,,1 ML)( Pack,"["""", ""203"", ""2022"", ""ANTI RABIES SERA - IMMUNOGLOBULINS"", ""INJECTION 150 IU"", ""1575(E)"", ""25-Mar-2026"", ""₹ 3182.21(1 ML)( Pack)""]"
CEIL-0204,ceiling,ANTI RABIES VACCINE - ARV,"[""ANTI RABIES VACCINE - ARV""]",,,VACCINE --,[],none,vial,1,true,387.80,1575(E),25-Mar-2026,,,2026-09-18,usable,,Each Vial,"["""", ""204"", ""2022"", ""ANTI RABIES VACCINE - ARV"", ""VACCINE --"", ""1575(E)"", ""25-Mar-2026"", ""₹ 387.80(Each Vial)""]"
CEIL-0205,ceiling,ARSENIC TRIOXIDE,"[""ARSENIC TRIOXIDE""]",injection,,INJECTION 1 MG,[1.0],mg,ml,1,true,31.27,1575(E),25-Mar-2026,,,2026-09-18,usable,,1 ML,"["""", ""205"", ""2022"", ""ARSENIC TRIOXIDE"", ""INJECTION 1 MG"", ""1575(E)"", ""25-Mar-2026"", ""₹ 31.27(1 ML)""]"
CEIL-0206,ceiling,ARTEMETHER (A)+LUMEFANTRINE (B),"[""ARTEMETHER"", ""LUMEFANTRINE""]",tablet,,TABLET 40 MG(A) + 240 MG(B),"[40.0, 240.0]",mg,tablet,1,true,18.47,1575(E),25-Mar-2026,,,2026-09-18,usable,,1 Tablet,"["""", ""206"", ""2022"", ""ARTEMETHER (A)+LUMEFANTRINE (B)"", ""TABLET 40 MG(A) + 240\nMG(B)"", ""1575(E)"", ""25-Mar-2026"", ""₹ 18.47(1 Tablet)""]"
CEIL-0207,ceiling,ARTEMETHER (A)+LUMEFANTRINE (B),"[""ARTEMETHER"", ""LUMEFANTRINE""]",tablet,,TABLET 80 MG(A) + 480 MG(B),"[80.0, 480.0]",mg,tablet,1,true,26.12,1575(E),25-Mar-2026,,,2026-09-18,usable,,1 Tablet,"["""", ""207"", ""2022"", ""ARTEMETHER (A)+LUMEFANTRINE (B)"", ""TABLET 80 MG(A) + 480\nMG(B)"", ""1575(E)"", ""25-Mar-2026"", ""₹ 26.12(1 Tablet)""]"
CEIL-0208,ceiling,ARTEMETHER + LUMEFANTRINE,"[""ARTEMETHER"", ""LUMEFANTRINE""]",tablet,,TABLET 20/120 MG,[120.0],mg,tablet,1,true,12.95,1575(E),25-Mar-2026,,,2026-09-18,usable,,1 Tablet,"["""", ""208"", ""2022"", ""ARTEMETHER + LUMEFANTRINE"", ""TABLET 20/120 MG"", ""1575(E)"", ""25-Mar-2026"", ""₹ 12.95(1 Tablet)""]"
CEIL-0209,ceiling,ARTESUNATE,"[""ARTESUNATE""]",powder for injection,,POWDER FOR INJECTION 60 MG,[60.0],mg,vial,1,true,250.61,1575(E),25-Mar-2026,,,2026-09-18,usable,,Each Vial,"["""", ""209"", ""2022"", ""ARTESUNATE"", ""POWDER FOR INJECTION 60 MG"", ""1575(E)"", ""25-Mar-2026"", ""₹ 250.61(Each Vial)""]"
CEIL-0210,ceiling,ARTESUNATE,"[""ARTESUNATE""]",powder for injection,,POWDER FOR INJECTION 120 MG,[120.0],mg,vial,1,true,465.35,1575(E),25-Mar-2026,,,2026-09-18,usable,,Each Vial,"["""", ""210"", ""2022"", ""ARTESUNATE"", ""POWDER FOR INJECTION 120 MG"", ""1575(E)"", ""25-Mar-2026"", ""₹ 465.35(Each Vial)""]"
CEIL-0211,ceiling,ARTESUNATE + SULFADOXINE + PYRIMETHAMINE,"[""ARTESUNATE"", ""PYRIMETHAMINE"", ""SULFADOXINE""]",,,KIT 50/500/25 MG,[25.0],mg,pack,1,false,23.09,1575(E),25-Mar-2026,,,2026-09-18,usable,,Combi Pack,"["""", ""211"", ""2022"", ""ARTESUNATE + SULFADOXINE + PYRIMETHAMINE"", ""KIT 50/500/25 MG"", ""1575(E)"", ""25-Mar-2026"", ""₹ 23.09(Combi Pack)""]"
CEIL-0212,ceiling,ASCORBIC ACID (VITAMIN C),"[""ASCORBIC ACID (VITAMIN C)""]",tablet,,TABLET 500 MG,[500.0],mg,tablet,1,true,1.58,1575(E),25-Mar-2026,,,2026-09-18,usable,,1 Tablet)( Pack,"["""", ""212"", ""2022"", ""ASCORBIC ACID (VITAMIN C)"", ""TABLET 500 MG"", ""1575(E)"", ""25-Mar-2026"", ""₹ 1.58(1 Tablet)( Pack)""]"
CEIL-0213,ceiling,ASCORBIC ACID (VITAMIN C),"[""ASCORBIC ACID (VITAMIN C)""]",tablet,,TABLET 100 MG,[100.0],mg,tablet,1,true,0.24,1575(E),25-Mar-2026,,,2026-09-18,usable,,1 Tablet,"["""", ""213"", ""2022"", ""ASCORBIC ACID (VITAMIN C)"", ""TABLET 100 MG"", ""1575(E)"", ""25-Mar-2026"", ""₹ 0.24(1 Tablet)""]"
CEIL-0214,ceiling,ASPIRIN,"[""ASPIRIN""]",tablet,dispersible,TABLET DT 75 MG,[75.0],mg,tablet,1,true,0.36,1575(E),25-Mar-2026,,,2026-09-18,usable,,1 Tablet,"["""", ""214"", ""2022"", ""ASPIRIN"", ""TABLET DT 75 MG"", ""1575(E)"", ""25-Mar-2026"", ""₹ 0.36(1 Tablet)""]"
CEIL-0215,ceiling,ASPIRIN,"[""ASPIRIN""]",tablet,,TABLET 325 MG,[325.0],mg,tablet,1,true,0.68,1575(E),25-Mar-2026,,,2026-09-18,usable,,1 Tablet,"["""", ""215"", ""2022"", ""ASPIRIN"", ""TABLET 325 MG"", ""1575(E)"", ""25-Mar-2026"", ""₹ 0.68(1 Tablet)""]"
CEIL-0216,ceiling,ATAZANAVIR (A)+RITONAVIR (B),"[""ATAZANAVIR"", ""RITONAVIR""]",tablet,,TABLET 300 MG(A) + 100 MG(B),"[300.0, 100.0]",mg,tablet,1,true,102.23,1575(E),25-Mar-2026,,,2026-09-18,usable,,1 Tablet,"["""", ""216"", ""2022"", ""ATAZANAVIR (A)+RITONAVIR (B)"", ""TABLET 300 MG(A) + 100\nMG(B)"", ""1575(E)"", ""25-Mar-2026"", ""₹ 102.23(1 Tablet)""]"
CEIL-0217,ceiling,ATORVASTATIN,"[""ATORVASTATIN""]",tablet,,TABLET 40 MG,[40.0],mg,tablet,1,true,19.77,1575(E),25-Mar-2026,,,2026-09-18,usable,,1 Tablet,"["""", ""217"", ""2022"", ""ATORVASTATIN"", ""TABLET 40 MG"", ""1575(E)"", ""25-Mar-2026"", ""₹ 19.77(1 Tablet)""]"
CEIL-0218,ceiling,ATORVASTATIN,"[""ATORVASTATIN""]",tablet,,TABLET 20 MG,[20.0],mg,tablet,1,true,12.86,1575(E),25-Mar-2026,,,2026-09-18,usable,,1 Tablet,"["""", ""218"", ""2022"", ""ATORVASTATIN"", ""TABLET 20 MG"", ""1575(E)"", ""25-Mar-2026"", ""₹ 12.86(1 Tablet)""]"
CEIL-0219,ceiling,ATORVASTATIN,"[""ATORVASTATIN""]",tablet,,TABLET 80 MG,[80.0],mg,tablet,1,true,41.56,1575(E),25-Mar-2026,,,2026-09-18,usable,,1 Tablet,"["""", ""219"", ""2022"", ""ATORVASTATIN"", ""TABLET 80 MG"", ""1575(E)"", ""25-Mar-2026"", ""₹ 41.56(1 Tablet)""]"
CEIL-0220,ceiling,ATORVASTATIN,"[""ATORVASTATIN""]",tablet,,TABLET 10 MG,[10.0],mg,tablet,1,true,5.09,1575(E),25-Mar-2026,,,2026-09-18,usable,,1 Tablet)( Pack,"["""", ""220"", ""2022"", ""ATORVASTATIN"", ""TABLET 10 MG"", ""1575(E)"", ""25-Mar-2026"", ""₹ 5.09(1 Tablet)( Pack)""]"
CEIL-0221,ceiling,ATRACURIUM,"[""ATRACURIUM""]",injection,,INJECTION 10 MG,[10.0],mg,ml,1,true,17.39,1575(E),25-Mar-2026,,,2026-09-18,usable,,1 ML,"["""", ""221"", ""2022"", ""ATRACURIUM"", ""INJECTION 10 MG"", ""1575(E)"", ""25-Mar-2026"", ""₹ 17.39(1 ML)""]"
CEIL-0222,ceiling,ATROPINE,"[""ATROPINE""]",injection,,INJECTION 0.6 MG/ ML,[0.6],concentration,ml,1,true,7.03,1575(E),25-Mar-2026,,,2026-09-18,usable,,1 ML)( Pack,"["""", ""222"", ""2022"", ""ATROPINE"", ""INJECTION 0.6 MG/ ML"", ""1575(E)"", ""25-Mar-2026"", ""₹ 7.03(1 ML)( Pack)""]"
CEIL-0223,ceiling,ATROPINE EYE DROPS / OINTMENT,"[""ATROPINE EYE DROPS / OINTMENT""]",drops,,DROPS 1 %,[],percent,ml,1,true,4.04,1575(E),25-Mar-2026,,,2026-09-18,usable,,1 ML,"["""", ""223"", ""2022"", ""ATROPINE EYE DROPS / OINTMENT"", ""DROPS 1 %"", ""1575(E)"", ""25-Mar-2026"", ""₹ 4.04(1 ML)""]"
CEIL-0224,ceiling,ATROPINE EYE DROPS / OINTMENT,"[""ATROPINE EYE DROPS / OINTMENT""]",ointment,,OINTMENT 1 %,[],percent,gm,1,true,4.82,1575(E),25-Mar-2026,,,2026-09-18,usable,,1 GM,"["""", ""224"", ""2022"", ""ATROPINE EYE DROPS / OINTMENT"", ""OINTMENT 1 %"", ""1575(E)"", ""25-Mar-2026"", ""₹ 4.82(1 GM)""]"
CEIL-0225,ceiling,AZATHIOPRINE,"[""AZATHIOPRINE""]",tablet,,TABLET 25 MG,[25.0],mg,tablet,1,true,7.42,1575(E),25-Mar-2026,,,2026-09-18,usable,,1 Tablet,"["""", ""225"", ""2022"", ""AZATHIOPRINE"", ""TABLET 25 MG"", ""1575(E)"", ""25-Mar-2026"", ""₹ 7.42(1 Tablet)""]"
CEIL-0226,ceiling,AZATHIOPRINE,"[""AZATHIOPRINE""]",tablet,,TABLET 50 MG,[50.0],mg,tablet,1,true,11.53,1575(E),25-Mar-2026,,,2026-09-18,usable,,1 Tablet,"["""", ""226"", ""2022"", ""AZATHIOPRINE"", ""TABLET 50 MG"", ""1575(E)"", ""25-Mar-2026"", ""₹ 11.53(1 Tablet)""]"
CEIL-0227,ceiling,AZITHROMYCIN,"[""AZITHROMYCIN""]",oral liquid,,ORAL LIQUID 200 MG/ 5 ML,[200.0],concentration,ml,1,true,3.49,1575(E),25-Mar-2026,,,2026-09-18,usable,,1 ML,"["""", ""227"", ""2022"", ""AZITHROMYCIN"", ""ORAL LIQUID 200 MG/ 5 ML"", ""1575(E)"", ""25-Mar-2026"", ""₹ 3.49(1 ML)""]"
CEIL-0228,ceiling,AZITHROMYCIN,"[""AZITHROMYCIN""]",tablet,,TABLET 1000 MG,[1000.0],mg,tablet,1,true,59.17,1575(E),25-Mar-2026,,,2026-09-18,usable,,1 Tablet,"["""", ""228"", ""2022"", ""AZITHROMYCIN"", ""TABLET 1000 MG"", ""1575(E)"", ""25-Mar-2026"", ""₹ 59.17(1 Tablet)""]"
CEIL-0229,ceiling,AZITHROMYCIN,"[""AZITHROMYCIN""]",injection,,INJECTION 500 MG,[500.0],mg,vial,1,true,209.63,1575(E),25-Mar-2026,,,2026-09-18,usable,,Each Vial,"["""", ""229"", ""2022"", ""AZITHROMYCIN"", ""INJECTION 500 MG"", ""1575(E)"", ""25-Mar-2026"", ""₹ 209.63(Each Vial)""]"
CEIL-0230,ceiling,AZITHROMYCIN,"[""AZITHROMYCIN""]",tablet,,TABLET 250 MG,[250.0],mg,tablet,1,true,11.95,1575(E),25-Mar-2026,,,2026-09-18,usable,,1 Tablet)( Pack,"["""", ""230"", ""2022"", ""AZITHROMYCIN"", ""TABLET 250 MG"", ""1575(E)"", ""25-Mar-2026"", ""₹ 11.95(1 Tablet)( Pack)""]"
CEIL-0231,ceiling,AZITHROMYCIN,"[""AZITHROMYCIN""]",tablet,,TABLET 500 MG,[500.0],mg,tablet,1,true,24.14,1575(E),25-Mar-2026,,,2026-09-18,usable,,1 Tablet,"["""", ""231"", ""2022"", ""AZITHROMYCIN"", ""TABLET 500 MG"", ""1575(E)"", ""25-Mar-2026"", ""₹ 24.14(1 Tablet)""]"
CEIL-0232,ceiling,AZITHROMYCIN,"[""AZITHROMYCIN""]",capsule,,CAPSULE 250 MG,[250.0],mg,capsule,1,true,10.87,1575(E),25-Mar-2026,,,2026-09-18,usable,,1 Capsule,"["""", ""232"", ""2022"", ""AZITHROMYCIN"", ""CAPSULE 250 MG"", ""1575(E)"", ""25-Mar-2026"", ""₹ 10.87(1 Capsule)""]"
CEIL-0233,ceiling,AZITHROMYCIN,"[""AZITHROMYCIN""]",capsule,,CAPSULE 500 MG,[500.0],mg,capsule,1,true,19.49,1575(E),25-Mar-2026,,,2026-09-18,usable,,1 Capsule,"["""", ""233"", ""2022"", ""AZITHROMYCIN"", ""CAPSULE 500 MG"", ""1575(E)"", ""25-Mar-2026"", ""₹ 19.49(1 Capsule)""]"
CEIL-0234,ceiling,BACLOFEN,"[""BACLOFEN""]",tablet,,TABLET 10 MG,[10.0],mg,tablet,1,true,12.19,1575(E),25-Mar-2026,,,2026-09-18,usable,,1 Tablet,"["""", ""234"", ""2022"", ""BACLOFEN"", ""TABLET 10 MG"", ""1575(E)"", ""25-Mar-2026"", ""₹ 12.19(1 Tablet)""]"
CEIL-0235,ceiling,BACLOFEN,"[""BACLOFEN""]",tablet,,TABLET 20 MG,[20.0],mg,tablet,1,true,16.67,1575(E),25-Mar-2026,,,2026-09-18,usable,,1 Tablet,"["""", ""235"", ""2022"", ""BACLOFEN"", ""TABLET 20 MG"", ""1575(E)"", ""25-Mar-2026"", ""₹ 16.67(1 Tablet)""]"
CEIL-0236,ceiling,BACLOFEN,"[""BACLOFEN""]",tablet,,TABLET 5 MG,[5.0],mg,tablet,1,true,6.52,1575(E),25-Mar-2026,,,2026-09-18,usable,,1 Tablet,"["""", ""236"", ""2022"", ""BACLOFEN"", ""TABLET 5 MG"", ""1575(E)"", ""25-Mar-2026"", ""₹ 6.52(1 Tablet)""]"
CEIL-0237,ceiling,BCG,"[""BCG""]",,,VACCINE 40 MG,[40.0],mg,dose,1,true,8.20,1575(E),25-Mar-2026,,,2026-09-18,usable,,Each Dose)( Pack,"["""", ""237"", ""2022"", ""BCG"", ""VACCINE 40 MG"", ""1575(E)"", ""25-Mar-2026"", ""₹ 8.20(Each Dose)( Pack)""]"
CEIL-0238,ceiling,BENDAMUSTINE,"[""BENDAMUSTINE""]",injection,,INJECTION 100 MG,[100.0],mg,vial,1,true,5065.58,1575(E),25-Mar-2026,,,2026-09-18,usable,,Each Vial,"["""", ""238"", ""2022"", ""BENDAMUSTINE"", ""INJECTION 100 MG"", ""1575(E)"", ""25-Mar-2026"", ""₹ 5065.58(Each Vial)""]"
CEIL-0239,ceiling,BENZATHINE BENZYLPENICILLIN,"[""BENZATHINE BENZYLPENICILLIN""]",powder for injection,,POWDER FOR INJECTION 1200000 IU,[],none,vial,1,true,20.28,1575(E),25-Mar-2026,,,2026-09-18,usable,,Each Vial,"["""", ""239"", ""2022"", ""BENZATHINE BENZYLPENICILLIN"", ""POWDER FOR INJECTION 1200000 IU"", ""1575(E)"", ""25-Mar-2026"", ""₹ 20.28(Each Vial)""]"
CEIL-0240,ceiling,BENZATHINE BENZYLPENICILLIN,"[""BENZATHINE BENZYLPENICILLIN""]",powder for injection,,POWDER FOR INJECTION 600000 IU,[],none,vial,1,true,11.97,1575(E),25-Mar-2026,,,2026-09-18,usable,,Each Vial,"["""", ""240"", ""2022"", ""BENZATHINE BENZYLPENICILLIN"", ""POWDER FOR INJECTION 600000 IU"", ""1575(E)"", ""25-Mar-2026"", ""₹ 11.97(Each Vial)""]"
CEIL-0241,ceiling,BENZOYL PEROXIDE,"[""BENZOYL PEROXIDE""]",gel,,GEL 3.5 %,[],percent,gm,1,true,10.36,1575(E),25-Mar-2026,,,2026-09-18,usable,,1 GM,"["""", ""241"", ""2022"", ""BENZOYL PEROXIDE"", ""GEL 3.5 %"", ""1575(E)"", ""25-Mar-2026"", ""₹ 10.36(1 GM)""]"
CEIL-0242,ceiling,BENZOYL PEROXIDE,"[""BENZOYL PEROXIDE""]",gel,,GEL 2.5 %,[],percent,gm,1,true,3.70,1575(E),25-Mar-2026,,,2026-09-18,usable,,1 GM,"["""", ""242"", ""2022"", ""BENZOYL PEROXIDE"", ""GEL 2.5 %"", ""1575(E)"", ""25-Mar-2026"", ""₹ 3.70(1 GM)""]"
CEIL-0243,ceiling,BENZOYL PEROXIDE,"[""BENZOYL PEROXIDE""]",gel,,GEL 5 %,[],percent,gm,1,true,8.16,1575(E),25-Mar-2026,,,2026-09-18,usable,,1 GM,"["""", ""243"", ""2022"", ""BENZOYL PEROXIDE"", ""GEL 5 %"", ""1575(E)"", ""25-Mar-2026"", ""₹ 8.16(1 GM)""]"
CEIL-0244,ceiling,BETAMETHASONE,"[""BETAMETHASONE""]",injection,,INJECTION 4 MG,[4.0],mg,ml,1,true,4.85,1575(E),25-Mar-2026,,,2026-09-18,usable,,1 ML,"["""", ""244"", ""2022"", ""BETAMETHASONE"", ""INJECTION 4 MG"", ""1575(E)"", ""25-Mar-2026"", ""₹ 4.85(1 ML)""]"
CEIL-0245,ceiling,BETAMETHASONE,"[""BETAMETHASONE""]",cream,,CREAM 0.1 %,[],percent,gm,1,true,1.07,1575(E),25-Mar-2026,,,2026-09-18,usable,,1 GM,"["""", ""245"", ""2022"", ""BETAMETHASONE"", ""CREAM 0.1 %"", ""1575(E)"", ""25-Mar-2026"", ""₹ 1.07(1 GM)""]"
CEIL-0246,ceiling,BETAMETHASONE,"[""BETAMETHASONE""]",gel,,GEL 0.05 %,[],percent,gm,1,true,0.48,1575(E),25-Mar-2026,,,2026-09-18,usable,,1 GM,"["""", ""246"", ""2022"", ""BETAMETHASONE"", ""GEL 0.05 %"", ""1575(E)"", ""25-Mar-2026"", ""₹ 0.48(1 GM)""]"
CEIL-0247,ceiling,BETAMETHASONE,"[""BETAMETHASONE""]",cream,,CREAM 0.05 %,[],percent,gm,1,true,0.68,1575(E),25-Mar-2026,,,2026-09-18,usable,,1 GM,"["""", ""247"", ""2022"", ""BETAMETHASONE"", ""CREAM 0.05 %"", ""1575(E)"", ""25-Mar-2026"", ""₹ 0.68(1 GM)""]"
CEIL-0248,ceiling,BETAMETHASONE,"[""BETAMETHASONE""]",lotion,,LOTION 0.05 %,[],percent,ml,1,true,0.67,1575(E),25-Mar-2026,,,2026-09-18,usable,,1 ML,"["""", ""248"", ""2022"", ""BETAMETHASONE"", ""LOTION 0.05 %"", ""1575(E)"", ""25-Mar-2026"", ""₹ 0.67(1 ML)""]"
CEIL-0249,ceiling,BICALUTAMIDE,"[""BICALUTAMIDE""]",tablet,,TABLET 50 MG,[50.0],mg,tablet,1,true,44.34,1575(E),25-Mar-2026,,,2026-09-18,usable,,1 Tablet,"["""", ""249"", ""2022"", ""BICALUTAMIDE"", ""TABLET 50 MG"", ""1575(E)"", ""25-Mar-2026"", ""₹ 44.34(1 Tablet)""]"
CEIL-0250,ceiling,BISACODYL,"[""BISACODYL""]",tablet,,TABLET 5 MG,[5.0],mg,tablet,1,true,1.20,1575(E),25-Mar-2026,,,2026-09-18,usable,,1 Tablet,"["""", ""250"", ""2022"", ""BISACODYL"", ""TABLET 5 MG"", ""1575(E)"", ""25-Mar-2026"", ""₹ 1.20(1 Tablet)""]"
CEIL-0251,ceiling,BISACODYL,"[""BISACODYL""]",suppository,,SUPPOSITORY 5 MG,[5.0],mg,suppository,1,true,10.22,1575(E),25-Mar-2026,,,2026-09-18,usable,,1 Suppository,"["""", ""251"", ""2022"", ""BISACODYL"", ""SUPPOSITORY 5 MG"", ""1575(E)"", ""25-Mar-2026"", ""₹ 10.22(1 Suppository)""]"
CEIL-0252,ceiling,BLEOMYCIN,"[""BLEOMYCIN""]",injection,,INJECTION 15 IU,[],none,vial,1,true,693.68,1575(E),25-Mar-2026,,,2026-09-18,usable,,Each Vial,"["""", ""252"", ""2022"", ""BLEOMYCIN"", ""INJECTION 15 IU"", ""1575(E)"", ""25-Mar-2026"", ""₹ 693.68(Each Vial)""]"
CEIL-0253,ceiling,BORTEZOMIB,"[""BORTEZOMIB""]",powder for injection,,POWDER FOR INJECTION 2 MG,[2.0],mg,vial,1,true,5386.81,1575(E),25-Mar-2026,,,2026-09-18,usable,,Each Vial,"["""", ""253"", ""2022"", ""BORTEZOMIB"", ""POWDER FOR INJECTION 2 MG"", ""1575(E)"", ""25-Mar-2026"", ""₹ 5386.81(Each Vial)""]"
CEIL-0254,ceiling,BUDESONIDE,"[""BUDESONIDE""]",,,INHALER 100 MCG,[0.1],mg,ml,1,true,13.46,1575(E),25-Mar-2026,,,2026-09-18,usable,,1 ML,"["""", ""254"", ""2022"", ""BUDESONIDE"", ""INHALER 100 MCG"", ""1575(E)"", ""25-Mar-2026"", ""₹ 13.46(1 ML)""]"
CEIL-0255,ceiling,BUDESONIDE,"[""BUDESONIDE""]",nasal spray,,NASAL SPRAY 50 MCG,[0.05],mg,ml,1,true,12.19,1575(E),25-Mar-2026,,,2026-09-18,usable,,1 ML,"["""", ""255"", ""2022"", ""BUDESONIDE"", ""NASAL SPRAY 50 MCG"", ""1575(E)"", ""25-Mar-2026"", ""₹ 12.19(1 ML)""]"
CEIL-0256,ceiling,BUDESONIDE,"[""BUDESONIDE""]",,,INHALER 200 MCG,[0.2],mg,dose,1,true,3.41,1575(E),25-Mar-2026,,,2026-09-18,usable,,Per Dose,"["""", ""256"", ""2022"", ""BUDESONIDE"", ""INHALER 200 MCG"", ""1575(E)"", ""25-Mar-2026"", ""₹ 3.41(Per Dose)""]"
CEIL-0257,ceiling,BUDESONIDE,"[""BUDESONIDE""]",,,INHALER 200 MCG,[0.2],mg,dose,1,true,2.08,1575(E),25-Mar-2026,,,2026-09-18,usable,,Per Metered Dose,"["""", ""257"", ""2022"", ""BUDESONIDE"", ""INHALER 200 MCG"", ""1575(E)"", ""25-Mar-2026"", ""₹ 2.08(Per Metered Dose)""]"
CEIL-0258,ceiling,BUDESONIDE,"[""BUDESONIDE""]",,,INHALER 100 MCG,[0.1],mg,dose,1,true,1.44,1575(E),25-Mar-2026,,,2026-09-18,usable,,Per Metered Dose,"["""", ""258"", ""2022"", ""BUDESONIDE"", ""INHALER 100 MCG"", ""1575(E)"", ""25-Mar-2026"", ""₹ 1.44(Per Metered Dose)""]"
CEIL-0259,ceiling,BUDESONIDE NASAL SPRAY,"[""BUDESONIDE NASAL SPRAY""]",nasal spray,,NASAL SPRAY 100 MCG,[0.1],mg,dose,1,true,0.83,1575(E),25-Mar-2026,,,2026-09-18,usable,,Per Dose,"["""", ""259"", ""2022"", ""BUDESONIDE NASAL SPRAY"", ""NASAL SPRAY 100 MCG"", ""1575(E)"", ""25-Mar-2026"", ""₹ 0.83(Per Dose)""]"
CEIL-0260,ceiling,BUPIVACAINE,"[""BUPIVACAINE""]",injection,,INJECTION 0.5% with 7.5% Glucose,[],percent,ml,1,true,7.57,1575(E),25-Mar-2026,,,2026-09-18,usable,,1 ML,"["""", ""260"", ""2022"", ""BUPIVACAINE"", ""INJECTION 0.5% with 7.5% Glucose"", ""1575(E)"", ""25-Mar-2026"", ""₹ 7.57(1 ML)""]"
CEIL-0261,ceiling,BUPIVACAINE,"[""BUPIVACAINE""]",injection,,INJECTION 0.5 %,[],percent,ml,1,true,4.53,1575(E),25-Mar-2026,,,2026-09-18,usable,,1 ML,"["""", ""261"", ""2022"", ""BUPIVACAINE"", ""INJECTION 0.5 %"", ""1575(E)"", ""25-Mar-2026"", ""₹ 4.53(1 ML)""]"
CEIL-0262,ceiling,BUPIVACAINE,"[""BUPIVACAINE""]",injection,,INJECTION 0.25 %,[],percent,ml,1,true,2.90,1575(E),25-Mar-2026,,,2026-09-18,usable,,1 ML,"["""", ""262"", ""2022"", ""BUPIVACAINE"", ""INJECTION 0.25 %"", ""1575(E)"", ""25-Mar-2026"", ""₹ 2.90(1 ML)""]"
CEIL-0263,ceiling,BUPRENORPHINE,"[""BUPRENORPHINE""]",tablet,,TABLET 0.4 MG,[0.4],mg,tablet,1,true,9.65,1575(E),25-Mar-2026,,,2026-09-18,usable,,1 Tablet,"["""", ""263"", ""2022"", ""BUPRENORPHINE"", ""TABLET 0.4 MG"", ""1575(E)"", ""25-Mar-2026"", ""₹ 9.65(1 Tablet)""]"
CEIL-0264,ceiling,BUPRENORPHINE + NALOXONE,"[""BUPRENORPHINE"", ""NALOXONE""]",tablet,,TABLET 0.4/0.1 MG,[0.1],mg,tablet,1,true,12.11,1575(E),25-Mar-2026,,,2026-09-18,usable,,1 Tablet,"["""", ""264"", ""2022"", ""BUPRENORPHINE + NALOXONE"", ""TABLET 0.4/0.1 MG"", ""1575(E)"", ""25-Mar-2026"", ""₹ 12.11(1 Tablet)""]"
CEIL-0265,ceiling,BUPRENORPHINE + NALOXONE,"[""BUPRENORPHINE"", ""NALOXONE""]",tablet,,TABLET 2/0.5 MG,[0.5],mg,tablet,1,true,37.86,1575(E),25-Mar-2026,,,2026-09-18,usable,,1 Tablet,"["""", ""265"", ""2022"", ""BUPRENORPHINE + NALOXONE"", ""TABLET 2/0.5 MG"", ""1575(E)"", ""25-Mar-2026"", ""₹ 37.86(1 Tablet)""]"
CEIL-0266,ceiling,CAFFEINE,"[""CAFFEINE""]",oral liquid,,ORAL LIQUID 20 MG/ML,[20.0],concentration,ml,1,true,251.58,1575(E),25-Mar-2026,,,2026-09-18,usable,,1 ML,"["""", ""266"", ""2022"", ""CAFFEINE"", ""ORAL LIQUID 20 MG/ML"", ""1575(E)"", ""25-Mar-2026"", ""₹ 251.58(1 ML)""]"
CEIL-0267,ceiling,CAFFEINE,"[""CAFFEINE""]",injection,,INJECTION 20 MG/ML,[20.0],concentration,ml,1,true,256.52,1575(E),25-Mar-2026,,,2026-09-18,usable,,1 ML,"["""", ""267"", ""2022"", ""CAFFEINE"", ""INJECTION 20 MG/ML"", ""1575(E)"", ""25-Mar-2026"", ""₹ 256.52(1 ML)""]"
CEIL-0268,ceiling,CALAMINE,"[""CALAMINE""]",lotion,,LOTION --,[],none,ml,1,true,0.98,1575(E),25-Mar-2026,,,2026-09-18,usable,,1 ML,"["""", ""268"", ""2022"", ""CALAMINE"", ""LOTION --"", ""1575(E)"", ""25-Mar-2026"", ""₹ 0.98(1 ML)""]"
CEIL-0269,ceiling,CALCIUM FOLINATE,"[""CALCIUM FOLINATE""]",tablet,,TABLET 15 MG,[15.0],mg,tablet,1,true,48.68,1575(E),25-Mar-2026,,,2026-09-18,usable,,1 Tablet,"["""", ""269"", ""2022"", ""CALCIUM FOLINATE"", ""TABLET 15 MG"", ""1575(E)"", ""25-Mar-2026"", ""₹ 48.68(1 Tablet)""]"
CEIL-0270,ceiling,CAPECITABINE,"[""CAPECITABINE""]",tablet,,TABLET 500 MG,[500.0],mg,tablet,1,true,115.43,1575(E),25-Mar-2026,,,2026-09-18,usable,,1 Tablet,"["""", ""270"", ""2022"", ""CAPECITABINE"", ""TABLET 500 MG"", ""1575(E)"", ""25-Mar-2026"", ""₹ 115.43(1 Tablet)""]"
CEIL-0271,ceiling,CARBAMAZEPINE,"[""CARBAMAZEPINE""]",tablet,modified_release,MODIFIED RELEASE TABLET 200 MG,[200.0],mg,tablet,1,true,2.46,1575(E),25-Mar-2026,,,2026-09-18,usable,,1 Tablet,"["""", ""271"", ""2022"", ""CARBAMAZEPINE"", ""MODIFIED RELEASE TABLET 200 MG"", ""1575(E)"", ""25-Mar-2026"", ""₹ 2.46(1 Tablet)""]"
CEIL-0272,ceiling,CARBAMAZEPINE,"[""CARBAMAZEPINE""]",tablet,,TABLET 400 MG,[400.0],mg,tablet,1,true,3.63,1575(E),25-Mar-2026,,,2026-09-18,usable,,1 Tablet,"["""", ""272"", ""2022"", ""CARBAMAZEPINE"", ""TABLET 400 MG"", ""1575(E)"", ""25-Mar-2026"", ""₹ 3.63(1 Tablet)""]"
CEIL-0273,ceiling,CARBAMAZEPINE,"[""CARBAMAZEPINE""]",tablet,modified_release,MODIFIED RELEASE TABLET 400 MG,[400.0],mg,tablet,1,true,4.77,1575(E),25-Mar-2026,,,2026-09-18,usable,,1 Tablet,"["""", ""273"", ""2022"", ""CARBAMAZEPINE"", ""MODIFIED RELEASE TABLET 400 MG"", ""1575(E)"", ""25-Mar-2026"", ""₹ 4.77(1 Tablet)""]"
CEIL-0274,ceiling,CARBAMAZEPINE,"[""CARBAMAZEPINE""]",tablet,,TABLET 100 MG,[100.0],mg,tablet,1,true,1.10,1575(E),25-Mar-2026,,,2026-09-18,usable,,1 Tablet,"["""", ""274"", ""2022"", ""CARBAMAZEPINE"", ""TABLET 100 MG"", ""1575(E)"", ""25-Mar-2026"", ""₹ 1.10(1 Tablet)""]"
CEIL-0275,ceiling,CARBAMAZEPINE,"[""CARBAMAZEPINE""]",tablet,,TABLET 200 MG,[200.0],mg,tablet,1,true,1.61,1575(E),25-Mar-2026,,,2026-09-18,usable,,1 Tablet,"["""", ""275"", ""2022"", ""CARBAMAZEPINE"", ""TABLET 200 MG"", ""1575(E)"", ""25-Mar-2026"", ""₹ 1.61(1 Tablet)""]"
CEIL-0276,ceiling,CARBAMAZEPINE,"[""CARBAMAZEPINE""]",oral liquid,,ORAL LIQUID 100 MG/ 5 ML,[100.0],concentration,ml,1,true,0.32,1575(E),25-Mar-2026,,,2026-09-18,usable,,1 ML,"["""", ""276"", ""2022"", ""CARBAMAZEPINE"", ""ORAL LIQUID 100 MG/ 5 ML"", ""1575(E)"", ""25-Mar-2026"", ""₹ 0.32(1 ML)""]"
CEIL-0277,ceiling,CARBIMAZOLE,"[""CARBIMAZOLE""]",tablet,,TABLET 20 MG,[20.0],mg,tablet,1,true,14.20,1575(E),25-Mar-2026,,,2026-09-18,usable,,1 Tablet,"["""", ""277"", ""2022"", ""CARBIMAZOLE"", ""TABLET 20 MG"", ""1575(E)"", ""25-Mar-2026"", ""₹ 14.20(1 Tablet)""]"
CEIL-0278,ceiling,CARBIMAZOLE,"[""CARBIMAZOLE""]",tablet,,TABLET 10 MG,[10.0],mg,tablet,1,true,4.36,1575(E),25-Mar-2026,,,2026-09-18,usable,,1 Tablet,"["""", ""278"", ""2022"", ""CARBIMAZOLE"", ""TABLET 10 MG"", ""1575(E)"", ""25-Mar-2026"", ""₹ 4.36(1 Tablet)""]"
CEIL-0279,ceiling,CARBIMAZOLE,"[""CARBIMAZOLE""]",tablet,,TABLET 5 MG,[5.0],mg,tablet,1,true,2.24,1575(E),25-Mar-2026,,,2026-09-18,usable,,1 Tablet,"["""", ""279"", ""2022"", ""CARBIMAZOLE"", ""TABLET 5 MG"", ""1575(E)"", ""25-Mar-2026"", ""₹ 2.24(1 Tablet)""]"
CEIL-0280,ceiling,CARBOPLATIN,"[""CARBOPLATIN""]",injection,,INJECTION 10 MG,[10.0],mg,ml,1,true,60.49,1575(E),25-Mar-2026,,,2026-09-18,usable,,1 ML,"["""", ""280"", ""2022"", ""CARBOPLATIN"", ""INJECTION 10 MG"", ""1575(E)"", ""25-Mar-2026"", ""₹ 60.49(1 ML)""]"
CEIL-0281,ceiling,CARBOXY METHYL CELLULOSE,"[""CARBOXY METHYL CELLULOSE""]",drops,,EYE DROPS 1 %,[],percent,ml,1,true,16.98,1575(E),25-Mar-2026,,,2026-09-18,usable,,1 ML,"["""", ""281"", ""2022"", ""CARBOXY METHYL CELLULOSE"", ""EYE DROPS 1 %"", ""1575(E)"", ""25-Mar-2026"", ""₹ 16.98(1 ML)""]"
CEIL-0282,ceiling,CARBOXY METHYL CELLULOSE,"[""CARBOXY METHYL CELLULOSE""]",drops,,DROPS 0.5 %,[],percent,ml,1,true,12.59,1575(E),25-Mar-2026,,,2026-09-18,usable,,1 ML,"["""", ""282"", ""2022"", ""CARBOXY METHYL CELLULOSE"", ""DROPS 0.5 %"", ""1575(E)"", ""25-Mar-2026"", ""₹ 12.59(1 ML)""]"
CEIL-0283,ceiling,CEFADROXIL,"[""CEFADROXIL""]",tablet,,TABLET 500 MG,[500.0],mg,tablet,1,true,6.87,1575(E),25-Mar-2026,,,2026-09-18,usable,,1 Tablet)( Pack,"["""", ""283"", ""2022"", ""CEFADROXIL"", ""TABLET 500 MG"", ""1575(E)"", ""25-Mar-2026"", ""₹ 6.87(1 Tablet)( Pack)""]"
CEIL-0284,ceiling,CEFADROXIL,"[""CEFADROXIL""]",suspension,,SUSPENSION 125 MG,[125.0],mg,ml,1,true,0.69,1575(E),25-Mar-2026,,,2026-09-18,usable,,1 ML,"["""", ""284"", ""2022"", ""CEFADROXIL"", ""SUSPENSION 125 MG"", ""1575(E)"", ""25-Mar-2026"", ""₹ 0.69(1 ML)""]"
CEIL-0285,ceiling,CEFIXIME,"[""CEFIXIME""]",oral suspension,,ORAL SUSPENSION 50 MG,[50.0],mg,ml,1,true,1.67,1575(E),25-Mar-2026,,,2026-09-18,usable,,1 ML,"["""", ""285"", ""2022"", ""CEFIXIME"", ""ORAL SUSPENSION 50 MG"", ""1575(E)"", ""25-Mar-2026"", ""₹ 1.67(1 ML)""]"
CEIL-0286,ceiling,CEFIXIME,"[""CEFIXIME""]",oral liquid,,ORAL LIQUID 100 MG/ 5 ML,[100.0],concentration,ml,1,true,2.45,1575(E),25-Mar-2026,,,2026-09-18,usable,,1 ML,"["""", ""286"", ""2022"", ""CEFIXIME"", ""ORAL LIQUID 100 MG/ 5 ML"", ""1575(E)"", ""25-Mar-2026"", ""₹ 2.45(1 ML)""]"
CEIL-0287,ceiling,CEFIXIME,"[""CEFIXIME""]",tablet,,TABLET 200 MG,[200.0],mg,tablet,1,true,10.01,1575(E),25-Mar-2026,,,2026-09-18,usable,,1 Tablet,"["""", ""287"", ""2022"", ""CEFIXIME"", ""TABLET 200 MG"", ""1575(E)"", ""25-Mar-2026"", ""₹ 10.01(1 Tablet)""]"
CEIL-0288,ceiling,CEFIXIME,"[""CEFIXIME""]",capsule,,CAPSULE 200 MG,[200.0],mg,capsule,1,true,15.04,1575(E),25-Mar-2026,,,2026-09-18,usable,,1 Capsule,"["""", ""288"", ""2022"", ""CEFIXIME"", ""CAPSULE 200 MG"", ""1575(E)"", ""25-Mar-2026"", ""₹ 15.04(1 Capsule)""]"
CEIL-0289,ceiling,CEFIXIME,"[""CEFIXIME""]",tablet,,TABLET 400 MG,[400.0],mg,tablet,1,true,22.63,1575(E),25-Mar-2026,,,2026-09-18,usable,,1 Tablet,"["""", ""289"", ""2022"", ""CEFIXIME"", ""TABLET 400 MG"", ""1575(E)"", ""25-Mar-2026"", ""₹ 22.63(1 Tablet)""]"
CEIL-0290,ceiling,CEFOTAXIME,"[""CEFOTAXIME""]",powder for injection,,POWDER FOR INJECTION 250 MG,[250.0],mg,vial,1,true,18.15,1575(E),25-Mar-2026,,,2026-09-18,usable,,Each Vial,"["""", ""290"", ""2022"", ""CEFOTAXIME"", ""POWDER FOR INJECTION 250 MG"", ""1575(E)"", ""25-Mar-2026"", ""₹ 18.15(Each Vial)""]"
CEIL-0291,ceiling,CEFOTAXIME,"[""CEFOTAXIME""]",powder for injection,,POWDER FOR INJECTION 1000 MG,[1000.0],mg,vial,1,true,40.92,1575(E),25-Mar-2026,,,2026-09-18,usable,,Each Vial,"["""", ""291"", ""2022"", ""CEFOTAXIME"", ""POWDER FOR INJECTION 1000 MG"", ""1575(E)"", ""25-Mar-2026"", ""₹ 40.92(Each Vial)""]"
CEIL-0292,ceiling,CEFOTAXIME,"[""CEFOTAXIME""]",powder for injection,,POWDER FOR INJECTION 500 MG,[500.0],mg,vial,1,true,24.96,1575(E),25-Mar-2026,,,2026-09-18,usable,,Each Vial,"["""", ""292"", ""2022"", ""CEFOTAXIME"", ""POWDER FOR INJECTION 500 MG"", ""1575(E)"", ""25-Mar-2026"", ""₹ 24.96(Each Vial)""]"
CEIL-0293,ceiling,CEFTAZIDIME,"[""CEFTAZIDIME""]",powder for injection,,POWDER FOR INJECTION 1000 MG,[1000.0],mg,vial,1,true,232.47,1575(E),25-Mar-2026,,,2026-09-18,usable,,Each Vial,"["""", ""293"", ""2022"", ""CEFTAZIDIME"", ""POWDER FOR INJECTION 1000 MG"", ""1575(E)"", ""25-Mar-2026"", ""₹ 232.47(Each Vial)""]"
CEIL-0294,ceiling,CEFTAZIDIME,"[""CEFTAZIDIME""]",powder for injection,,POWDER FOR INJECTION 250 MG,[250.0],mg,vial,1,true,80.97,1575(E),25-Mar-2026,,,2026-09-18,usable,,Each Vial,"["""", ""294"", ""2022"", ""CEFTAZIDIME"", ""POWDER FOR INJECTION 250 MG"", ""1575(E)"", ""25-Mar-2026"", ""₹ 80.97(Each Vial)""]"
CEIL-0295,ceiling,CEFTRIAXONE,"[""CEFTRIAXONE""]",powder for injection,,POWDER FOR INJECTION 2000 MG,[2000.0],mg,vial,1,true,141.43,1575(E),25-Mar-2026,,,2026-09-18,usable,,Each Vial,"["""", ""295"", ""2022"", ""CEFTRIAXONE"", ""POWDER FOR INJECTION 2000 MG"", ""1575(E)"", ""25-Mar-2026"", ""₹ 141.43(Each Vial)""]"
CEIL-0296,ceiling,CEFTRIAXONE,"[""CEFTRIAXONE""]",powder for injection,,POWDER FOR INJECTION 250 MG,[250.0],mg,vial,1,true,29.02,1575(E),25-Mar-2026,,,2026-09-18,usable,,Each Vial,"["""", ""296"", ""2022"", ""CEFTRIAXONE"", ""POWDER FOR INJECTION 250 MG"", ""1575(E)"", ""25-Mar-2026"", ""₹ 29.02(Each Vial)""]"
CEIL-0297,ceiling,CEFTRIAXONE,"[""CEFTRIAXONE""]",powder for injection,,POWDER FOR INJECTION 500 MG,[500.0],mg,vial,1,true,51.49,1575(E),25-Mar-2026,,,2026-09-18,usable,,Each Vial,"["""", ""297"", ""2022"", ""CEFTRIAXONE"", ""POWDER FOR INJECTION 500 MG"", ""1575(E)"", ""25-Mar-2026"", ""₹ 51.49(Each Vial)""]"
CEIL-0298,ceiling,CEFTRIAXONE,"[""CEFTRIAXONE""]",powder for injection,,POWDER FOR INJECTION 1000 MG,[1000.0],mg,vial,1,true,63.88,1575(E),25-Mar-2026,,,2026-09-18,usable,,Each Vial,"["""", ""298"", ""2022"", ""CEFTRIAXONE"", ""POWDER FOR INJECTION 1000 MG"", ""1575(E)"", ""25-Mar-2026"", ""₹ 63.88(Each Vial)""]"
CEIL-0299,ceiling,CEFUROXIME,"[""CEFUROXIME""]",oral suspension,,ORAL SUSPENSION 125 MG,[125.0],mg,ml,1,true,5.44,1575(E),25-Mar-2026,,,2026-09-18,usable,,1 ML)( Pack,"["""", ""299"", ""2022"", ""CEFUROXIME"", ""ORAL SUSPENSION 125 MG"", ""1575(E)"", ""25-Mar-2026"", ""₹ 5.44(1 ML)( Pack)""]"
CEIL-0300,ceiling,CEFUROXIME,"[""CEFUROXIME""]",tablet,,TABLET 500 MG,[500.0],mg,tablet,1,true,52.67,1575(E),25-Mar-2026,,,2026-09-18,usable,,1 Tablet,"["""", ""300"", ""2022"", ""CEFUROXIME"", ""TABLET 500 MG"", ""1575(E)"", ""25-Mar-2026"", ""₹ 52.67(1 Tablet)""]"
CEIL-0301,ceiling,CEFUROXIME,"[""CEFUROXIME""]",injection,,INJECTION 1500 MG,[1500.0],mg,vial,1,true,346.90,1575(E),25-Mar-2026,,,2026-09-18,usable,,Each Vial,"["""", ""301"", ""2022"", ""CEFUROXIME"", ""INJECTION 1500 MG"", ""1575(E)"", ""25-Mar-2026"", ""₹ 346.90(Each Vial)""]"
CEIL-0302,ceiling,CETIRIZINE,"[""CETIRIZINE""]",suspension,,SUSPENSION 5 MG,[5.0],mg,ml,1,true,0.67,1575(E),25-Mar-2026,,,2026-09-18,usable,,1 ML,"["""", ""302"", ""2022"", ""CETIRIZINE"", ""SUSPENSION 5 MG"", ""1575(E)"", ""25-Mar-2026"", ""₹ 0.67(1 ML)""]"
CEIL-0303,ceiling,CETIRIZINE,"[""CETIRIZINE""]",tablet,,TABLET 10 MG,[10.0],mg,tablet,1,true,1.92,1575(E),25-Mar-2026,,,2026-09-18,usable,,1 Tablet,"["""", ""303"", ""2022"", ""CETIRIZINE"", ""TABLET 10 MG"", ""1575(E)"", ""25-Mar-2026"", ""₹ 1.92(1 Tablet)""]"
CEIL-0304,ceiling,CHLORAMBUCIL,"[""CHLORAMBUCIL""]",tablet,,TABLET 5 MG,[5.0],mg,tablet,1,true,79.06,1575(E),25-Mar-2026,,,2026-09-18,usable,,1 Tablet,"["""", ""304"", ""2022"", ""CHLORAMBUCIL"", ""TABLET 5 MG"", ""1575(E)"", ""25-Mar-2026"", ""₹ 79.06(1 Tablet)""]"
CEIL-0305,ceiling,CHLORAMBUCIL,"[""CHLORAMBUCIL""]",tablet,,TABLET 2 MG,[2.0],mg,tablet,1,true,31.91,1575(E),25-Mar-2026,,,2026-09-18,usable,,1 Tablet,"["""", ""305"", ""2022"", ""CHLORAMBUCIL"", ""TABLET 2 MG"", ""1575(E)"", ""25-Mar-2026"", ""₹ 31.91(1 Tablet)""]"
CEIL-0306,ceiling,CHLOROQUINE,"[""CHLOROQUINE""]",tablet,,TABLET 150 MG,[150.0],mg,tablet,1,true,1.36,1575(E),25-Mar-2026,,,2026-09-18,usable,,1 Tablet)( Pack,"["""", ""306"", ""2022"", ""CHLOROQUINE"", ""TABLET 150 MG"", ""1575(E)"", ""25-Mar-2026"", ""₹ 1.36(1 Tablet)( Pack)""]"
CEIL-0307,ceiling,CHLOROQUINE,"[""CHLOROQUINE""]",suspension,,SUSPENSION 50 MG,[50.0],mg,ml,1,true,0.35,1575(E),25-Mar-2026,,,2026-09-18,usable,,1 ML,"["""", ""307"", ""2022"", ""CHLOROQUINE"", ""SUSPENSION 50 MG"", ""1575(E)"", ""25-Mar-2026"", ""₹ 0.35(1 ML)""]"
CEIL-0308,ceiling,CIPROFLOXACIN,"[""CIPROFLOXACIN""]",tablet,,TABLET 500 MG,[500.0],mg,tablet,1,true,4.35,1575(E),25-Mar-2026,,,2026-09-18,usable,,1 Tablet,"["""", ""308"", ""2022"", ""CIPROFLOXACIN"", ""TABLET 500 MG"", ""1575(E)"", ""25-Mar-2026"", ""₹ 4.35(1 Tablet)""]"
CEIL-0309,ceiling,CIPROFLOXACIN,"[""CIPROFLOXACIN""]",ointment,,OINTMENT 0.3 %,[],percent,gm,1,true,1.32,1575(E),25-Mar-2026,,,2026-09-18,usable,,1 GM,"["""", ""309"", ""2022"", ""CIPROFLOXACIN"", ""OINTMENT 0.3 %"", ""1575(E)"", ""25-Mar-2026"", ""₹ 1.32(1 GM)""]"
CEIL-0310,ceiling,CIPROFLOXACIN,"[""CIPROFLOXACIN""]",drops,,DROPS 0.3 %,[],percent,ml,1,true,1.58,1575(E),25-Mar-2026,,,2026-09-18,usable,,1 ML,"["""", ""310"", ""2022"", ""CIPROFLOXACIN"", ""DROPS 0.3 %"", ""1575(E)"", ""25-Mar-2026"", ""₹ 1.58(1 ML)""]"
CEIL-0311,ceiling,CIPROFLOXACIN,"[""CIPROFLOXACIN""]",tablet,,TABLET 250 MG,[250.0],mg,tablet,1,true,2.25,1575(E),25-Mar-2026,,,2026-09-18,usable,,1 Tablet,"["""", ""311"", ""2022"", ""CIPROFLOXACIN"", ""TABLET 250 MG"", ""1575(E)"", ""25-Mar-2026"", ""₹ 2.25(1 Tablet)""]"
CEIL-0312,ceiling,CIPROFLOXACIN,"[""CIPROFLOXACIN""]",oral suspension,,ORAL SUSPENSION 250 MG,[250.0],mg,ml,1,true,0.75,1575(E),25-Mar-2026,,,2026-09-18,usable,,1 ML,"["""", ""312"", ""2022"", ""CIPROFLOXACIN"", ""ORAL SUSPENSION 250 MG"", ""1575(E)"", ""25-Mar-2026"", ""₹ 0.75(1 ML)""]"
CEIL-0313,ceiling,CIPROFLOXACIN,"[""CIPROFLOXACIN""]",injection,,INJECTION 200 MG/ 100 ML,[200.0],concentration,ml,1,true,0.20,1575(E),25-Mar-2026,,,2026-09-18,usable,,1 ML,"["""", ""313"", ""2022"", ""CIPROFLOXACIN"", ""INJECTION 200 MG/ 100 ML"", ""1575(E)"", ""25-Mar-2026"", ""₹ 0.20(1 ML)""]"
CEIL-0314,ceiling,CISPLATIN,"[""CISPLATIN""]",injection,,INJECTION 1 MG,[1.0],mg,ml,1,true,7.26,1575(E),25-Mar-2026,,,2026-09-18,usable,,1 ML,"["""", ""314"", ""2022"", ""CISPLATIN"", ""INJECTION 1 MG"", ""1575(E)"", ""25-Mar-2026"", ""₹ 7.26(1 ML)""]"
CEIL-0315,ceiling,CLARITHROMYCIN,"[""CLARITHROMYCIN""]",suspension,,SUSPENSION 125 MG,[125.0],mg,ml,1,true,4.76,1575(E),25-Mar-2026,,,2026-09-18,usable,,1 ML)( Pack,"["""", ""315"", ""2022"", ""CLARITHROMYCIN"", ""SUSPENSION 125 MG"", ""1575(E)"", ""25-Mar-2026"", ""₹ 4.76(1 ML)( Pack)""]"
CEIL-0316,ceiling,CLARITHROMYCIN,"[""CLARITHROMYCIN""]",tablet,,TABLET 500 MG,[500.0],mg,tablet,1,true,40.79,1575(E),25-Mar-2026,,,2026-09-18,usable,,1 Tablet,"["""", ""316"", ""2022"", ""CLARITHROMYCIN"", ""TABLET 500 MG"", ""1575(E)"", ""25-Mar-2026"", ""₹ 40.79(1 Tablet)""]"
CEIL-0317,ceiling,CLARITHROMYCIN,"[""CLARITHROMYCIN""]",tablet,,TABLET 250 MG,[250.0],mg,tablet,1,true,24.64,1575(E),25-Mar-2026,,,2026-09-18,usable,,1 Tablet)( Pack,"["""", ""317"", ""2022"", ""CLARITHROMYCIN"", ""TABLET 250 MG"", ""1575(E)"", ""25-Mar-2026"", ""₹ 24.64(1 Tablet)( Pack)""]"
CEIL-0318,ceiling,CLINDAMYCIN,"[""CLINDAMYCIN""]",tablet,,TABLET 300 MG,[300.0],mg,tablet,1,true,19.43,1575(E),25-Mar-2026,,,2026-09-18,usable,,1 Tablet,"["""", ""318"", ""2022"", ""CLINDAMYCIN"", ""TABLET 300 MG"", ""1575(E)"", ""25-Mar-2026"", ""₹ 19.43(1 Tablet)""]"
CEIL-0319,ceiling,CLINDAMYCIN,"[""CLINDAMYCIN""]",injection,,INJECTION 150 MG,[150.0],mg,ml,1,true,62.05,1575(E),25-Mar-2026,,,2026-09-18,usable,,1 ML,"["""", ""319"", ""2022"", ""CLINDAMYCIN"", ""INJECTION 150 MG"", ""1575(E)"", ""25-Mar-2026"", ""₹ 62.05(1 ML)""]"
CEIL-0320,ceiling,CLINDAMYCIN,"[""CLINDAMYCIN""]",capsule,,CAPSULE 300 MG,[300.0],mg,capsule,1,true,29.05,1575(E),25-Mar-2026,,,2026-09-18,usable,,1 Capsule,"["""", ""320"", ""2022"", ""CLINDAMYCIN"", ""CAPSULE 300 MG"", ""1575(E)"", ""25-Mar-2026"", ""₹ 29.05(1 Capsule)""]"
CEIL-0321,ceiling,CLINDAMYCIN,"[""CLINDAMYCIN""]",capsule,,CAPSULE 150 MG,[150.0],mg,capsule,1,true,16.75,1575(E),25-Mar-2026,,,2026-09-18,usable,,1 Capsule,"["""", ""321"", ""2022"", ""CLINDAMYCIN"", ""CAPSULE 150 MG"", ""1575(E)"", ""25-Mar-2026"", ""₹ 16.75(1 Capsule)""]"
CEIL-0322,ceiling,CLOBAZAM,"[""CLOBAZAM""]",tablet,,TABLET 5 MG,[5.0],mg,tablet,1,true,5.87,1575(E),25-Mar-2026,,,2026-09-18,usable,,1 Tablet,"["""", ""322"", ""2022"", ""CLOBAZAM"", ""TABLET 5 MG"", ""1575(E)"", ""25-Mar-2026"", ""₹ 5.87(1 Tablet)""]"
CEIL-0323,ceiling,CLOBAZAM,"[""CLOBAZAM""]",tablet,,TABLET 10 MG,[10.0],mg,tablet,1,true,10.08,1575(E),25-Mar-2026,,,2026-09-18,usable,,1 Tablet,"["""", ""323"", ""2022"", ""CLOBAZAM"", ""TABLET 10 MG"", ""1575(E)"", ""25-Mar-2026"", ""₹ 10.08(1 Tablet)""]"
CEIL-0324,ceiling,CLOFAZIMINE,"[""CLOFAZIMINE""]",capsule,,CAPSULE 100 MG,[100.0],mg,capsule,1,true,4.08,1575(E),25-Mar-2026,,,2026-09-18,usable,,1 Capsule,"["""", ""324"", ""2022"", ""CLOFAZIMINE"", ""CAPSULE 100 MG"", ""1575(E)"", ""25-Mar-2026"", ""₹ 4.08(1 Capsule)""]"
CEIL-0325,ceiling,CLOFAZIMINE,"[""CLOFAZIMINE""]",capsule,,CAPSULE 50 MG,[50.0],mg,capsule,1,true,2.16,1575(E),25-Mar-2026,,,2026-09-18,usable,,1 Capsule,"["""", ""325"", ""2022"", ""CLOFAZIMINE"", ""CAPSULE 50 MG"", ""1575(E)"", ""25-Mar-2026"", ""₹ 2.16(1 Capsule)""]"
CEIL-0326,ceiling,CLOMIFENE,"[""CLOMIFENE""]",capsule,,CAPSULE 100 MG,[100.0],mg,capsule,1,true,52.37,1575(E),25-Mar-2026,,,2026-09-18,usable,,1 Capsule,"["""", ""326"", ""2022"", ""CLOMIFENE"", ""CAPSULE 100 MG"", ""1575(E)"", ""25-Mar-2026"", ""₹ 52.37(1 Capsule)""]"
CEIL-0327,ceiling,CLOMIFENE,"[""CLOMIFENE""]",capsule,,CAPSULE 50 MG,[50.0],mg,capsule,1,true,28.03,1575(E),25-Mar-2026,,,2026-09-18,usable,,1 Capsule,"["""", ""327"", ""2022"", ""CLOMIFENE"", ""CAPSULE 50 MG"", ""1575(E)"", ""25-Mar-2026"", ""₹ 28.03(1 Capsule)""]"
CEIL-0328,ceiling,CLOMIPHENE,"[""CLOMIPHENE""]",tablet,,TABLET 100 MG,[100.0],mg,tablet,1,true,14.28,1575(E),25-Mar-2026,,,2026-09-18,usable,,1 Tablet,"["""", ""328"", ""2022"", ""CLOMIPHENE"", ""TABLET 100 MG"", ""1575(E)"", ""25-Mar-2026"", ""₹ 14.28(1 Tablet)""]"
CEIL-0329,ceiling,CLOMIPHENE,"[""CLOMIPHENE""]",tablet,,TABLET 50 MG,[50.0],mg,tablet,1,true,9.05,1575(E),25-Mar-2026,,,2026-09-18,usable,,1 Tablet,"["""", ""329"", ""2022"", ""CLOMIPHENE"", ""TABLET 50 MG"", ""1575(E)"", ""25-Mar-2026"", ""₹ 9.05(1 Tablet)""]"
CEIL-0330,ceiling,CLOMIPRAMINE,"[""CLOMIPRAMINE""]",tablet,,TABLET 75 MG,[75.0],mg,tablet,1,true,16.86,1575(E),25-Mar-2026,,,2026-09-18,usable,,1 Tablet,"["""", ""330"", ""2022"", ""CLOMIPRAMINE"", ""TABLET 75 MG"", ""1575(E)"", ""25-Mar-2026"", ""₹ 16.86(1 Tablet)""]"
CEIL-0331,ceiling,CLOMIPRAMINE,"[""CLOMIPRAMINE""]",tablet,,TABLET 25 MG,[25.0],mg,tablet,1,true,6.37,1575(E),25-Mar-2026,,,2026-09-18,usable,,1 Tablet,"["""", ""331"", ""2022"", ""CLOMIPRAMINE"", ""TABLET 25 MG"", ""1575(E)"", ""25-Mar-2026"", ""₹ 6.37(1 Tablet)""]"
CEIL-0332,ceiling,CLOMIPRAMINE,"[""CLOMIPRAMINE""]",tablet,,TABLET 10 MG,[10.0],mg,tablet,1,true,2.92,1575(E),25-Mar-2026,,,2026-09-18,usable,,1 Tablet,"["""", ""332"", ""2022"", ""CLOMIPRAMINE"", ""TABLET 10 MG"", ""1575(E)"", ""25-Mar-2026"", ""₹ 2.92(1 Tablet)""]"
CEIL-0333,ceiling,CLONAZEPAM,"[""CLONAZEPAM""]",tablet,,TABLET 1 MG,[1.0],mg,tablet,1,true,4.88,1575(E),25-Mar-2026,,,2026-09-18,usable,,1 Tablet,"["""", ""333"", ""2022"", ""CLONAZEPAM"", ""TABLET 1 MG"", ""1575(E)"", ""25-Mar-2026"", ""₹ 4.88(1 Tablet)""]"
CEIL-0334,ceiling,CLONAZEPAM,"[""CLONAZEPAM""]",tablet,,TABLET 0.25 MG,[0.25],mg,tablet,1,true,2.07,1575(E),25-Mar-2026,,,2026-09-18,usable,,1 Tablet,"["""", ""334"", ""2022"", ""CLONAZEPAM"", ""TABLET 0.25 MG"", ""1575(E)"", ""25-Mar-2026"", ""₹ 2.07(1 Tablet)""]"
CEIL-0335,ceiling,CLONAZEPAM,"[""CLONAZEPAM""]",tablet,,TABLET 0.5 MG,[0.5],mg,tablet,1,true,3.53,1575(E),25-Mar-2026,,,2026-09-18,usable,,1 Tablet,"["""", ""335"", ""2022"", ""CLONAZEPAM"", ""TABLET 0.5 MG"", ""1575(E)"", ""25-Mar-2026"", ""₹ 3.53(1 Tablet)""]"
CEIL-0336,ceiling,CLOPIDOGREL,"[""CLOPIDOGREL""]",tablet,,TABLET 150 MG,[150.0],mg,tablet,1,true,20.98,1575(E),25-Mar-2026,,,2026-09-18,usable,,1 Tablet,"["""", ""336"", ""2022"", ""CLOPIDOGREL"", ""TABLET 150 MG"", ""1575(E)"", ""25-Mar-2026"", ""₹ 20.98(1 Tablet)""]"
CEIL-0337,ceiling,CLOPIDOGREL,"[""CLOPIDOGREL""]",tablet,,TABLET 75 MG,[75.0],mg,tablet,1,true,6.82,1575(E),25-Mar-2026,,,2026-09-18,usable,,1 Tablet,"["""", ""337"", ""2022"", ""CLOPIDOGREL"", ""TABLET 75 MG"", ""1575(E)"", ""25-Mar-2026"", ""₹ 6.82(1 Tablet)""]"
CEIL-0338,ceiling,CLOTRIMAZOLE,"[""CLOTRIMAZOLE""]",pessary,,PESSARY 100 MG,[100.0],mg,unit,1,true,10.25,1575(E),25-Mar-2026,,,2026-09-18,usable,,1 Pessary,"["""", ""338"", ""2022"", ""CLOTRIMAZOLE"", ""PESSARY 100 MG"", ""1575(E)"", ""25-Mar-2026"", ""₹ 10.25(1 Pessary)""]"
CEIL-0339,ceiling,CLOTRIMAZOLE,"[""CLOTRIMAZOLE""]",lotion,,LOTION 1 %,[],percent,ml,1,true,3.99,1575(E),25-Mar-2026,,,2026-09-18,usable,,1 ML,"["""", ""339"", ""2022"", ""CLOTRIMAZOLE"", ""LOTION 1 %"", ""1575(E)"", ""25-Mar-2026"", ""₹ 3.99(1 ML)""]"
CEIL-0340,ceiling,CLOTRIMAZOLE,"[""CLOTRIMAZOLE""]",drops,,EAR DROPS 1 %,[],percent,ml,1,true,3.45,1575(E),25-Mar-2026,,,2026-09-18,usable,,1 ML,"["""", ""340"", ""2022"", ""CLOTRIMAZOLE"", ""EAR DROPS 1 %"", ""1575(E)"", ""25-Mar-2026"", ""₹ 3.45(1 ML)""]"
CEIL-0341,ceiling,CLOTRIMAZOLE,"[""CLOTRIMAZOLE""]",cream,,CREAM 1 %,[],percent,gm,1,true,3.07,1575(E),25-Mar-2026,,,2026-09-18,usable,,1 GM,"["""", ""341"", ""2022"", ""CLOTRIMAZOLE"", ""CREAM 1 %"", ""1575(E)"", ""25-Mar-2026"", ""₹ 3.07(1 GM)""]"
CEIL-0342,ceiling,CLOXACILLIN,"[""CLOXACILLIN""]",capsule,,CAPSULE 250 MG,[250.0],mg,capsule,1,true,1.44,1575(E),25-Mar-2026,,,2026-09-18,usable,,1 Capsule,"["""", ""342"", ""2022"", ""CLOXACILLIN"", ""CAPSULE 250 MG"", ""1575(E)"", ""25-Mar-2026"", ""₹ 1.44(1 Capsule)""]"
CEIL-0343,ceiling,CLOXACILLIN,"[""CLOXACILLIN""]",capsule,,CAPSULE 500 MG,[500.0],mg,capsule,1,true,2.44,1575(E),25-Mar-2026,,,2026-09-18,usable,,1 Capsule,"["""", ""343"", ""2022"", ""CLOXACILLIN"", ""CAPSULE 500 MG"", ""1575(E)"", ""25-Mar-2026"", ""₹ 2.44(1 Capsule)""]"
CEIL-0344,ceiling,CLOZAPINE,"[""CLOZAPINE""]",tablet,,TABLET 100 MG,[100.0],mg,tablet,1,true,8.66,1575(E),25-Mar-2026,,,2026-09-18,usable,,1 Tablet,"["""", ""344"", ""2022"", ""CLOZAPINE"", ""TABLET 100 MG"", ""1575(E)"", ""25-Mar-2026"", ""₹ 8.66(1 Tablet)""]"
CEIL-0345,ceiling,CLOZAPINE,"[""CLOZAPINE""]",tablet,,TABLET 50 MG,[50.0],mg,tablet,1,true,5.31,1575(E),25-Mar-2026,,,2026-09-18,usable,,1 Tablet,"["""", ""345"", ""2022"", ""CLOZAPINE"", ""TABLET 50 MG"", ""1575(E)"", ""25-Mar-2026"", ""₹ 5.31(1 Tablet)""]"
CEIL-0346,ceiling,CLOZAPINE,"[""CLOZAPINE""]",tablet,,TABLET 25 MG,[25.0],mg,tablet,1,true,2.85,1575(E),25-Mar-2026,,,2026-09-18,usable,,1 Tablet,"["""", ""346"", ""2022"", ""CLOZAPINE"", ""TABLET 25 MG"", ""1575(E)"", ""25-Mar-2026"", ""₹ 2.85(1 Tablet)""]"
CEIL-0347,ceiling,COLCHICINE,"[""COLCHICINE""]",tablet,,TABLET 0.5 MG,[0.5],mg,tablet,1,true,3.34,1575(E),25-Mar-2026,,,2026-09-18,usable,,1 Tablet,"["""", ""347"", ""2022"", ""COLCHICINE"", ""TABLET 0.5 MG"", ""1575(E)"", ""25-Mar-2026"", ""₹ 3.34(1 Tablet)""]"
CEIL-0348,ceiling,CO-TRIMOXAZOLE (SULPHAMETHOXAZOLE(A)+TRIMETHOPRIM(B)],"[""CO-TRIMOXAZOLE (SULPHAMETHOXAZOLE"", ""TRIMETHOPRIM]""]",tablet,,TABLET 800 MG(A)+160 MG(B),"[800.0, 160.0]",mg,tablet,1,true,2.36,1575(E),25-Mar-2026,,,2026-09-18,usable,,1 Tablet,"["""", ""348"", ""2022"", ""CO-TRIMOXAZOLE (SULPHAMETHOXAZOLE(A)+TRIMETHOPRIM(B)]"", ""TABLET 800 MG(A)+160\nMG(B)"", ""1575(E)"", ""25-Mar-2026"", ""₹ 2.36(1 Tablet)""]"
CEIL-0349,ceiling,CO-TRIMOXAZOLE (SULPHAMETHOXAZOLE(A)+TRIMETHOPRIM(B)],"[""CO-TRIMOXAZOLE (SULPHAMETHOXAZOLE"", ""TRIMETHOPRIM]""]",tablet,,TABLET 400 MG(A)+80 MG(B),"[400.0, 80.0]",mg,tablet,1,true,0.93,1575(E),25-Mar-2026,,,2026-09-18,usable,,1 Tablet,"["""", ""349"", ""2022"", ""CO-TRIMOXAZOLE (SULPHAMETHOXAZOLE(A)+TRIMETHOPRIM(B)]"", ""TABLET 400 MG(A)+80\nMG(B)"", ""1575(E)"", ""25-Mar-2026"", ""₹ 0.93(1 Tablet)""]"
CEIL-0350,ceiling,CYCLOPHOSPHAMIDE,"[""CYCLOPHOSPHAMIDE""]",powder for injection,,POWDER FOR INJECTION 500 MG,[500.0],mg,vial,1,true,75.25,1575(E),25-Mar-2026,,,2026-09-18,usable,,Each Vial,"["""", ""350"", ""2022"", ""CYCLOPHOSPHAMIDE"", ""POWDER FOR INJECTION 500 MG"", ""1575(E)"", ""25-Mar-2026"", ""₹ 75.25(Each Vial)""]"
CEIL-0351,ceiling,CYCLOPHOSPHAMIDE,"[""CYCLOPHOSPHAMIDE""]",tablet,,TABLET 50 MG,[50.0],mg,tablet,1,true,3.81,1575(E),25-Mar-2026,,,2026-09-18,usable,,1 Tablet,"["""", ""351"", ""2022"", ""CYCLOPHOSPHAMIDE"", ""TABLET 50 MG"", ""1575(E)"", ""25-Mar-2026"", ""₹ 3.81(1 Tablet)""]"
CEIL-0352,ceiling,CYCLOSERINE,"[""CYCLOSERINE""]",capsule,,CAPSULE 250 MG,[250.0],mg,capsule,1,true,60.61,1575(E),25-Mar-2026,,,2026-09-18,usable,,1 Capsule,"["""", ""352"", ""2022"", ""CYCLOSERINE"", ""CAPSULE 250 MG"", ""1575(E)"", ""25-Mar-2026"", ""₹ 60.61(1 Capsule)""]"
CEIL-0353,ceiling,CYCLOSERINE,"[""CYCLOSERINE""]",tablet,,TABLET 250 MG,[250.0],mg,tablet,1,true,47.11,1575(E),25-Mar-2026,,,2026-09-18,usable,,1 Tablet,"["""", ""353"", ""2022"", ""CYCLOSERINE"", ""TABLET 250 MG"", ""1575(E)"", ""25-Mar-2026"", ""₹ 47.11(1 Tablet)""]"
CEIL-0354,ceiling,CYCLOSPORINE,"[""CYCLOSPORINE""]",capsule,,CAPSULE 25 MG,[25.0],mg,capsule,1,true,28.72,1575(E),25-Mar-2026,,,2026-09-18,usable,,1 Capsule,"["""", ""354"", ""2022"", ""CYCLOSPORINE"", ""CAPSULE 25 MG"", ""1575(E)"", ""25-Mar-2026"", ""₹ 28.72(1 Capsule)""]"
CEIL-0355,ceiling,CYCLOSPORINE,"[""CYCLOSPORINE""]",oral liquid,,ORAL LIQUID 100 MG/ML,[100.0],concentration,ml,1,true,82.51,1575(E),25-Mar-2026,,,2026-09-18,usable,,1 ML,"["""", ""355"", ""2022"", ""CYCLOSPORINE"", ""ORAL LIQUID 100 MG/ML"", ""1575(E)"", ""25-Mar-2026"", ""₹ 82.51(1 ML)""]"
CEIL-0356,ceiling,CYCLOSPORINE,"[""CYCLOSPORINE""]",capsule,,CAPSULE 50 MG,[50.0],mg,capsule,1,true,56.43,1575(E),25-Mar-2026,,,2026-09-18,usable,,1 Capsule,"["""", ""356"", ""2022"", ""CYCLOSPORINE"", ""CAPSULE 50 MG"", ""1575(E)"", ""25-Mar-2026"", ""₹ 56.43(1 Capsule)""]"
CEIL-0357,ceiling,CYCLOSPORINE,"[""CYCLOSPORINE""]",capsule,,CAPSULE 100 MG,[100.0],mg,capsule,1,true,105.59,1575(E),25-Mar-2026,,,2026-09-18,usable,,1 Capsule,"["""", ""357"", ""2022"", ""CYCLOSPORINE"", ""CAPSULE 100 MG"", ""1575(E)"", ""25-Mar-2026"", ""₹ 105.59(1 Capsule)""]"
CEIL-0358,ceiling,Cytosine arabinoside,"[""CYTOSINE ARABINOSIDE""]",injection,,INJECTION 500 MG,[500.0],mg,vial,1,true,549.20,1575(E),25-Mar-2026,,,2026-09-18,usable,,Each Vial,"["""", ""358"", ""2022"", ""Cytosine arabinoside"", ""INJECTION 500 MG"", ""1575(E)"", ""25-Mar-2026"", ""₹ 549.20(Each Vial)""]"
CEIL-0359,ceiling,Cytosine arabinoside,"[""CYTOSINE ARABINOSIDE""]",injection,,INJECTION 1000 MG,[1000.0],mg,vial,1,true,1157.47,1575(E),25-Mar-2026,,,2026-09-18,usable,,Each Vial,"["""", ""359"", ""2022"", ""Cytosine arabinoside"", ""INJECTION 1000 MG"", ""1575(E)"", ""25-Mar-2026"", ""₹ 1157.47(Each Vial)""]"
CEIL-0360,ceiling,Cytosine arabinoside,"[""CYTOSINE ARABINOSIDE""]",injection,,INJECTION 100 MG,[100.0],mg,vial,1,true,142.94,1575(E),25-Mar-2026,,,2026-09-18,usable,,Each Vial,"["""", ""360"", ""2022"", ""Cytosine arabinoside"", ""INJECTION 100 MG"", ""1575(E)"", ""25-Mar-2026"", ""₹ 142.94(Each Vial)""]"
CEIL-0361,ceiling,DABIGATRAN,"[""DABIGATRAN""]",capsule,,CAPSULE 150 MG,[150.0],mg,capsule,1,true,36.45,1575(E),25-Mar-2026,,,2026-09-18,usable,,1 Capsule,"["""", ""361"", ""2022"", ""DABIGATRAN"", ""CAPSULE 150 MG"", ""1575(E)"", ""25-Mar-2026"", ""₹ 36.45(1 Capsule)""]"
CEIL-0362,ceiling,DABIGATRAN,"[""DABIGATRAN""]",capsule,,CAPSULE 110 MG,[110.0],mg,capsule,1,true,32.57,1575(E),25-Mar-2026,,,2026-09-18,usable,,1 Capsule,"["""", ""362"", ""2022"", ""DABIGATRAN"", ""CAPSULE 110 MG"", ""1575(E)"", ""25-Mar-2026"", ""₹ 32.57(1 Capsule)""]"
CEIL-0363,ceiling,DACARBAZINE,"[""DACARBAZINE""]",powder for injection,,POWDER FOR INJECTION 200 MG,[200.0],mg,vial,1,true,390.91,1575(E),25-Mar-2026,,,2026-09-18,usable,,Each Vial,"["""", ""363"", ""2022"", ""DACARBAZINE"", ""POWDER FOR INJECTION 200 MG"", ""1575(E)"", ""25-Mar-2026"", ""₹ 390.91(Each Vial)""]"
CEIL-0364,ceiling,DACARBAZINE,"[""DACARBAZINE""]",powder for injection,,POWDER FOR INJECTION 500 MG,[500.0],mg,vial,1,true,531.29,1575(E),25-Mar-2026,,,2026-09-18,usable,,Each Vial,"["""", ""364"", ""2022"", ""DACARBAZINE"", ""POWDER FOR INJECTION 500 MG"", ""1575(E)"", ""25-Mar-2026"", ""₹ 531.29(Each Vial)""]"
CEIL-0365,ceiling,DACLATASVIR,"[""DACLATASVIR""]",tablet,,TABLET 60 MG,[60.0],mg,tablet,1,true,204.77,1575(E),25-Mar-2026,,,2026-09-18,usable,,1 Tablet,"["""", ""365"", ""2022"", ""DACLATASVIR"", ""TABLET 60 MG"", ""1575(E)"", ""25-Mar-2026"", ""₹ 204.77(1 Tablet)""]"
CEIL-0366,ceiling,DAPSONE,"[""DAPSONE""]",tablet,,TABLET 100 MG,[100.0],mg,tablet,1,true,0.42,1575(E),25-Mar-2026,,,2026-09-18,usable,,1 Tablet,"["""", ""366"", ""2022"", ""DAPSONE"", ""TABLET 100 MG"", ""1575(E)"", ""25-Mar-2026"", ""₹ 0.42(1 Tablet)""]"
CEIL-0367,ceiling,DARUNAVIR,"[""DARUNAVIR""]",tablet,,TABLET 600 MG,[600.0],mg,tablet,1,true,158.15,1575(E),25-Mar-2026,,,2026-09-18,usable,,1 Tablet,"["""", ""367"", ""2022"", ""DARUNAVIR"", ""TABLET 600 MG"", ""1575(E)"", ""25-Mar-2026"", ""₹ 158.15(1 Tablet)""]"
CEIL-0368,ceiling,DARUNAVIR + RITONAVIR,"[""DARUNAVIR"", ""RITONAVIR""]",tablet,,TABLET 600/100 MG,[100.0],mg,tablet,1,true,149.98,1575(E),25-Mar-2026,,,2026-09-18,usable,,1 Tablet,"["""", ""368"", ""2022"", ""DARUNAVIR + RITONAVIR"", ""TABLET 600/100 MG"", ""1575(E)"", ""25-Mar-2026"", ""₹ 149.98(1 Tablet)""]"
CEIL-0369,ceiling,DESFERRIOXAMINE,"[""DESFERRIOXAMINE""]",powder for injection,,POWDER FOR INJECTION 500 MG,[500.0],mg,vial,1,true,289.77,1575(E),25-Mar-2026,,,2026-09-18,usable,,Each Vial)( Pack,"["""", ""369"", ""2022"", ""DESFERRIOXAMINE"", ""POWDER FOR INJECTION 500 MG"", ""1575(E)"", ""25-Mar-2026"", ""₹ 289.77(Each Vial)( Pack)""]"
CEIL-0370,ceiling,DEXAMETHASONE,"[""DEXAMETHASONE""]",injection,,INJECTION 4 MG/ML,[4.0],concentration,ml,20,true,1.38,1575(E),25-Mar-2026,,,2026-09-18,usable,,Each Pack (20 ml),"["""", ""370"", ""2022"", ""DEXAMETHASONE"", ""INJECTION 4 MG/ML"", ""1575(E)"", ""25-Mar-2026"", ""₹ 1.38(Each Pack (20 ml))""]"
CEIL-0371,ceiling,DEXAMETHASONE,"[""DEXAMETHASONE""]",tablet,,TABLET 0.5 MG,[0.5],mg,tablet,1,true,0.22,1575(E),25-Mar-2026,,,2026-09-18,usable,,1 Tablet,"["""", ""371"", ""2022"", ""DEXAMETHASONE"", ""TABLET 0.5 MG"", ""1575(E)"", ""25-Mar-2026"", ""₹ 0.22(1 Tablet)""]"
CEIL-0372,ceiling,DEXAMETHASONE,"[""DEXAMETHASONE""]",tablet,,TABLET 4 MG,[4.0],mg,tablet,1,true,4.73,1575(E),25-Mar-2026,,,2026-09-18,usable,,1 Tablet,"["""", ""372"", ""2022"", ""DEXAMETHASONE"", ""TABLET 4 MG"", ""1575(E)"", ""25-Mar-2026"", ""₹ 4.73(1 Tablet)""]"
CEIL-0373,ceiling,DEXAMETHASONE,"[""DEXAMETHASONE""]",injection,,INJECTION 4 MG/ML,[4.0],concentration,ml,10,true,1.61,1575(E),25-Mar-2026,,,2026-09-18,usable,,10 ml Pack,"["""", ""373"", ""2022"", ""DEXAMETHASONE"", ""INJECTION 4 MG/ML"", ""1575(E)"", ""25-Mar-2026"", ""₹ 1.61(10 ml Pack)""]"
CEIL-0374,ceiling,DEXAMETHASONE,"[""DEXAMETHASONE""]",injection,,INJECTION 4 MG/ML,[4.0],concentration,ml,1,true,2.63,1575(E),25-Mar-2026,,,2026-09-18,usable,,1 ML,"["""", ""374"", ""2022"", ""DEXAMETHASONE"", ""INJECTION 4 MG/ML"", ""1575(E)"", ""25-Mar-2026"", ""₹ 2.63(1 ML)""]"
CEIL-0375,ceiling,DEXAMETHASONE,"[""DEXAMETHASONE""]",injection,,INJECTION 4 MG/ML,[4.0],concentration,ml,2,true,5.21,1575(E),25-Mar-2026,,,2026-09-18,usable,,2 ML Pack,"["""", ""375"", ""2022"", ""DEXAMETHASONE"", ""INJECTION 4 MG/ML"", ""1575(E)"", ""25-Mar-2026"", ""₹ 5.21(2 ML Pack)""]"
CEIL-0376,ceiling,DEXAMETHASONE,"[""DEXAMETHASONE""]",injection,,INJECTION 4 MG/ML,[4.0],concentration,ml,30,true,0.93,1575(E),25-Mar-2026,,,2026-09-18,usable,,Each Pack (30 ml),"["""", ""376"", ""2022"", ""DEXAMETHASONE"", ""INJECTION 4 MG/ML"", ""1575(E)"", ""25-Mar-2026"", ""₹ 0.93(Each Pack (30 ml))""]"
CEIL-0377,ceiling,DIAZEPAM,"[""DIAZEPAM""]",injection,,INJECTION 5 MG/ML,[5.0],concentration,ml,1,true,5.68,1575(E),25-Mar-2026,,,2026-09-18,usable,,1 ML,"["""", ""377"", ""2022"", ""DIAZEPAM"", ""INJECTION 5 MG/ML"", ""1575(E)"", ""25-Mar-2026"", ""₹ 5.68(1 ML)""]"
CEIL-0378,ceiling,DIAZEPAM,"[""DIAZEPAM""]",tablet,,TABLET 2 MG,[2.0],mg,tablet,1,true,1.48,1575(E),25-Mar-2026,,,2026-09-18,usable,,1 Tablet,"["""", ""378"", ""2022"", ""DIAZEPAM"", ""TABLET 2 MG"", ""1575(E)"", ""25-Mar-2026"", ""₹ 1.48(1 Tablet)""]"
CEIL-0379,ceiling,DIAZEPAM,"[""DIAZEPAM""]",tablet,,TABLET 5 MG,[5.0],mg,tablet,1,true,1.67,1575(E),25-Mar-2026,,,2026-09-18,usable,,1 Tablet,"["""", ""379"", ""2022"", ""DIAZEPAM"", ""TABLET 5 MG"", ""1575(E)"", ""25-Mar-2026"", ""₹ 1.67(1 Tablet)""]"
CEIL-0380,ceiling,DIAZEPAM,"[""DIAZEPAM""]",suppository,,SUPPOSITORY 5 MG,[5.0],mg,suppository,1,true,6.34,1575(E),25-Mar-2026,,,2026-09-18,usable,,1 Suppository,"["""", ""380"", ""2022"", ""DIAZEPAM"", ""SUPPOSITORY 5 MG"", ""1575(E)"", ""25-Mar-2026"", ""₹ 6.34(1 Suppository)""]"
CEIL-0381,ceiling,DICLOFENAC,"[""DICLOFENAC""]",tablet,,TABLET 50 MG,[50.0],mg,tablet,1,true,2.10,1575(E),25-Mar-2026,,,2026-09-18,usable,,1 Tablet,"["""", ""381"", ""2022"", ""DICLOFENAC"", ""TABLET 50 MG"", ""1575(E)"", ""25-Mar-2026"", ""₹ 2.10(1 Tablet)""]"
CEIL-0382,ceiling,DICLOFENAC,"[""DICLOFENAC""]",injection,,INJECTION 25 MG/ML,[25.0],concentration,ml,1,true,1.73,1575(E),25-Mar-2026,,,2026-09-18,usable,,1 ML,"["""", ""382"", ""2022"", ""DICLOFENAC"", ""INJECTION 25 MG/ML"", ""1575(E)"", ""25-Mar-2026"", ""₹ 1.73(1 ML)""]"
CEIL-0383,ceiling,DICYCLOMINE,"[""DICYCLOMINE""]",injection,,INJECTION 10 MG,[10.0],mg,ml,1,true,2.15,1575(E),25-Mar-2026,,,2026-09-18,usable,,1 ML (10 ML & more pack),"["""", ""383"", ""2022"", ""DICYCLOMINE"", ""INJECTION 10 MG"", ""1575(E)"", ""25-Mar-2026"", ""₹ 2.15(1 ML (10 ML & more pack))""]"
CEIL-0384,ceiling,DICYCLOMINE,"[""DICYCLOMINE""]",injection,,INJECTION 10 MG,[10.0],mg,ml,1,true,3.40,1575(E),25-Mar-2026,,,2026-09-18,usable,,1 ML (Less than 10 ML Pack),"["""", ""384"", ""2022"", ""DICYCLOMINE"", ""INJECTION 10 MG"", ""1575(E)"", ""25-Mar-2026"", ""₹ 3.40(1 ML (Less than 10 ML Pack))""]"
CEIL-0385,ceiling,DIETHYLCARBAMAZINE,"[""DIETHYLCARBAMAZINE""]",tablet,,TABLET 50 MG,[50.0],mg,tablet,1,true,0.57,1575(E),25-Mar-2026,,,2026-09-18,usable,,1 Tablet,"["""", ""385"", ""2022"", ""DIETHYLCARBAMAZINE"", ""TABLET 50 MG"", ""1575(E)"", ""25-Mar-2026"", ""₹ 0.57(1 Tablet)""]"
CEIL-0386,ceiling,DIETHYLCARBAMAZINE,"[""DIETHYLCARBAMAZINE""]",syrup,,SYRUP 120 MG,[120.0],mg,ml,1,true,0.49,1575(E),25-Mar-2026,,,2026-09-18,usable,,1 ML,"["""", ""386"", ""2022"", ""DIETHYLCARBAMAZINE"", ""SYRUP 120 MG"", ""1575(E)"", ""25-Mar-2026"", ""₹ 0.49(1 ML)""]"
CEIL-0387,ceiling,DIETHYLCARBAMAZINE,"[""DIETHYLCARBAMAZINE""]",tablet,,TABLET 100 MG,[100.0],mg,tablet,1,true,1.71,1575(E),25-Mar-2026,,,2026-09-18,usable,,1 Tablet,"["""", ""387"", ""2022"", ""DIETHYLCARBAMAZINE"", ""TABLET 100 MG"", ""1575(E)"", ""25-Mar-2026"", ""₹ 1.71(1 Tablet)""]"
CEIL-0388,ceiling,DIGOXIN,"[""DIGOXIN""]",oral liquid,,ORAL LIQUID 0.05 MG/ML,[0.05],concentration,ml,1,true,1.51,1575(E),25-Mar-2026,,,2026-09-18,usable,,1 ML,"["""", ""388"", ""2022"", ""DIGOXIN"", ""ORAL LIQUID 0.05 MG/ML"", ""1575(E)"", ""25-Mar-2026"", ""₹ 1.51(1 ML)""]"
CEIL-0389,ceiling,DIGOXIN,"[""DIGOXIN""]",tablet,,TABLET 0.25 MG,[0.25],mg,tablet,1,true,1.36,1575(E),25-Mar-2026,,,2026-09-18,usable,,1 Tablet,"["""", ""389"", ""2022"", ""DIGOXIN"", ""TABLET 0.25 MG"", ""1575(E)"", ""25-Mar-2026"", ""₹ 1.36(1 Tablet)""]"
CEIL-0390,ceiling,DIGOXIN,"[""DIGOXIN""]",injection,,INJECTION 0.25 MG/ML,[0.25],concentration,ml,1,true,3.97,1575(E),25-Mar-2026,,,2026-09-18,usable,,1 ML,"["""", ""390"", ""2022"", ""DIGOXIN"", ""INJECTION 0.25 MG/ML"", ""1575(E)"", ""25-Mar-2026"", ""₹ 3.97(1 ML)""]"
CEIL-0391,ceiling,DILTIAZEM,"[""DILTIAZEM""]",tablet,,TABLET 60 MG,[60.0],mg,tablet,1,true,5.60,1575(E),25-Mar-2026,,,2026-09-18,usable,,1 Tablet,"["""", ""391"", ""2022"", ""DILTIAZEM"", ""TABLET 60 MG"", ""1575(E)"", ""25-Mar-2026"", ""₹ 5.60(1 Tablet)""]"
CEIL-0392,ceiling,DILTIAZEM,"[""DILTIAZEM""]",tablet,,TABLET 30 MG,[30.0],mg,tablet,1,true,2.75,1575(E),25-Mar-2026,,,2026-09-18,usable,,1 Tablet,"["""", ""392"", ""2022"", ""DILTIAZEM"", ""TABLET 30 MG"", ""1575(E)"", ""25-Mar-2026"", ""₹ 2.75(1 Tablet)""]"
CEIL-0393,ceiling,DILTIAZEM,"[""DILTIAZEM""]",injection,,INJECTION 5 MG/ML,[5.0],concentration,ml,1,true,3.58,1575(E),25-Mar-2026,,,2026-09-18,usable,,1 ML,"["""", ""393"", ""2022"", ""DILTIAZEM"", ""INJECTION 5 MG/ML"", ""1575(E)"", ""25-Mar-2026"", ""₹ 3.58(1 ML)""]"
CEIL-0394,ceiling,DILTIAZEM,"[""DILTIAZEM""]",capsule,modified_release,MODIFIED RELEASE CAPSULE 180 MG,[180.0],mg,capsule,1,true,26.89,1575(E),25-Mar-2026,,,2026-09-18,usable,,1 Capsule)( Pack,"["""", ""394"", ""2022"", ""DILTIAZEM"", ""MODIFIED RELEASE CAPSULE 180 MG"", ""1575(E)"", ""25-Mar-2026"", ""₹ 26.89(1 Capsule)( Pack)""]"
CEIL-0395,ceiling,DINOPROSTONE,"[""DINOPROSTONE""]",gel,,GEL 0.5 MG,[0.5],mg,gm,1,true,86.75,1575(E),25-Mar-2026,,,2026-09-18,usable,,1 GM,"["""", ""395"", ""2022"", ""DINOPROSTONE"", ""GEL 0.5 MG"", ""1575(E)"", ""25-Mar-2026"", ""₹ 86.75(1 GM)""]"
CEIL-0396,ceiling,DOBUTAMINE,"[""DOBUTAMINE""]",injection,,INJECTION 50 MG/ML,[50.0],concentration,ml,1,true,9.25,1575(E),25-Mar-2026,,,2026-09-18,usable,,1 ML,"["""", ""396"", ""2022"", ""DOBUTAMINE"", ""INJECTION 50 MG/ML"", ""1575(E)"", ""25-Mar-2026"", ""₹ 9.25(1 ML)""]"
CEIL-0397,ceiling,DOCETAXEL,"[""DOCETAXEL""]",powder for injection,,POWDER FOR INJECTION 20 MG,[20.0],mg,vial,1,true,2937.26,1575(E),25-Mar-2026,,,2026-09-18,usable,,Each Vial,"["""", ""397"", ""2022"", ""DOCETAXEL"", ""POWDER FOR INJECTION 20 MG"", ""1575(E)"", ""25-Mar-2026"", ""₹ 2937.26(Each Vial)""]"
CEIL-0398,ceiling,DOCETAXEL,"[""DOCETAXEL""]",powder for injection,,POWDER FOR INJECTION 80 MG,[80.0],mg,vial,1,true,10581.80,1575(E),25-Mar-2026,,,2026-09-18,usable,,Each Vial,"["""", ""398"", ""2022"", ""DOCETAXEL"", ""POWDER FOR INJECTION 80 MG"", ""1575(E)"", ""25-Mar-2026"", ""₹ 10581.80(Each Vial)""]"
CEIL-0399,ceiling,DOLUTEGRAVIR,"[""DOLUTEGRAVIR""]",tablet,,TABLET 50 MG,[50.0],mg,tablet,1,true,115.49,1575(E),25-Mar-2026,,,2026-09-18,usable,,1 Tablet,"["""", ""399"", ""2022"", ""DOLUTEGRAVIR"", ""TABLET 50 MG"", ""1575(E)"", ""25-Mar-2026"", ""₹ 115.49(1 Tablet)""]"
CEIL-0400,ceiling,DOLUTEGRAVIR + LAMIVUDINE + TENOFOVIR,"[""DOLUTEGRAVIR"", ""LAMIVUDINE"", ""TENOFOVIR""]",tablet,,TABLET 50/300/300 MG,[300.0],mg,tablet,1,true,117.74,1575(E),25-Mar-2026,,,2026-09-18,usable,,1 Tablet,"["""", ""400"", ""2022"", ""DOLUTEGRAVIR + LAMIVUDINE + TENOFOVIR"", ""TABLET 50/300/300 MG"", ""1575(E)"", ""25-Mar-2026"", ""₹ 117.74(1 Tablet)""]"
CEIL-0401,ceiling,DOMPERIDONE,"[""DOMPERIDONE""]",tablet,,TABLET 10 MG,[10.0],mg,tablet,1,true,2.37,1575(E),25-Mar-2026,,,2026-09-18,usable,,1 Tablet,"["""", ""401"", ""2022"", ""DOMPERIDONE"", ""TABLET 10 MG"", ""1575(E)"", ""25-Mar-2026"", ""₹ 2.37(1 Tablet)""]"
CEIL-0402,ceiling,DOMPERIDONE,"[""DOMPERIDONE""]",oral liquid,,ORAL LIQUID 1 MG/ML,[1.0],concentration,ml,1,true,1.27,1575(E),25-Mar-2026,,,2026-09-18,usable,,1 ML,"["""", ""402"", ""2022"", ""DOMPERIDONE"", ""ORAL LIQUID 1 MG/ML"", ""1575(E)"", ""25-Mar-2026"", ""₹ 1.27(1 ML)""]"
CEIL-0403,ceiling,DONEPEZIL,"[""DONEPEZIL""]",tablet,,TABLET 10 MG,[10.0],mg,tablet,1,true,17.88,1575(E),25-Mar-2026,,,2026-09-18,usable,,1 Tablet,"["""", ""403"", ""2022"", ""DONEPEZIL"", ""TABLET 10 MG"", ""1575(E)"", ""25-Mar-2026"", ""₹ 17.88(1 Tablet)""]"
CEIL-0404,ceiling,DONEPEZIL,"[""DONEPEZIL""]",tablet,,TABLET 5 MG,[5.0],mg,tablet,1,true,12.40,1575(E),25-Mar-2026,,,2026-09-18,usable,,1 Tablet,"["""", ""404"", ""2022"", ""DONEPEZIL"", ""TABLET 5 MG"", ""1575(E)"", ""25-Mar-2026"", ""₹ 12.40(1 Tablet)""]"
CEIL-0405,ceiling,DOPAMINE,"[""DOPAMINE""]",injection,,INJECTION 40 MG/ML,[40.0],concentration,ml,1,true,4.88,1575(E),25-Mar-2026,,,2026-09-18,usable,,1 ML,"["""", ""405"", ""2022"", ""DOPAMINE"", ""INJECTION 40 MG/ML"", ""1575(E)"", ""25-Mar-2026"", ""₹ 4.88(1 ML)""]"
CEIL-0406,ceiling,DOXORUBICIN,"[""DOXORUBICIN""]",injection,,INJECTION 2 MG/ML,[2.0],concentration,ml,1,true,32.51,1575(E),25-Mar-2026,,,2026-09-18,usable,,1 ML,"["""", ""406"", ""2022"", ""DOXORUBICIN"", ""INJECTION 2 MG/ML"", ""1575(E)"", ""25-Mar-2026"", ""₹ 32.51(1 ML)""]"
CEIL-0407,ceiling,DOXYCYCLINE,"[""DOXYCYCLINE""]",injection,,INJECTION 100 MG,[100.0],mg,vial,1,true,514.70,1575(E),25-Mar-2026,,,2026-09-18,usable,,Each Vial,"["""", ""407"", ""2022"", ""DOXYCYCLINE"", ""INJECTION 100 MG"", ""1575(E)"", ""25-Mar-2026"", ""₹ 514.70(Each Vial)""]"
CEIL-0408,ceiling,DOXYCYCLINE,"[""DOXYCYCLINE""]",tablet,,TABLET 100 MG,[100.0],mg,tablet,1,true,1.25,1575(E),25-Mar-2026,,,2026-09-18,usable,,1 Tablet,"["""", ""408"", ""2022"", ""DOXYCYCLINE"", ""TABLET 100 MG"", ""1575(E)"", ""25-Mar-2026"", ""₹ 1.25(1 Tablet)""]"
CEIL-0409,ceiling,DOXYCYCLINE,"[""DOXYCYCLINE""]",capsule,,CAPSULE 100 MG,[100.0],mg,capsule,1,true,3.15,1575(E),25-Mar-2026,,,2026-09-18,usable,,1 Capsule,"["""", ""409"", ""2022"", ""DOXYCYCLINE"", ""CAPSULE 100 MG"", ""1575(E)"", ""25-Mar-2026"", ""₹ 3.15(1 Capsule)""]"
CEIL-0410,ceiling,DPT + Hib + Hep B,"[""DPT"", ""HEP B"", ""HIB""]",,,VACCINE --,[],none,ml,0.1,true,77.47,1575(E),25-Mar-2026,,,2026-09-18,usable,,Per 0.1 ml,"["""", ""410"", ""2022"", ""DPT + Hib + Hep B"", ""VACCINE --"", ""1575(E)"", ""25-Mar-2026"", ""₹ 77.47(Per 0.1 ml)""]"
CEIL-0411,ceiling,EFAVIRENZ,"[""EFAVIRENZ""]",capsule,,CAPSULE 200 MG,[200.0],mg,capsule,1,true,22.51,1575(E),25-Mar-2026,,,2026-09-18,usable,,1 Capsule,"["""", ""411"", ""2022"", ""EFAVIRENZ"", ""CAPSULE 200 MG"", ""1575(E)"", ""25-Mar-2026"", ""₹ 22.51(1 Capsule)""]"
CEIL-0412,ceiling,EFAVIRENZ,"[""EFAVIRENZ""]",tablet,,TABLET 600 MG,[600.0],mg,tablet,1,true,72.29,1575(E),25-Mar-2026,,,2026-09-18,usable,,1 Tablet,"["""", ""412"", ""2022"", ""EFAVIRENZ"", ""TABLET 600 MG"", ""1575(E)"", ""25-Mar-2026"", ""₹ 72.29(1 Tablet)""]"
CEIL-0413,ceiling,EFAVIRENZ,"[""EFAVIRENZ""]",capsule,,CAPSULE 600 MG,[600.0],mg,capsule,1,true,57.03,1575(E),25-Mar-2026,,,2026-09-18,usable,,1 Capsule,"["""", ""413"", ""2022"", ""EFAVIRENZ"", ""CAPSULE 600 MG"", ""1575(E)"", ""25-Mar-2026"", ""₹ 57.03(1 Capsule)""]"
CEIL-0414,ceiling,EFAVIRENZ,"[""EFAVIRENZ""]",tablet,,TABLET 200 MG,[200.0],mg,tablet,1,true,23.08,1575(E),25-Mar-2026,,,2026-09-18,usable,,1 Tablet,"["""", ""414"", ""2022"", ""EFAVIRENZ"", ""TABLET 200 MG"", ""1575(E)"", ""25-Mar-2026"", ""₹ 23.08(1 Tablet)""]"
CEIL-0415,ceiling,ENALAPRIL,"[""ENALAPRIL""]",tablet,,TABLET 2.5 MG,[2.5],mg,tablet,1,true,2.24,1575(E),25-Mar-2026,,,2026-09-18,usable,,1 Tablet,"["""", ""415"", ""2022"", ""ENALAPRIL"", ""TABLET 2.5 MG"", ""1575(E)"", ""25-Mar-2026"", ""₹ 2.24(1 Tablet)""]"
CEIL-0416,ceiling,ENALAPRIL,"[""ENALAPRIL""]",tablet,,TABLET 5 MG,[5.0],mg,tablet,1,true,3.78,1575(E),25-Mar-2026,,,2026-09-18,usable,,1 Tablet,"["""", ""416"", ""2022"", ""ENALAPRIL"", ""TABLET 5 MG"", ""1575(E)"", ""25-Mar-2026"", ""₹ 3.78(1 Tablet)""]"
CEIL-0417,ceiling,ENOXAPARIN,"[""ENOXAPARIN""]",injection,,INJECTION 60 MG/ 0.6 ML,[60.0],concentration,ml,0.1,true,114.67,1575(E),25-Mar-2026,,,2026-09-18,usable,,0.1 ml,"["""", ""417"", ""2022"", ""ENOXAPARIN"", ""INJECTION 60 MG/ 0.6 ML"", ""1575(E)"", ""25-Mar-2026"", ""₹ 114.67(0.1 ml)""]"
CEIL-0418,ceiling,ENOXAPARIN,"[""ENOXAPARIN""]",injection,,INJECTION 40 MG/ 0.4 ML,[40.0],concentration,ml,0.1,true,114.67,1575(E),25-Mar-2026,,,2026-09-18,usable,,0.1 ml,"["""", ""418"", ""2022"", ""ENOXAPARIN"", ""INJECTION 40 MG/ 0.4 ML"", ""1575(E)"", ""25-Mar-2026"", ""₹ 114.67(0.1 ml)""]"
CEIL-0419,ceiling,ENTECAVIR,"[""ENTECAVIR""]",tablet,,TABLET 1 MG,[1.0],mg,tablet,1,true,133.36,1575(E),25-Mar-2026,,,2026-09-18,usable,,1 Tablet,"["""", ""419"", ""2022"", ""ENTECAVIR"", ""TABLET 1 MG"", ""1575(E)"", ""25-Mar-2026"", ""₹ 133.36(1 Tablet)""]"
CEIL-0420,ceiling,ENTECAVIR,"[""ENTECAVIR""]",tablet,,TABLET 0.5 MG,[0.5],mg,tablet,1,true,86.47,1575(E),25-Mar-2026,,,2026-09-18,usable,,1 Tablet,"["""", ""420"", ""2022"", ""ENTECAVIR"", ""TABLET 0.5 MG"", ""1575(E)"", ""25-Mar-2026"", ""₹ 86.47(1 Tablet)""]"
CEIL-0421,ceiling,ERYTHROPOIETIN,"[""ERYTHROPOIETIN""]",injection,,INJECTION 10000 IU/ML,[],none,ml,1,true,2016.38,1575(E),25-Mar-2026,,,2026-09-18,usable,,1 ML,"["""", ""421"", ""2022"", ""ERYTHROPOIETIN"", ""INJECTION 10000 IU/ML"", ""1575(E)"", ""25-Mar-2026"", ""₹ 2016.38(1 ML)""]"
CEIL-0422,ceiling,ERYTHROPOIETIN,"[""ERYTHROPOIETIN""]",injection,,INJECTION 2000 IU/ML,[],none,ml,1,true,562.77,1575(E),25-Mar-2026,,,2026-09-18,usable,,1 ML,"["""", ""422"", ""2022"", ""ERYTHROPOIETIN"", ""INJECTION 2000 IU/ML"", ""1575(E)"", ""25-Mar-2026"", ""₹ 562.77(1 ML)""]"
CEIL-0423,ceiling,ESCITALOPRAM,"[""ESCITALOPRAM""]",tablet,,TABLET 5 MG,[5.0],mg,tablet,1,true,5.14,1575(E),25-Mar-2026,,,2026-09-18,usable,,1 Tablet,"["""", ""423"", ""2022"", ""ESCITALOPRAM"", ""TABLET 5 MG"", ""1575(E)"", ""25-Mar-2026"", ""₹ 5.14(1 Tablet)""]"
CEIL-0424,ceiling,ESCITALOPRAM,"[""ESCITALOPRAM""]",tablet,,TABLET 10 MG,[10.0],mg,tablet,1,true,9.22,1575(E),25-Mar-2026,,,2026-09-18,usable,,1 Tablet,"["""", ""424"", ""2022"", ""ESCITALOPRAM"", ""TABLET 10 MG"", ""1575(E)"", ""25-Mar-2026"", ""₹ 9.22(1 Tablet)""]"
CEIL-0425,ceiling,ESCITALOPRAM,"[""ESCITALOPRAM""]",tablet,,TABLET 20 MG,[20.0],mg,tablet,1,true,14.70,1575(E),25-Mar-2026,,,2026-09-18,usable,,1 Tablet,"["""", ""425"", ""2022"", ""ESCITALOPRAM"", ""TABLET 20 MG"", ""1575(E)"", ""25-Mar-2026"", ""₹ 14.70(1 Tablet)""]"
CEIL-0426,ceiling,ESMOLOL,"[""ESMOLOL""]",injection,,INJECTION 10 MG/ML,[10.0],concentration,ml,1,true,27.01,1575(E),25-Mar-2026,,,2026-09-18,usable,,1 ML,"["""", ""426"", ""2022"", ""ESMOLOL"", ""INJECTION 10 MG/ML"", ""1575(E)"", ""25-Mar-2026"", ""₹ 27.01(1 ML)""]"
CEIL-0427,ceiling,ETHAMBUTOL,"[""ETHAMBUTOL""]",tablet,,TABLET 600 MG,[600.0],mg,tablet,1,true,4.18,1575(E),25-Mar-2026,,,2026-09-18,usable,,1 Tablet,"["""", ""427"", ""2022"", ""ETHAMBUTOL"", ""TABLET 600 MG"", ""1575(E)"", ""25-Mar-2026"", ""₹ 4.18(1 Tablet)""]"
CEIL-0428,ceiling,ETHAMBUTOL,"[""ETHAMBUTOL""]",tablet,,TABLET 200 MG,[200.0],mg,tablet,1,true,1.17,1575(E),25-Mar-2026,,,2026-09-18,usable,,1 Tablet,"["""", ""428"", ""2022"", ""ETHAMBUTOL"", ""TABLET 200 MG"", ""1575(E)"", ""25-Mar-2026"", ""₹ 1.17(1 Tablet)""]"
CEIL-0429,ceiling,ETHAMBUTOL,"[""ETHAMBUTOL""]",tablet,,TABLET 800 MG,[800.0],mg,tablet,1,true,5.08,1575(E),25-Mar-2026,,,2026-09-18,usable,,1 Tablet,"["""", ""429"", ""2022"", ""ETHAMBUTOL"", ""TABLET 800 MG"", ""1575(E)"", ""25-Mar-2026"", ""₹ 5.08(1 Tablet)""]"
CEIL-0430,ceiling,ETHAMBUTOL,"[""ETHAMBUTOL""]",tablet,,TABLET 400 MG,[400.0],mg,tablet,1,true,2.68,1575(E),25-Mar-2026,,,2026-09-18,usable,,1 Tablet,"["""", ""430"", ""2022"", ""ETHAMBUTOL"", ""TABLET 400 MG"", ""1575(E)"", ""25-Mar-2026"", ""₹ 2.68(1 Tablet)""]"
CEIL-0431,ceiling,ETHINYLESTRADIOL (A)+LEVONORGESTREL (B),"[""ETHINYLESTRADIOL"", ""LEVONORGESTREL""]",tablet,,TABLET 0.03 MG(A) + 0.15 MG(B),"[0.03, 0.15]",mg,tablet,1,true,3.25,1575(E),25-Mar-2026,,,2026-09-18,usable,,1 Tablet,"["""", ""431"", ""2022"", ""ETHINYLESTRADIOL (A)+LEVONORGESTREL (B)"", ""TABLET 0.03 MG(A) + 0.15\nMG(B)"", ""1575(E)"", ""25-Mar-2026"", ""₹ 3.25(1 Tablet)""]"
CEIL-0432,ceiling,ETHIONAMIDE,"[""ETHIONAMIDE""]",tablet,,TABLET 250 MG,[250.0],mg,tablet,1,true,15.17,1575(E),25-Mar-2026,,,2026-09-18,usable,,1 Tablet,"["""", ""432"", ""2022"", ""ETHIONAMIDE"", ""TABLET 250 MG"", ""1575(E)"", ""25-Mar-2026"", ""₹ 15.17(1 Tablet)""]"
CEIL-0433,ceiling,Ethyl Alcohol (Denatured),"[""ETHYL ALCOHOL (DENATURED)""]",solution,,SOLUTION 70 %,[],percent,ml,1,true,0.40,1575(E),25-Mar-2026,,,2026-09-18,usable,,1 ML,"["""", ""433"", ""2022"", ""Ethyl Alcohol (Denatured)"", ""SOLUTION 70 %"", ""1575(E)"", ""25-Mar-2026"", ""₹ 0.40(1 ML)""]"
CEIL-0434,ceiling,ETOPOSIDE,"[""ETOPOSIDE""]",capsule,,CAPSULE 50 MG,[50.0],mg,capsule,1,true,57.99,1575(E),25-Mar-2026,,,2026-09-18,usable,,1 Capsule,"["""", ""434"", ""2022"", ""ETOPOSIDE"", ""CAPSULE 50 MG"", ""1575(E)"", ""25-Mar-2026"", ""₹ 57.99(1 Capsule)""]"
CEIL-0435,ceiling,ETOPOSIDE,"[""ETOPOSIDE""]",injection,,INJECTION 20 MG/ML,[20.0],concentration,ml,1,true,35.34,1575(E),25-Mar-2026,,,2026-09-18,usable,,1 ML,"["""", ""435"", ""2022"", ""ETOPOSIDE"", ""INJECTION 20 MG/ML"", ""1575(E)"", ""25-Mar-2026"", ""₹ 35.34(1 ML)""]"
CEIL-0436,ceiling,FENTANYL,"[""FENTANYL""]",injection,,INJECTION 50 MCG/ML,[0.05],concentration,ml,1,true,21.46,1575(E),25-Mar-2026,,,2026-09-18,usable,,1 ML,"["""", ""436"", ""2022"", ""FENTANYL"", ""INJECTION 50 MCG/ML"", ""1575(E)"", ""25-Mar-2026"", ""₹ 21.46(1 ML)""]"
CEIL-0437,ceiling,FILGRASTIM,"[""FILGRASTIM""]",injection,,INJECTION 300 MCG,[0.3],mg,vial,1,true,1187.83,1575(E),25-Mar-2026,,,2026-09-18,usable,,Each Vial,"["""", ""437"", ""2022"", ""FILGRASTIM"", ""INJECTION 300 MCG"", ""1575(E)"", ""25-Mar-2026"", ""₹ 1187.83(Each Vial)""]"
CEIL-0438,ceiling,FLUCONAZOLE,"[""FLUCONAZOLE""]",tablet,,TABLET 100 MG,[100.0],mg,tablet,1,true,7.80,1575(E),25-Mar-2026,,,2026-09-18,usable,,1 Tablet,"["""", ""438"", ""2022"", ""FLUCONAZOLE"", ""TABLET 100 MG"", ""1575(E)"", ""25-Mar-2026"", ""₹ 7.80(1 Tablet)""]"
CEIL-0439,ceiling,FLUCONAZOLE,"[""FLUCONAZOLE""]",injection,,INJECTION 200 MG/ 100 ML,[200.0],concentration,vial,1,true,94.55,1575(E),25-Mar-2026,,,2026-09-18,usable,,Each Vial,"["""", ""439"", ""2022"", ""FLUCONAZOLE"", ""INJECTION 200 MG/ 100 ML"", ""1575(E)"", ""25-Mar-2026"", ""₹ 94.55(Each Vial)""]"
CEIL-0440,ceiling,FLUCONAZOLE,"[""FLUCONAZOLE""]",capsule,,CAPSULE 200 MG,[200.0],mg,capsule,1,true,41.08,1575(E),25-Mar-2026,,,2026-09-18,usable,,1 Capsule,"["""", ""440"", ""2022"", ""FLUCONAZOLE"", ""CAPSULE 200 MG"", ""1575(E)"", ""25-Mar-2026"", ""₹ 41.08(1 Capsule)""]"
CEIL-0441,ceiling,FLUCONAZOLE,"[""FLUCONAZOLE""]",capsule,,CAPSULE 150 MG,[150.0],mg,capsule,1,true,19.68,1575(E),25-Mar-2026,,,2026-09-18,usable,,1 Capsule,"["""", ""441"", ""2022"", ""FLUCONAZOLE"", ""CAPSULE 150 MG"", ""1575(E)"", ""25-Mar-2026"", ""₹ 19.68(1 Capsule)""]"
CEIL-0442,ceiling,FLUCONAZOLE,"[""FLUCONAZOLE""]",capsule,,CAPSULE 100 MG,[100.0],mg,capsule,1,true,21.91,1575(E),25-Mar-2026,,,2026-09-18,usable,,1 Capsule,"["""", ""442"", ""2022"", ""FLUCONAZOLE"", ""CAPSULE 100 MG"", ""1575(E)"", ""25-Mar-2026"", ""₹ 21.91(1 Capsule)""]"
CEIL-0443,ceiling,FLUCONAZOLE,"[""FLUCONAZOLE""]",tablet,,TABLET 50 MG,[50.0],mg,tablet,1,true,9.91,1575(E),25-Mar-2026,,,2026-09-18,usable,,1 Tablet,"["""", ""443"", ""2022"", ""FLUCONAZOLE"", ""TABLET 50 MG"", ""1575(E)"", ""25-Mar-2026"", ""₹ 9.91(1 Tablet)""]"
CEIL-0444,ceiling,FLUCONAZOLE,"[""FLUCONAZOLE""]",tablet,,TABLET 400 MG,[400.0],mg,tablet,1,true,30.47,1575(E),25-Mar-2026,,,2026-09-18,usable,,1 Tablet,"["""", ""444"", ""2022"", ""FLUCONAZOLE"", ""TABLET 400 MG"", ""1575(E)"", ""25-Mar-2026"", ""₹ 30.47(1 Tablet)""]"
CEIL-0445,ceiling,FLUCONAZOLE,"[""FLUCONAZOLE""]",tablet,,TABLET 200 MG,[200.0],mg,tablet,1,true,17.88,1575(E),25-Mar-2026,,,2026-09-18,usable,,1 Tablet,"["""", ""445"", ""2022"", ""FLUCONAZOLE"", ""TABLET 200 MG"", ""1575(E)"", ""25-Mar-2026"", ""₹ 17.88(1 Tablet)""]"
CEIL-0446,ceiling,FLUCONAZOLE,"[""FLUCONAZOLE""]",tablet,,TABLET 150 MG,[150.0],mg,tablet,1,true,12.35,1575(E),25-Mar-2026,,,2026-09-18,usable,,1 Tablet,"["""", ""446"", ""2022"", ""FLUCONAZOLE"", ""TABLET 150 MG"", ""1575(E)"", ""25-Mar-2026"", ""₹ 12.35(1 Tablet)""]"
CEIL-0447,ceiling,FLUDROCORTISONE,"[""FLUDROCORTISONE""]",tablet,,TABLET 100 MCG,[0.1],mg,tablet,1,true,13.52,1575(E),25-Mar-2026,,,2026-09-18,usable,,1 Tablet,"["""", ""447"", ""2022"", ""FLUDROCORTISONE"", ""TABLET 100 MCG"", ""1575(E)"", ""25-Mar-2026"", ""₹ 13.52(1 Tablet)""]"
CEIL-0448,ceiling,FLUNARIZINE,"[""FLUNARIZINE""]",tablet,,TABLET 5 MG,[5.0],mg,tablet,1,true,2.54,1575(E),25-Mar-2026,,,2026-09-18,usable,,1 Tablet,"["""", ""448"", ""2022"", ""FLUNARIZINE"", ""TABLET 5 MG"", ""1575(E)"", ""25-Mar-2026"", ""₹ 2.54(1 Tablet)""]"
CEIL-0449,ceiling,FLUNARIZINE,"[""FLUNARIZINE""]",tablet,,TABLET 10 MG,[10.0],mg,tablet,1,true,4.93,1575(E),25-Mar-2026,,,2026-09-18,usable,,1 Tablet,"["""", ""449"", ""2022"", ""FLUNARIZINE"", ""TABLET 10 MG"", ""1575(E)"", ""25-Mar-2026"", ""₹ 4.93(1 Tablet)""]"
CEIL-0450,ceiling,FLUOXETINE,"[""FLUOXETINE""]",tablet,,TABLET 20 MG,[20.0],mg,tablet,1,true,4.25,1575(E),25-Mar-2026,,,2026-09-18,usable,,1 Tablet,"["""", ""450"", ""2022"", ""FLUOXETINE"", ""TABLET 20 MG"", ""1575(E)"", ""25-Mar-2026"", ""₹ 4.25(1 Tablet)""]"
CEIL-0451,ceiling,FLUOXETINE,"[""FLUOXETINE""]",tablet,,TABLET 60 MG,[60.0],mg,tablet,1,true,8.44,1575(E),25-Mar-2026,,,2026-09-18,usable,,1 Tablet,"["""", ""451"", ""2022"", ""FLUOXETINE"", ""TABLET 60 MG"", ""1575(E)"", ""25-Mar-2026"", ""₹ 8.44(1 Tablet)""]"
CEIL-0452,ceiling,FLUOXETINE,"[""FLUOXETINE""]",tablet,,TABLET 10 MG,[10.0],mg,tablet,1,true,2.85,1575(E),25-Mar-2026,,,2026-09-18,usable,,1 Tablet,"["""", ""452"", ""2022"", ""FLUOXETINE"", ""TABLET 10 MG"", ""1575(E)"", ""25-Mar-2026"", ""₹ 2.85(1 Tablet)""]"
CEIL-0453,ceiling,FLUOXETINE,"[""FLUOXETINE""]",tablet,,TABLET 40 MG,[40.0],mg,tablet,1,true,5.70,1575(E),25-Mar-2026,,,2026-09-18,usable,,1 Tablet,"["""", ""453"", ""2022"", ""FLUOXETINE"", ""TABLET 40 MG"", ""1575(E)"", ""25-Mar-2026"", ""₹ 5.70(1 Tablet)""]"
CEIL-0454,ceiling,FLUOXETINE,"[""FLUOXETINE""]",capsule,,CAPSULE 40 MG,[40.0],mg,capsule,1,true,6.64,1575(E),25-Mar-2026,,,2026-09-18,usable,,1 Capsule,"["""", ""454"", ""2022"", ""FLUOXETINE"", ""CAPSULE 40 MG"", ""1575(E)"", ""25-Mar-2026"", ""₹ 6.64(1 Capsule)""]"
CEIL-0455,ceiling,FLUOXETINE,"[""FLUOXETINE""]",capsule,,CAPSULE 10 MG,[10.0],mg,capsule,1,true,3.40,1575(E),25-Mar-2026,,,2026-09-18,usable,,1 Capsule,"["""", ""455"", ""2022"", ""FLUOXETINE"", ""CAPSULE 10 MG"", ""1575(E)"", ""25-Mar-2026"", ""₹ 3.40(1 Capsule)""]"
CEIL-0456,ceiling,FLUOXETINE,"[""FLUOXETINE""]",capsule,,CAPSULE 60 MG,[60.0],mg,capsule,1,true,11.36,1575(E),25-Mar-2026,,,2026-09-18,usable,,1 Capsule,"["""", ""456"", ""2022"", ""FLUOXETINE"", ""CAPSULE 60 MG"", ""1575(E)"", ""25-Mar-2026"", ""₹ 11.36(1 Capsule)""]"
CEIL-0457,ceiling,FLUOXETINE,"[""FLUOXETINE""]",capsule,,CAPSULE 20 MG,[20.0],mg,capsule,1,true,4.09,1575(E),25-Mar-2026,,,2026-09-18,usable,,1 Capsule,"["""", ""457"", ""2022"", ""FLUOXETINE"", ""CAPSULE 20 MG"", ""1575(E)"", ""25-Mar-2026"", ""₹ 4.09(1 Capsule)""]"
CEIL-0458,ceiling,FLUPHENAZINE,"[""FLUPHENAZINE""]",injection,,INJECTION 25 MG,[25.0],mg,ml,1,true,56.59,1575(E),25-Mar-2026,,,2026-09-18,usable,,1 ML,"["""", ""458"", ""2022"", ""FLUPHENAZINE"", ""INJECTION 25 MG"", ""1575(E)"", ""25-Mar-2026"", ""₹ 56.59(1 ML)""]"
CEIL-0459,ceiling,FOLIC ACID,"[""FOLIC ACID""]",tablet,,TABLET 5 MG,[5.0],mg,tablet,1,true,1.55,1575(E),25-Mar-2026,,,2026-09-18,usable,,1 Tablet,"["""", ""459"", ""2022"", ""FOLIC ACID"", ""TABLET 5 MG"", ""1575(E)"", ""25-Mar-2026"", ""₹ 1.55(1 Tablet)""]"
CEIL-0460,ceiling,FOLIC ACID,"[""FOLIC ACID""]",capsule,,CAPSULE 5 MG,[5.0],mg,capsule,1,true,5.16,1575(E),25-Mar-2026,,,2026-09-18,usable,,1 Capsule,"["""", ""460"", ""2022"", ""FOLIC ACID"", ""CAPSULE 5 MG"", ""1575(E)"", ""25-Mar-2026"", ""₹ 5.16(1 Capsule)""]"
CEIL-0461,ceiling,FORMOTERAL + BUDESONIDE,"[""BUDESONIDE"", ""FORMOTERAL""]",capsule,,CAPSULE 6/100 MCG,[0.1],mg,dose,1,true,4.43,1575(E),25-Mar-2026,,,2026-09-18,usable,,Per Dose,"["""", ""461"", ""2022"", ""FORMOTERAL + BUDESONIDE"", ""CAPSULE 6/100 MCG"", ""1575(E)"", ""25-Mar-2026"", ""₹ 4.43(Per Dose)""]"
CEIL-0462,ceiling,FORMOTERAL + BUDESONIDE,"[""BUDESONIDE"", ""FORMOTERAL""]",,,INHALER 6/400 MCG,[0.4],mg,dose,1,true,3.45,1575(E),25-Mar-2026,,,2026-09-18,usable,,Per Metered Dose)( Pack,"["""", ""462"", ""2022"", ""FORMOTERAL + BUDESONIDE"", ""INHALER 6/400 MCG"", ""1575(E)"", ""25-Mar-2026"", ""₹ 3.45(Per Metered Dose)( Pack)""]"
CEIL-0463,ceiling,FORMOTERAL + BUDESONIDE,"[""BUDESONIDE"", ""FORMOTERAL""]",,,INHALER 6/400 MCG,[0.4],mg,dose,1,true,7.12,1575(E),25-Mar-2026,,,2026-09-18,usable,,Per Dose,"["""", ""463"", ""2022"", ""FORMOTERAL + BUDESONIDE"", ""INHALER 6/400 MCG"", ""1575(E)"", ""25-Mar-2026"", ""₹ 7.12(Per Dose)""]"
CEIL-0464,ceiling,FORMOTERAL + BUDESONIDE,"[""BUDESONIDE"", ""FORMOTERAL""]",,,INHALER 6/200 MCG,[0.2],mg,dose,1,true,3.03,1575(E),25-Mar-2026,,,2026-09-18,usable,,Per Metered Dose)( Pack,"["""", ""464"", ""2022"", ""FORMOTERAL + BUDESONIDE"", ""INHALER 6/200 MCG"", ""1575(E)"", ""25-Mar-2026"", ""₹ 3.03(Per Metered Dose)( Pack)""]"
CEIL-0465,ceiling,FORMOTERAL + BUDESONIDE,"[""BUDESONIDE"", ""FORMOTERAL""]",,,INHALER 6/200 MCG,[0.2],mg,dose,1,true,5.86,1575(E),25-Mar-2026,,,2026-09-18,usable,,Per Dose,"["""", ""465"", ""2022"", ""FORMOTERAL + BUDESONIDE"", ""INHALER 6/200 MCG"", ""1575(E)"", ""25-Mar-2026"", ""₹ 5.86(Per Dose)""]"
CEIL-0466,ceiling,FORMOTERAL + BUDESONIDE,"[""BUDESONIDE"", ""FORMOTERAL""]",,,INHALER 6/100 MCG,[0.1],mg,dose,1,true,2.17,1575(E),25-Mar-2026,,,2026-09-18,usable,,Per Metered Dose,"["""", ""466"", ""2022"", ""FORMOTERAL + BUDESONIDE"", ""INHALER 6/100 MCG"", ""1575(E)"", ""25-Mar-2026"", ""₹ 2.17(Per Metered Dose)""]"
CEIL-0467,ceiling,FRAMYCETIN,"[""FRAMYCETIN""]",cream,,CREAM 1 %,[],percent,gm,1,true,1.70,1575(E),25-Mar-2026,,,2026-09-18,usable,,1 GM,"["""", ""467"", ""2022"", ""FRAMYCETIN"", ""CREAM 1 %"", ""1575(E)"", ""25-Mar-2026"", ""₹ 1.70(1 GM)""]"
CEIL-0468,ceiling,FUROSEMIDE,"[""FUROSEMIDE""]",injection,,INJECTION 10 MG/ML,[10.0],concentration,ml,1,true,3.06,1575(E),25-Mar-2026,,,2026-09-18,usable,,1 ML,"["""", ""468"", ""2022"", ""FUROSEMIDE"", ""INJECTION 10 MG/ML"", ""1575(E)"", ""25-Mar-2026"", ""₹ 3.06(1 ML)""]"
CEIL-0469,ceiling,FUROSEMIDE,"[""FUROSEMIDE""]",tablet,,TABLET 40 MG,[40.0],mg,tablet,1,true,0.94,1575(E),25-Mar-2026,,,2026-09-18,usable,,1 Tablet,"["""", ""469"", ""2022"", ""FUROSEMIDE"", ""TABLET 40 MG"", ""1575(E)"", ""25-Mar-2026"", ""₹ 0.94(1 Tablet)""]"
CEIL-0470,ceiling,FUROSEMIDE,"[""FUROSEMIDE""]",oral liquid,,ORAL LIQUID 10 MG/ML,[10.0],concentration,ml,1,true,3.40,1575(E),25-Mar-2026,,,2026-09-18,usable,,1 ML,"["""", ""470"", ""2022"", ""FUROSEMIDE"", ""ORAL LIQUID 10 MG/ML"", ""1575(E)"", ""25-Mar-2026"", ""₹ 3.40(1 ML)""]"
CEIL-0471,ceiling,FUSIDIC ACID,"[""FUSIDIC ACID""]",cream,,CREAM 2 %,[],percent,gm,1,true,10.06,1575(E),25-Mar-2026,,,2026-09-18,usable,,1 GM,"["""", ""471"", ""2022"", ""FUSIDIC ACID"", ""CREAM 2 %"", ""1575(E)"", ""25-Mar-2026"", ""₹ 10.06(1 GM)""]"
CEIL-0472,ceiling,GEFITINIB,"[""GEFITINIB""]",tablet,,TABLET 250 MG,[250.0],mg,tablet,1,true,242.84,1575(E),25-Mar-2026,,,2026-09-18,usable,,1 Tablet,"["""", ""472"", ""2022"", ""GEFITINIB"", ""TABLET 250 MG"", ""1575(E)"", ""25-Mar-2026"", ""₹ 242.84(1 Tablet)""]"
CEIL-0473,ceiling,GEMCITABINE,"[""GEMCITABINE""]",powder for injection,,POWDER FOR INJECTION 1000 MG,[1000.0],mg,vial,1,true,5726.83,1575(E),25-Mar-2026,,,2026-09-18,usable,,Each Vial,"["""", ""473"", ""2022"", ""GEMCITABINE"", ""POWDER FOR INJECTION 1000 MG"", ""1575(E)"", ""25-Mar-2026"", ""₹ 5726.83(Each Vial)""]"
CEIL-0474,ceiling,GEMCITABINE,"[""GEMCITABINE""]",powder for injection,,POWDER FOR INJECTION 200 MG,[200.0],mg,vial,1,true,1331.01,1575(E),25-Mar-2026,,,2026-09-18,usable,,Each Vial,"["""", ""474"", ""2022"", ""GEMCITABINE"", ""POWDER FOR INJECTION 200 MG"", ""1575(E)"", ""25-Mar-2026"", ""₹ 1331.01(Each Vial)""]"
CEIL-0475,ceiling,GENTAMICIN,"[""GENTAMICIN""]",injection,,INJECTION 40 MG,[40.0],mg,ml,10,true,1.55,1575(E),25-Mar-2026,,,2026-09-18,usable,,Each Pack (10 ML),"["""", ""475"", ""2022"", ""GENTAMICIN"", ""INJECTION 40 MG"", ""1575(E)"", ""25-Mar-2026"", ""₹ 1.55(Each Pack (10 ML))""]"
CEIL-0476,ceiling,GENTAMICIN,"[""GENTAMICIN""]",injection,,INJECTION 40 MG,[40.0],mg,ml,2,true,4.96,1575(E),25-Mar-2026,,,2026-09-18,usable,,2 ML Pack,"["""", ""476"", ""2022"", ""GENTAMICIN"", ""INJECTION 40 MG"", ""1575(E)"", ""25-Mar-2026"", ""₹ 4.96(2 ML Pack)""]"
CEIL-0477,ceiling,GENTAMICIN,"[""GENTAMICIN""]",injection,,INJECTION 40 MG,[40.0],mg,ml,1,true,2.97,1575(E),25-Mar-2026,,,2026-09-18,usable,,1 ML,"["""", ""477"", ""2022"", ""GENTAMICIN"", ""INJECTION 40 MG"", ""1575(E)"", ""25-Mar-2026"", ""₹ 2.97(1 ML)""]"
CEIL-0478,ceiling,GENTAMICIN,"[""GENTAMICIN""]",injection,,INJECTION 10 MG,[10.0],mg,ml,1,true,2.47,1575(E),25-Mar-2026,,,2026-09-18,usable,,1 ML,"["""", ""478"", ""2022"", ""GENTAMICIN"", ""INJECTION 10 MG"", ""1575(E)"", ""25-Mar-2026"", ""₹ 2.47(1 ML)""]"
CEIL-0479,ceiling,GENTAMICIN,"[""GENTAMICIN""]",injection,,INJECTION 40 MG,[40.0],mg,ml,20,true,1.59,1575(E),25-Mar-2026,,,2026-09-18,usable,,Each Pack (20 ml),"["""", ""479"", ""2022"", ""GENTAMICIN"", ""INJECTION 40 MG"", ""1575(E)"", ""25-Mar-2026"", ""₹ 1.59(Each Pack (20 ml))""]"
CEIL-0480,ceiling,GENTAMICIN,"[""GENTAMICIN""]",injection,,INJECTION 40 MG,[40.0],mg,ml,30,true,1.26,1575(E),25-Mar-2026,,,2026-09-18,usable,,Each Pack (30 ml),"["""", ""480"", ""2022"", ""GENTAMICIN"", ""INJECTION 40 MG"", ""1575(E)"", ""25-Mar-2026"", ""₹ 1.26(Each Pack (30 ml))""]"
CEIL-0481,ceiling,GLARGINE,"[""GLARGINE""]",,,DISPOSABLE PEN 100 IU,[],none,ml,1,true,250.00,1575(E),25-Mar-2026,,,2026-09-18,usable,,1 ML,"["""", ""481"", ""2022"", ""GLARGINE"", ""DISPOSABLE PEN 100 IU"", ""1575(E)"", ""25-Mar-2026"", ""₹ 250.00(1 ML)""]"
CEIL-0482,ceiling,GLARGINE,"[""GLARGINE""]",injection,,INJECTION 100 IU,[],none,ml,1,true,208.34,1575(E),25-Mar-2026,,,2026-09-18,usable,,1 ML,"["""", ""482"", ""2022"", ""GLARGINE"", ""INJECTION 100 IU"", ""1575(E)"", ""25-Mar-2026"", ""₹ 208.34(1 ML)""]"
CEIL-0483,ceiling,GLIMEPIRIDE,"[""GLIMEPIRIDE""]",tablet,,TABLET 1 MG,[1.0],mg,tablet,1,true,3.78,1575(E),25-Mar-2026,,,2026-09-18,usable,,1 Tablet,"["""", ""483"", ""2022"", ""GLIMEPIRIDE"", ""TABLET 1 MG"", ""1575(E)"", ""25-Mar-2026"", ""₹ 3.78(1 Tablet)""]"
CEIL-0484,ceiling,GLIMEPIRIDE,"[""GLIMEPIRIDE""]",tablet,,TABLET 2 MG,[2.0],mg,tablet,1,true,5.94,1575(E),25-Mar-2026,,,2026-09-18,usable,,1 Tablet,"["""", ""484"", ""2022"", ""GLIMEPIRIDE"", ""TABLET 2 MG"", ""1575(E)"", ""25-Mar-2026"", ""₹ 5.94(1 Tablet)""]"
CEIL-0485,ceiling,GLUCOSE,"[""GLUCOSE""]",infusion,,INFUSION 25 %,[],percent,ml,1,true,0.20,1575(E),25-Mar-2026,,,2026-09-18,usable,,1 ML,"["""", ""485"", ""2022"", ""GLUCOSE"", ""INFUSION 25 %"", ""1575(E)"", ""25-Mar-2026"", ""₹ 0.20(1 ML)""]"
CEIL-0486,ceiling,GLYCEROL,"[""GLYCEROL""]",cream,,CREAM 15 %,[],percent,gm,1,true,2.43,1575(E),25-Mar-2026,,,2026-09-18,usable,,1 GM,"["""", ""486"", ""2022"", ""GLYCEROL"", ""CREAM 15 %"", ""1575(E)"", ""25-Mar-2026"", ""₹ 2.43(1 GM)""]"
CEIL-0487,ceiling,GLYCEROL,"[""GLYCEROL""]",lotion,,LOTION 15 %,[],percent,ml,1,true,1.26,1575(E),25-Mar-2026,,,2026-09-18,usable,,1 ML,"["""", ""487"", ""2022"", ""GLYCEROL"", ""LOTION 15 %"", ""1575(E)"", ""25-Mar-2026"", ""₹ 1.26(1 ML)""]"
CEIL-0488,ceiling,GLYCERYL TRINITRATE,"[""GLYCERYL TRINITRATE""]",tablet,,SUBLINGUAL TABLET 0.5 MG,[0.5],mg,tablet,1,true,1.30,1575(E),25-Mar-2026,,,2026-09-18,usable,,1 Tablet,"["""", ""488"", ""2022"", ""GLYCERYL TRINITRATE"", ""SUBLINGUAL TABLET 0.5 MG"", ""1575(E)"", ""25-Mar-2026"", ""₹ 1.30(1 Tablet)""]"
CEIL-0489,ceiling,GLYCERYL TRINITRATE,"[""GLYCERYL TRINITRATE""]",injection,,INJECTION 5 MG/ML,[5.0],concentration,ml,1,true,6.34,1575(E),25-Mar-2026,,,2026-09-18,usable,,1 ML,"["""", ""489"", ""2022"", ""GLYCERYL TRINITRATE"", ""INJECTION 5 MG/ML"", ""1575(E)"", ""25-Mar-2026"", ""₹ 6.34(1 ML)""]"
CEIL-0490,ceiling,GLYCOPYRROLATE,"[""GLYCOPYRROLATE""]",injection,,INJECTION 0.2 MG/ML,[0.2],concentration,ml,1,true,14.88,1575(E),25-Mar-2026,,,2026-09-18,usable,,1 ML,"["""", ""490"", ""2022"", ""GLYCOPYRROLATE"", ""INJECTION 0.2 MG/ML"", ""1575(E)"", ""25-Mar-2026"", ""₹ 14.88(1 ML)""]"
CEIL-0491,ceiling,GRISEOFULVIN,"[""GRISEOFULVIN""]",tablet,,TABLET 250 MG,[250.0],mg,tablet,1,true,1.81,1575(E),25-Mar-2026,,,2026-09-18,usable,,1 Tablet,"["""", ""491"", ""2022"", ""GRISEOFULVIN"", ""TABLET 250 MG"", ""1575(E)"", ""25-Mar-2026"", ""₹ 1.81(1 Tablet)""]"
CEIL-0492,ceiling,HALOPERIDOL,"[""HALOPERIDOL""]",,,LIQUID 2 MG,[2.0],mg,ml,1,true,2.29,1575(E),25-Mar-2026,,,2026-09-18,usable,,1 ML,"["""", ""492"", ""2022"", ""HALOPERIDOL"", ""LIQUID 2 MG"", ""1575(E)"", ""25-Mar-2026"", ""₹ 2.29(1 ML)""]"
CEIL-0493,ceiling,HALOPERIDOL,"[""HALOPERIDOL""]",injection,,INJECTION 5 MG/ML,[5.0],concentration,ml,1,true,6.66,1575(E),25-Mar-2026,,,2026-09-18,usable,,1 ML,"["""", ""493"", ""2022"", ""HALOPERIDOL"", ""INJECTION 5 MG/ML"", ""1575(E)"", ""25-Mar-2026"", ""₹ 6.66(1 ML)""]"
CEIL-0494,ceiling,HALOPERIDOL,"[""HALOPERIDOL""]",tablet,,TABLET 5 MG,[5.0],mg,tablet,1,true,3.65,1575(E),25-Mar-2026,,,2026-09-18,usable,,1 Tablet,"["""", ""494"", ""2022"", ""HALOPERIDOL"", ""TABLET 5 MG"", ""1575(E)"", ""25-Mar-2026"", ""₹ 3.65(1 Tablet)""]"
CEIL-0495,ceiling,HALOPERIDOL,"[""HALOPERIDOL""]",tablet,,TABLET 10 MG,[10.0],mg,tablet,1,true,4.89,1575(E),25-Mar-2026,,,2026-09-18,usable,,1 Tablet,"["""", ""495"", ""2022"", ""HALOPERIDOL"", ""TABLET 10 MG"", ""1575(E)"", ""25-Mar-2026"", ""₹ 4.89(1 Tablet)""]"
CEIL-0496,ceiling,HALOPERIDOL,"[""HALOPERIDOL""]",tablet,,TABLET 1.5 MG,[1.5],mg,tablet,1,true,1.62,1575(E),25-Mar-2026,,,2026-09-18,usable,,1 Tablet,"["""", ""496"", ""2022"", ""HALOPERIDOL"", ""TABLET 1.5 MG"", ""1575(E)"", ""25-Mar-2026"", ""₹ 1.62(1 Tablet)""]"
CEIL-0497,ceiling,HALOPERIDOL,"[""HALOPERIDOL""]",tablet,,TABLET 20 MG,[20.0],mg,tablet,1,true,5.49,1575(E),25-Mar-2026,,,2026-09-18,usable,,1 Tablet,"["""", ""497"", ""2022"", ""HALOPERIDOL"", ""TABLET 20 MG"", ""1575(E)"", ""25-Mar-2026"", ""₹ 5.49(1 Tablet)""]"
CEIL-0498,ceiling,HALOTHANE,"[""HALOTHANE""]",,,LIQUID 100 %,[],percent,ml,1,true,6.25,1575(E),25-Mar-2026,,,2026-09-18,usable,,1 ML,"["""", ""498"", ""2022"", ""HALOTHANE"", ""LIQUID 100 %"", ""1575(E)"", ""25-Mar-2026"", ""₹ 6.25(1 ML)""]"
CEIL-0499,ceiling,HEPATITIS B,"[""HEPATITIS B""]",,,VACCINE --,[],none,ml,1,true,80.71,1575(E),25-Mar-2026,,,2026-09-18,usable,,1 ML,"["""", ""499"", ""2022"", ""HEPATITIS B"", ""VACCINE --"", ""1575(E)"", ""25-Mar-2026"", ""₹ 80.71(1 ML)""]"
CEIL-0500,ceiling,HEPATITIS IMMUNOGLOBULIN,"[""HEPATITIS IMMUNOGLOBULIN""]",injection,,INJECTION --,[],none,vial,1,true,5630.73,1575(E),25-Mar-2026,,,2026-09-18,usable,,Each Vial,"["""", ""500"", ""2022"", ""HEPATITIS IMMUNOGLOBULIN"", ""INJECTION --"", ""1575(E)"", ""25-Mar-2026"", ""₹ 5630.73(Each Vial)""]"
CEIL-0501,ceiling,HOMATROPINE EYE DROPS / OINTMENT,"[""HOMATROPINE EYE DROPS / OINTMENT""]",drops,,EYE DROPS 2 %,[],percent,ml,1,true,6.55,1575(E),25-Mar-2026,,,2026-09-18,usable,,1 ML,"["""", ""501"", ""2022"", ""HOMATROPINE EYE DROPS / OINTMENT"", ""EYE DROPS 2 %"", ""1575(E)"", ""25-Mar-2026"", ""₹ 6.55(1 ML)""]"
CEIL-0502,ceiling,HORMONE RELEASING IUD,"[""HORMONE RELEASING IUD""]",device,,DEVICE CONTAINS 52 MGOF LEVONORGESTREL,[],none,unit,1,true,4202.05,1575(E),25-Mar-2026,,,2026-09-18,usable,,1 IUD,"["""", ""502"", ""2022"", ""HORMONE RELEASING IUD"", ""DEVICE CONTAINS 52 MGOF\nLEVONORGESTREL"", ""1575(E)"", ""25-Mar-2026"", ""₹ 4202.05(1 IUD)""]"
CEIL-0503,ceiling,HUMAN CHORIONIC GONADOTROPIN,"[""HUMAN CHORIONIC GONADOTROPIN""]",injection,,INJECTION 2000 IU,[],none,vial,1,true,351.90,1575(E),25-Mar-2026,,,2026-09-18,usable,,Each Vial,"["""", ""503"", ""2022"", ""HUMAN CHORIONIC GONADOTROPIN"", ""INJECTION 2000 IU"", ""1575(E)"", ""25-Mar-2026"", ""₹ 351.90(Each Vial)""]"
CEIL-0504,ceiling,HUMAN CHORIONIC GONADOTROPIN,"[""HUMAN CHORIONIC GONADOTROPIN""]",injection,,INJECTION 5000 IU/ML,[],none,vial,1,true,427.50,1575(E),25-Mar-2026,,,2026-09-18,usable,,Each Vial,"["""", ""504"", ""2022"", ""HUMAN CHORIONIC GONADOTROPIN"", ""INJECTION 5000 IU/ML"", ""1575(E)"", ""25-Mar-2026"", ""₹ 427.50(Each Vial)""]"
CEIL-0505,ceiling,HUMAN CHORIONIC GONADOTROPIN,"[""HUMAN CHORIONIC GONADOTROPIN""]",injection,,INJECTION 10000 IU,[],none,vial,1,true,950.59,1575(E),25-Mar-2026,,,2026-09-18,usable,,Each Vial,"["""", ""505"", ""2022"", ""HUMAN CHORIONIC GONADOTROPIN"", ""INJECTION 10000 IU"", ""1575(E)"", ""25-Mar-2026"", ""₹ 950.59(Each Vial)""]"
CEIL-0506,ceiling,Human Normal Immunoglobulin,"[""HUMAN NORMAL IMMUNOGLOBULIN""]",infusion,,INFUSION 5 %,[],percent,ml,1,true,149.57,1575(E),25-Mar-2026,,,2026-09-18,usable,,1 ML,"["""", ""506"", ""2022"", ""Human Normal Immunoglobulin"", ""INFUSION 5 %"", ""1575(E)"", ""25-Mar-2026"", ""₹ 149.57(1 ML)""]"
CEIL-0507,ceiling,Human Normal Immunoglobulin,"[""HUMAN NORMAL IMMUNOGLOBULIN""]",infusion,,INFUSION 10 %,[],percent,ml,1,true,207.87,1575(E),25-Mar-2026,,,2026-09-18,usable,,1 ML,"["""", ""507"", ""2022"", ""Human Normal Immunoglobulin"", ""INFUSION 10 %"", ""1575(E)"", ""25-Mar-2026"", ""₹ 207.87(1 ML)""]"
CEIL-0508,ceiling,Human Normal Immunoglobulin,"[""HUMAN NORMAL IMMUNOGLOBULIN""]",infusion,,INFUSION 16.5 %,[],percent,ml,1,true,481.68,1575(E),25-Mar-2026,,,2026-09-18,usable,,1 ML,"["""", ""508"", ""2022"", ""Human Normal Immunoglobulin"", ""INFUSION 16.5 %"", ""1575(E)"", ""25-Mar-2026"", ""₹ 481.68(1 ML)""]"
CEIL-0509,ceiling,HUMAN PREMIX INSULIN,"[""HUMAN PREMIX INSULIN""]",injection,,INJECTION 40 IU,[],none,ml,1,true,17.40,1575(E),25-Mar-2026,,,2026-09-18,usable,,1 ML,"["""", ""509"", ""2022"", ""HUMAN PREMIX INSULIN"", ""INJECTION 40 IU"", ""1575(E)"", ""25-Mar-2026"", ""₹ 17.40(1 ML)""]"
CEIL-0510,ceiling,HYDROCHLOROTHIAZIDE,"[""HYDROCHLOROTHIAZIDE""]",tablet,,TABLET 25 MG,[25.0],mg,tablet,1,true,1.79,1575(E),25-Mar-2026,,,2026-09-18,usable,,1 Tablet,"["""", ""510"", ""2022"", ""HYDROCHLOROTHIAZIDE"", ""TABLET 25 MG"", ""1575(E)"", ""25-Mar-2026"", ""₹ 1.79(1 Tablet)""]"
CEIL-0511,ceiling,HYDROCHLOROTHIAZIDE,"[""HYDROCHLOROTHIAZIDE""]",tablet,,TABLET 12.5 MG,[12.5],mg,tablet,1,true,1.07,1575(E),25-Mar-2026,,,2026-09-18,usable,,1 Tablet,"["""", ""511"", ""2022"", ""HYDROCHLOROTHIAZIDE"", ""TABLET 12.5 MG"", ""1575(E)"", ""25-Mar-2026"", ""₹ 1.07(1 Tablet)""]"
CEIL-0512,ceiling,HYDROCORTISONE,"[""HYDROCORTISONE""]",tablet,,TABLET 20 MG,[20.0],mg,tablet,1,true,15.25,1575(E),25-Mar-2026,,,2026-09-18,usable,,1 Tablet,"["""", ""512"", ""2022"", ""HYDROCORTISONE"", ""TABLET 20 MG"", ""1575(E)"", ""25-Mar-2026"", ""₹ 15.25(1 Tablet)""]"
CEIL-0513,ceiling,HYDROCORTISONE,"[""HYDROCORTISONE""]",tablet,,TABLET 10 MG,[10.0],mg,tablet,1,true,6.86,1575(E),25-Mar-2026,,,2026-09-18,usable,,1 Tablet,"["""", ""513"", ""2022"", ""HYDROCORTISONE"", ""TABLET 10 MG"", ""1575(E)"", ""25-Mar-2026"", ""₹ 6.86(1 Tablet)""]"
CEIL-0514,ceiling,HYDROCORTISONE,"[""HYDROCORTISONE""]",tablet,,TABLET 5 MG,[5.0],mg,tablet,1,true,3.19,1575(E),25-Mar-2026,,,2026-09-18,usable,,1 Tablet,"["""", ""514"", ""2022"", ""HYDROCORTISONE"", ""TABLET 5 MG"", ""1575(E)"", ""25-Mar-2026"", ""₹ 3.19(1 Tablet)""]"
CEIL-0515,ceiling,HYDROCORTISONE,"[""HYDROCORTISONE""]",powder for injection,,POWDER FOR INJECTION 100 MG,[100.0],mg,vial,1,true,45.87,1575(E),25-Mar-2026,,,2026-09-18,usable,,Each Vial,"["""", ""515"", ""2022"", ""HYDROCORTISONE"", ""POWDER FOR INJECTION 100 MG"", ""1575(E)"", ""25-Mar-2026"", ""₹ 45.87(Each Vial)""]"
CEIL-0516,ceiling,HYDROCORTISONE,"[""HYDROCORTISONE""]",injection,,INJECTION 200 MG,[200.0],mg,vial,1,true,67.17,1575(E),25-Mar-2026,,,2026-09-18,usable,,Each Vial,"["""", ""516"", ""2022"", ""HYDROCORTISONE"", ""INJECTION 200 MG"", ""1575(E)"", ""25-Mar-2026"", ""₹ 67.17(Each Vial)""]"
CEIL-0517,ceiling,HYDROXYCHLOROQUINE,"[""HYDROXYCHLOROQUINE""]",tablet,,TABLET 200 MG,[200.0],mg,tablet,1,true,6.51,1575(E),25-Mar-2026,,,2026-09-18,usable,,1 Tablet,"["""", ""517"", ""2022"", ""HYDROXYCHLOROQUINE"", ""TABLET 200 MG"", ""1575(E)"", ""25-Mar-2026"", ""₹ 6.51(1 Tablet)""]"
CEIL-0518,ceiling,HYDROXYCHLOROQUINE,"[""HYDROXYCHLOROQUINE""]",tablet,,TABLET 400 MG,[400.0],mg,tablet,1,true,14.13,1575(E),25-Mar-2026,,,2026-09-18,usable,,1 Tablet,"["""", ""518"", ""2022"", ""HYDROXYCHLOROQUINE"", ""TABLET 400 MG"", ""1575(E)"", ""25-Mar-2026"", ""₹ 14.13(1 Tablet)""]"
CEIL-0519,ceiling,HYDROXY PROPYL METHYL CELLULOSE (2 % W/ V),"[""HYDROXY PROPYL METHYL CELLULOSE (2 % W/ V)""]",,,PREFILLED SYRINGE --,[],none,ml,1,true,29.91,1575(E),25-Mar-2026,,,2026-09-18,usable,,1 ML,"["""", ""519"", ""2022"", ""HYDROXY PROPYL METHYL CELLULOSE (2 % W/ V)"", ""PREFILLED SYRINGE --"", ""1575(E)"", ""25-Mar-2026"", ""₹ 29.91(1 ML)""]"
CEIL-0520,ceiling,HYDROXYUREA,"[""HYDROXYUREA""]",capsule,,CAPSULE 500 MG,[500.0],mg,capsule,1,true,12.41,1575(E),25-Mar-2026,,,2026-09-18,usable,,1 Capsule,"["""", ""520"", ""2022"", ""HYDROXYUREA"", ""CAPSULE 500 MG"", ""1575(E)"", ""25-Mar-2026"", ""₹ 12.41(1 Capsule)""]"
CEIL-0521,ceiling,HYOSCINE,"[""HYOSCINE""]",injection,,INJECTION 20 MG,[20.0],mg,ml,1,true,11.51,1575(E),25-Mar-2026,,,2026-09-18,usable,,1 ML,"["""", ""521"", ""2022"", ""HYOSCINE"", ""INJECTION 20 MG"", ""1575(E)"", ""25-Mar-2026"", ""₹ 11.51(1 ML)""]"
CEIL-0522,ceiling,IBUPROFEN,"[""IBUPROFEN""]",tablet,,TABLET 400 MG,[400.0],mg,tablet,1,true,1.23,1575(E),25-Mar-2026,,,2026-09-18,usable,,1 Tablet,"["""", ""522"", ""2022"", ""IBUPROFEN"", ""TABLET 400 MG"", ""1575(E)"", ""25-Mar-2026"", ""₹ 1.23(1 Tablet)""]"
CEIL-0523,ceiling,IBUPROFEN,"[""IBUPROFEN""]",capsule,,CAPSULE 400 MG,[400.0],mg,capsule,1,true,1.34,1575(E),25-Mar-2026,,,2026-09-18,usable,,1 Capsule,"["""", ""523"", ""2022"", ""IBUPROFEN"", ""CAPSULE 400 MG"", ""1575(E)"", ""25-Mar-2026"", ""₹ 1.34(1 Capsule)""]"
CEIL-0524,ceiling,IBUPROFEN,"[""IBUPROFEN""]",tablet,,TABLET 200 MG,[200.0],mg,tablet,1,true,0.72,1575(E),25-Mar-2026,,,2026-09-18,usable,,1 Tablet,"["""", ""524"", ""2022"", ""IBUPROFEN"", ""TABLET 200 MG"", ""1575(E)"", ""25-Mar-2026"", ""₹ 0.72(1 Tablet)""]"
CEIL-0525,ceiling,IBUPROFEN,"[""IBUPROFEN""]",oral liquid,,ORAL LIQUID 100 MG/ 5 ML,[100.0],concentration,ml,1,true,0.22,1575(E),25-Mar-2026,,,2026-09-18,usable,,1 ML,"["""", ""525"", ""2022"", ""IBUPROFEN"", ""ORAL LIQUID 100 MG/ 5 ML"", ""1575(E)"", ""25-Mar-2026"", ""₹ 0.22(1 ML)""]"
CEIL-0526,ceiling,IFOSFAMIDE,"[""IFOSFAMIDE""]",injection,,INJECTION 1000 MG,[1000.0],mg,vial,1,true,326.61,1575(E),25-Mar-2026,,,2026-09-18,usable,,Each Vial,"["""", ""526"", ""2022"", ""IFOSFAMIDE"", ""INJECTION 1000 MG"", ""1575(E)"", ""25-Mar-2026"", ""₹ 326.61(Each Vial)""]"
CEIL-0527,ceiling,IFOSFAMIDE,"[""IFOSFAMIDE""]",injection,,INJECTION 2000 MG,[2000.0],mg,vial,1,true,658.59,1575(E),25-Mar-2026,,,2026-09-18,usable,,Each Vial,"["""", ""527"", ""2022"", ""IFOSFAMIDE"", ""INJECTION 2000 MG"", ""1575(E)"", ""25-Mar-2026"", ""₹ 658.59(Each Vial)""]"
CEIL-0528,ceiling,IMATINIB,"[""IMATINIB""]",tablet,,TABLET 400 MG,[400.0],mg,tablet,1,true,204.41,1575(E),25-Mar-2026,,,2026-09-18,usable,,1 Tablet,"["""", ""528"", ""2022"", ""IMATINIB"", ""TABLET 400 MG"", ""1575(E)"", ""25-Mar-2026"", ""₹ 204.41(1 Tablet)""]"
CEIL-0529,ceiling,IMATINIB,"[""IMATINIB""]",tablet,,TABLET 100 MG,[100.0],mg,tablet,1,true,71.42,1575(E),25-Mar-2026,,,2026-09-18,usable,,1 Tablet,"["""", ""529"", ""2022"", ""IMATINIB"", ""TABLET 100 MG"", ""1575(E)"", ""25-Mar-2026"", ""₹ 71.42(1 Tablet)""]"
CEIL-0530,ceiling,IMATINIB MESYLATE,"[""IMATINIB MESYLATE""]",capsule,,CAPSULE 100 MG,[100.0],mg,capsule,1,true,75.25,1575(E),25-Mar-2026,,,2026-09-18,usable,,1 Capsule,"["""", ""530"", ""2022"", ""IMATINIB MESYLATE"", ""CAPSULE 100 MG"", ""1575(E)"", ""25-Mar-2026"", ""₹ 75.25(1 Capsule)""]"
CEIL-0531,ceiling,INTERMEDIATE-ACTING INSULIN(SOLUBLE),"[""INTERMEDIATE-ACTING INSULIN(SOLUBLE)""]",injection,,INJECTION 40 IU/ ML,[],none,ml,1,true,17.40,1575(E),25-Mar-2026,,,2026-09-18,usable,,1 ML,"["""", ""531"", ""2022"", ""INTERMEDIATE-ACTING INSULIN(SOLUBLE)"", ""INJECTION 40 IU/ ML"", ""1575(E)"", ""25-Mar-2026"", ""₹ 17.40(1 ML)""]"
CEIL-0532,ceiling,INTERMEDIATE-ACTING INSULIN(SOLUBLE),"[""INTERMEDIATE-ACTING INSULIN(SOLUBLE)""]",injection,,INJECTION 40 IU/ ML,[],none,ml,1,true,17.40,1575(E),25-Mar-2026,,,2026-09-18,usable,,1 ML,"["""", ""532"", ""2022"", ""INTERMEDIATE-ACTING INSULIN(SOLUBLE)"", ""INJECTION 40 IU/ ML"", ""1575(E)"", ""25-Mar-2026"", ""₹ 17.40(1 ML)""]"
CEIL-0533,ceiling,IOHEXOL,"[""IOHEXOL""]",injection,,INJECTION 300 MG,[300.0],mg,ml,1,true,19.87,1575(E),25-Mar-2026,,,2026-09-18,usable,,1 ML)( Pack,"["""", ""533"", ""2022"", ""IOHEXOL"", ""INJECTION 300 MG"", ""1575(E)"", ""25-Mar-2026"", ""₹ 19.87(1 ML)( Pack)""]"
CEIL-0534,ceiling,IOHEXOL,"[""IOHEXOL""]",infusion,,INFUSION 350 MG,[350.0],mg,ml,1,true,14.58,1575(E),25-Mar-2026,,,2026-09-18,usable,,1 ML,"["""", ""534"", ""2022"", ""IOHEXOL"", ""INFUSION 350 MG"", ""1575(E)"", ""25-Mar-2026"", ""₹ 14.58(1 ML)""]"
CEIL-0535,ceiling,IPRATROPIUM,"[""IPRATROPIUM""]",solution,,SOLUTION 250 MCG,[0.25],mg,ml,1,true,2.98,1575(E),25-Mar-2026,,,2026-09-18,usable,,1 ML,"["""", ""535"", ""2022"", ""IPRATROPIUM"", ""SOLUTION 250 MCG"", ""1575(E)"", ""25-Mar-2026"", ""₹ 2.98(1 ML)""]"
CEIL-0536,ceiling,IRINOTECAN,"[""IRINOTECAN""]",injection,,INJECTION 40 MG,[40.0],mg,ml,1,true,988.06,1575(E),25-Mar-2026,,,2026-09-18,usable,,1 ML,"["""", ""536"", ""2022"", ""IRINOTECAN"", ""INJECTION 40 MG"", ""1575(E)"", ""25-Mar-2026"", ""₹ 988.06(1 ML)""]"
CEIL-0537,ceiling,IRON SUCROSE,"[""IRON SUCROSE""]",injection,,INJECTION 20 MG/ML,[20.0],concentration,ml,1,true,58.79,1575(E),25-Mar-2026,,,2026-09-18,usable,,1 ML,"["""", ""537"", ""2022"", ""IRON SUCROSE"", ""INJECTION 20 MG/ML"", ""1575(E)"", ""25-Mar-2026"", ""₹ 58.79(1 ML)""]"
CEIL-0538,ceiling,ISOFLURANE,"[""ISOFLURANE""]",,,LIQUID 100 %,[],percent,ml,1,true,9.88,1575(E),25-Mar-2026,,,2026-09-18,usable,,1 ML,"["""", ""538"", ""2022"", ""ISOFLURANE"", ""LIQUID 100 %"", ""1575(E)"", ""25-Mar-2026"", ""₹ 9.88(1 ML)""]"
CEIL-0539,ceiling,ISONIAZID,"[""ISONIAZID""]",tablet,,TABLET 100 MG,[100.0],mg,tablet,1,true,0.74,1575(E),25-Mar-2026,,,2026-09-18,usable,,1 Tablet)( Pack,"["""", ""539"", ""2022"", ""ISONIAZID"", ""TABLET 100 MG"", ""1575(E)"", ""25-Mar-2026"", ""₹ 0.74(1 Tablet)( Pack)""]"
CEIL-0540,ceiling,ISONIAZID,"[""ISONIAZID""]",tablet,,TABLET 300 MG,[300.0],mg,tablet,1,true,1.32,1575(E),25-Mar-2026,,,2026-09-18,usable,,1 Tablet,"["""", ""540"", ""2022"", ""ISONIAZID"", ""TABLET 300 MG"", ""1575(E)"", ""25-Mar-2026"", ""₹ 1.32(1 Tablet)""]"
CEIL-0541,ceiling,ISOSORBIDE DINITRATE,"[""ISOSORBIDE DINITRATE""]",tablet,,TABLET 5 MG,[5.0],mg,tablet,1,true,0.84,1575(E),25-Mar-2026,,,2026-09-18,usable,,1 Tablet,"["""", ""541"", ""2022"", ""ISOSORBIDE DINITRATE"", ""TABLET 5 MG"", ""1575(E)"", ""25-Mar-2026"", ""₹ 0.84(1 Tablet)""]"
CEIL-0542,ceiling,ISOSORBIDE DINITRATE,"[""ISOSORBIDE DINITRATE""]",tablet,,TABLET 10 MG,[10.0],mg,tablet,1,true,0.83,1575(E),25-Mar-2026,,,2026-09-18,usable,,1 Tablet,"["""", ""542"", ""2022"", ""ISOSORBIDE DINITRATE"", ""TABLET 10 MG"", ""1575(E)"", ""25-Mar-2026"", ""₹ 0.83(1 Tablet)""]"
CEIL-0543,ceiling,ISPAGHULA,"[""ISPAGHULA""]",,,POWDER --,[],none,gm,1,true,0.97,1575(E),25-Mar-2026,,,2026-09-18,usable,,1 GM,"["""", ""543"", ""2022"", ""ISPAGHULA"", ""POWDER --"", ""1575(E)"", ""25-Mar-2026"", ""₹ 0.97(1 GM)""]"
CEIL-0544,ceiling,ITRACONAZOLE,"[""ITRACONAZOLE""]",capsule,,CAPSULE 100 MG,[100.0],mg,capsule,1,true,17.07,1575(E),25-Mar-2026,,,2026-09-18,usable,,1 Capsule,"["""", ""544"", ""2022"", ""ITRACONAZOLE"", ""CAPSULE 100 MG"", ""1575(E)"", ""25-Mar-2026"", ""₹ 17.07(1 Capsule)""]"
CEIL-0545,ceiling,ITRACONAZOLE,"[""ITRACONAZOLE""]",solution,,ORAL SOLUTION 10 MG,[10.0],mg,ml,1,true,5.06,1575(E),25-Mar-2026,,,2026-09-18,usable,,1 ML,"["""", ""545"", ""2022"", ""ITRACONAZOLE"", ""ORAL SOLUTION 10 MG"", ""1575(E)"", ""25-Mar-2026"", ""₹ 5.06(1 ML)""]"
CEIL-0546,ceiling,ITRACONAZOLE,"[""ITRACONAZOLE""]",capsule,,CAPSULE 200 MG,[200.0],mg,capsule,1,true,22.65,1575(E),25-Mar-2026,,,2026-09-18,usable,,1 Capsule,"["""", ""546"", ""2022"", ""ITRACONAZOLE"", ""CAPSULE 200 MG"", ""1575(E)"", ""25-Mar-2026"", ""₹ 22.65(1 Capsule)""]"
CEIL-0547,ceiling,IUDS CONTAINING COPPER,"[""IUDS CONTAINING COPPER""]",device,,DEVICE --,[],none,unit,1,true,287.76,1575(E),25-Mar-2026,,,2026-09-18,usable,,1 IUD,"["""", ""547"", ""2022"", ""IUDS CONTAINING COPPER"", ""DEVICE --"", ""1575(E)"", ""25-Mar-2026"", ""₹ 287.76(1 IUD)""]"
CEIL-0548,ceiling,IVERMECTIN,"[""IVERMECTIN""]",tablet,,TABLET 6 MG,[6.0],mg,tablet,1,true,22.10,1575(E),25-Mar-2026,,,2026-09-18,usable,,1 Tablet,"["""", ""548"", ""2022"", ""IVERMECTIN"", ""TABLET 6 MG"", ""1575(E)"", ""25-Mar-2026"", ""₹ 22.10(1 Tablet)""]"
CEIL-0549,ceiling,IVERMECTIN,"[""IVERMECTIN""]",tablet,,TABLET 12 MG,[12.0],mg,tablet,1,true,38.27,1575(E),25-Mar-2026,,,2026-09-18,usable,,1 Tablet,"["""", ""549"", ""2022"", ""IVERMECTIN"", ""TABLET 12 MG"", ""1575(E)"", ""25-Mar-2026"", ""₹ 38.27(1 Tablet)""]"
CEIL-0550,ceiling,Japanese Encephalitis,"[""JAPANESE ENCEPHALITIS""]",,,VACCINE 4 MCG to 6 MCG,"[0.004, 0.006]",mg,vial,1,true,693.42,1575(E),25-Mar-2026,,,2026-09-18,usable,,Each Vial,"["""", ""550"", ""2022"", ""Japanese Encephalitis"", ""VACCINE 4 MCG to 6 MCG"", ""1575(E)"", ""25-Mar-2026"", ""₹ 693.42(Each Vial)""]"
CEIL-0551,ceiling,Japanese Encephalitis,"[""JAPANESE ENCEPHALITIS""]",,,VACCINE Upto 3 MCG,[0.003],mg,vial,1,true,531.11,1575(E),25-Mar-2026,,,2026-09-18,usable,,Each Vial,"["""", ""551"", ""2022"", ""Japanese Encephalitis"", ""VACCINE Upto 3 MCG"", ""1575(E)"", ""25-Mar-2026"", ""₹ 531.11(Each Vial)""]"
CEIL-0552,ceiling,KETAMINE,"[""KETAMINE""]",injection,,INJECTION 50 MG,[50.0],mg,ml,1,true,12.41,1575(E),25-Mar-2026,,,2026-09-18,usable,,1 ML,"["""", ""552"", ""2022"", ""KETAMINE"", ""INJECTION 50 MG"", ""1575(E)"", ""25-Mar-2026"", ""₹ 12.41(1 ML)""]"
CEIL-0553,ceiling,LABETALOL,"[""LABETALOL""]",tablet,,TABLET 100 MG,[100.0],mg,tablet,1,true,15.52,1575(E),25-Mar-2026,,,2026-09-18,usable,,1 Tablet,"["""", ""553"", ""2022"", ""LABETALOL"", ""TABLET 100 MG"", ""1575(E)"", ""25-Mar-2026"", ""₹ 15.52(1 Tablet)""]"
CEIL-0554,ceiling,LABETALOL,"[""LABETALOL""]",injection,,INJECTION 5 MG,[5.0],mg,ml,1,true,51.18,1575(E),25-Mar-2026,,,2026-09-18,usable,,1 ML,"["""", ""554"", ""2022"", ""LABETALOL"", ""INJECTION 5 MG"", ""1575(E)"", ""25-Mar-2026"", ""₹ 51.18(1 ML)""]"
CEIL-0555,ceiling,LACTULOSE,"[""LACTULOSE""]",oral liquid,,ORAL LIQUID 10 GM/ 15 ML,[10000.0],concentration,ml,1,true,1.26,1575(E),25-Mar-2026,,,2026-09-18,usable,,1 ML,"["""", ""555"", ""2022"", ""LACTULOSE"", ""ORAL LIQUID 10 GM/ 15 ML"", ""1575(E)"", ""25-Mar-2026"", ""₹ 1.26(1 ML)""]"
CEIL-0556,ceiling,LAMIVUDINE,"[""LAMIVUDINE""]",tablet,,TABLET 150 MG,[150.0],mg,tablet,1,true,11.12,1575(E),25-Mar-2026,,,2026-09-18,usable,,1 Tablet,"["""", ""556"", ""2022"", ""LAMIVUDINE"", ""TABLET 150 MG"", ""1575(E)"", ""25-Mar-2026"", ""₹ 11.12(1 Tablet)""]"
CEIL-0557,ceiling,LAMIVUDINE,"[""LAMIVUDINE""]",tablet,,TABLET 100 MG,[100.0],mg,tablet,1,true,11.33,1575(E),25-Mar-2026,,,2026-09-18,usable,,1 Tablet)( Pack,"["""", ""557"", ""2022"", ""LAMIVUDINE"", ""TABLET 100 MG"", ""1575(E)"", ""25-Mar-2026"", ""₹ 11.33(1 Tablet)( Pack)""]"
CEIL-0558,ceiling,LAMIVUDINE + ZIDOVUDINE,"[""LAMIVUDINE"", ""ZIDOVUDINE""]",tablet,,TABLET 150/300 MG,[300.0],mg,tablet,1,true,21.60,1575(E),25-Mar-2026,,,2026-09-18,usable,,1 Tablet,"["""", ""558"", ""2022"", ""LAMIVUDINE + ZIDOVUDINE"", ""TABLET 150/300 MG"", ""1575(E)"", ""25-Mar-2026"", ""₹ 21.60(1 Tablet)""]"
CEIL-0559,ceiling,L-ASPARAGINASE,"[""L-ASPARAGINASE""]",powder for injection,,POWDER FOR INJECTION 5000 KU,[],none,vial,1,true,1059.72,1575(E),25-Mar-2026,,,2026-09-18,usable,,Each Vial,"["""", ""559"", ""2022"", ""L-ASPARAGINASE"", ""POWDER FOR INJECTION 5000 KU"", ""1575(E)"", ""25-Mar-2026"", ""₹ 1059.72(Each Vial)""]"
CEIL-0560,ceiling,L-ASPARAGINASE,"[""L-ASPARAGINASE""]",powder for injection,,POWDER FOR INJECTION 10000 KU,[],none,vial,1,true,1748.75,1575(E),25-Mar-2026,,,2026-09-18,usable,,Each Vial,"["""", ""560"", ""2022"", ""L-ASPARAGINASE"", ""POWDER FOR INJECTION 10000 KU"", ""1575(E)"", ""25-Mar-2026"", ""₹ 1748.75(Each Vial)""]"
CEIL-0561,ceiling,LATANOPROST,"[""LATANOPROST""]",drops,,EAR DROPS 0.005 %,[],percent,ml,1,true,238.17,1575(E),25-Mar-2026,,,2026-09-18,usable,,1 ML,"["""", ""561"", ""2022"", ""LATANOPROST"", ""EAR DROPS 0.005 %"", ""1575(E)"", ""25-Mar-2026"", ""₹ 238.17(1 ML)""]"
CEIL-0562,ceiling,LENALIDOMIDE,"[""LENALIDOMIDE""]",capsule,,CAPSULE 5 MG,[5.0],mg,capsule,1,true,68.86,1575(E),25-Mar-2026,,,2026-09-18,usable,,1 Capsule,"["""", ""562"", ""2022"", ""LENALIDOMIDE"", ""CAPSULE 5 MG"", ""1575(E)"", ""25-Mar-2026"", ""₹ 68.86(1 Capsule)""]"
CEIL-0563,ceiling,LENALIDOMIDE,"[""LENALIDOMIDE""]",capsule,,CAPSULE 25 MG,[25.0],mg,capsule,1,true,299.29,1575(E),25-Mar-2026,,,2026-09-18,usable,,1 Capsule,"["""", ""563"", ""2022"", ""LENALIDOMIDE"", ""CAPSULE 25 MG"", ""1575(E)"", ""25-Mar-2026"", ""₹ 299.29(1 Capsule)""]"
CEIL-0564,ceiling,LETROZOLE,"[""LETROZOLE""]",tablet,,TABLET 2.50 MG,[2.5],mg,tablet,1,true,30.02,1575(E),25-Mar-2026,,,2026-09-18,usable,,1 Tablet,"["""", ""564"", ""2022"", ""LETROZOLE"", ""TABLET 2.50 MG"", ""1575(E)"", ""25-Mar-2026"", ""₹ 30.02(1 Tablet)""]"
CEIL-0565,ceiling,LEUPRORELIN,"[""LEUPRORELIN""]",injection,,INJECTION 11.25 MG,[11.25],mg,vial,1,true,9517.65,1575(E),25-Mar-2026,,,2026-09-18,usable,,Each Vial,"["""", ""565"", ""2022"", ""LEUPRORELIN"", ""INJECTION 11.25 MG"", ""1575(E)"", ""25-Mar-2026"", ""₹ 9517.65(Each Vial)""]"
CEIL-0566,ceiling,LEUPRORELIN,"[""LEUPRORELIN""]",injection,,INJECTION 22.5 MG,[22.5],mg,vial,1,true,17491.66,1575(E),25-Mar-2026,,,2026-09-18,usable,,Each Vial,"["""", ""566"", ""2022"", ""LEUPRORELIN"", ""INJECTION 22.5 MG"", ""1575(E)"", ""25-Mar-2026"", ""₹ 17491.66(Each Vial)""]"
CEIL-0567,ceiling,LEUPRORELIN,"[""LEUPRORELIN""]",injection,,INJECTION 3.75 MG,[3.75],mg,vial,1,true,3187.41,1575(E),25-Mar-2026,,,2026-09-18,usable,,Each Vial,"["""", ""567"", ""2022"", ""LEUPRORELIN"", ""INJECTION 3.75 MG"", ""1575(E)"", ""25-Mar-2026"", ""₹ 3187.41(Each Vial)""]"
CEIL-0568,ceiling,LEVETIRACETAM,"[""LEVETIRACETAM""]",syrup,,SYRUP 100 MG,[100.0],mg,ml,1,true,4.07,1575(E),25-Mar-2026,,,2026-09-18,usable,,1 ML,"["""", ""568"", ""2022"", ""LEVETIRACETAM"", ""SYRUP 100 MG"", ""1575(E)"", ""25-Mar-2026"", ""₹ 4.07(1 ML)""]"
CEIL-0569,ceiling,LEVETIRACETAM,"[""LEVETIRACETAM""]",injection,,INJECTION 100 MG/ML,[100.0],concentration,ml,1,true,23.57,1575(E),25-Mar-2026,,,2026-09-18,usable,,1 ML,"["""", ""569"", ""2022"", ""LEVETIRACETAM"", ""INJECTION 100 MG/ML"", ""1575(E)"", ""25-Mar-2026"", ""₹ 23.57(1 ML)""]"
CEIL-0570,ceiling,LEVETIRACETAM,"[""LEVETIRACETAM""]",tablet,modified_release,MODIFIED RELEASE TABLET 750 MG,[750.0],mg,tablet,1,true,18.74,1575(E),25-Mar-2026,,,2026-09-18,usable,,1 Tablet,"["""", ""570"", ""2022"", ""LEVETIRACETAM"", ""MODIFIED RELEASE TABLET 750 MG"", ""1575(E)"", ""25-Mar-2026"", ""₹ 18.74(1 Tablet)""]"
CEIL-0571,ceiling,LEVETIRACETAM,"[""LEVETIRACETAM""]",tablet,,TABLET 750 MG,[750.0],mg,tablet,1,true,19.81,1575(E),25-Mar-2026,,,2026-09-18,usable,,1 Tablet,"["""", ""571"", ""2022"", ""LEVETIRACETAM"", ""TABLET 750 MG"", ""1575(E)"", ""25-Mar-2026"", ""₹ 19.81(1 Tablet)""]"
CEIL-0572,ceiling,LEVETIRACETAM,"[""LEVETIRACETAM""]",tablet,,TABLET 500 MG,[500.0],mg,tablet,1,true,13.30,1575(E),25-Mar-2026,,,2026-09-18,usable,,1 Tablet,"["""", ""572"", ""2022"", ""LEVETIRACETAM"", ""TABLET 500 MG"", ""1575(E)"", ""25-Mar-2026"", ""₹ 13.30(1 Tablet)""]"
CEIL-0573,ceiling,LEVETIRACETAM,"[""LEVETIRACETAM""]",tablet,,TABLET 250 MG,[250.0],mg,tablet,1,true,6.45,1575(E),25-Mar-2026,,,2026-09-18,usable,,1 Tablet,"["""", ""573"", ""2022"", ""LEVETIRACETAM"", ""TABLET 250 MG"", ""1575(E)"", ""25-Mar-2026"", ""₹ 6.45(1 Tablet)""]"
CEIL-0574,ceiling,LEVODOPA (A)+CARBIDOPA (B),"[""CARBIDOPA"", ""LEVODOPA""]",tablet,,TABLET 100 MG(A) + 10 MG(B),"[100.0, 10.0]",mg,tablet,1,true,1.80,1575(E),25-Mar-2026,,,2026-09-18,usable,,1 Tablet,"["""", ""574"", ""2022"", ""LEVODOPA (A)+CARBIDOPA (B)"", ""TABLET 100 MG(A) + 10 MG(B)"", ""1575(E)"", ""25-Mar-2026"", ""₹ 1.80(1 Tablet)""]"
CEIL-0575,ceiling,LEVODOPA (A)+CARBIDOPA (B),"[""CARBIDOPA"", ""LEVODOPA""]",tablet,,TABLET 100 MG(A) + 25 MG(B),"[100.0, 25.0]",mg,tablet,1,true,2.64,1575(E),25-Mar-2026,,,2026-09-18,usable,,1 Tablet,"["""", ""575"", ""2022"", ""LEVODOPA (A)+CARBIDOPA (B)"", ""TABLET 100 MG(A) + 25 MG(B)"", ""1575(E)"", ""25-Mar-2026"", ""₹ 2.64(1 Tablet)""]"
CEIL-0576,ceiling,LEVODOPA + CARBIDOPA,"[""CARBIDOPA"", ""LEVODOPA""]",tablet,,TABLET 250/25 MG,[25.0],mg,tablet,1,true,4.53,1575(E),25-Mar-2026,,,2026-09-18,usable,,1 Tablet,"["""", ""576"", ""2022"", ""LEVODOPA + CARBIDOPA"", ""TABLET 250/25 MG"", ""1575(E)"", ""25-Mar-2026"", ""₹ 4.53(1 Tablet)""]"
CEIL-0577,ceiling,LEVODOPA + CARBIDOPA,"[""CARBIDOPA"", ""LEVODOPA""]",tablet,modified_release,MODIFIED RELEASE TABLET 100/25 MG,[25.0],mg,tablet,1,true,2.86,1575(E),25-Mar-2026,,,2026-09-18,usable,,1 Tablet,"["""", ""577"", ""2022"", ""LEVODOPA + CARBIDOPA"", ""MODIFIED RELEASE TABLET 100/25 MG"", ""1575(E)"", ""25-Mar-2026"", ""₹ 2.86(1 Tablet)""]"
CEIL-0578,ceiling,LEVODOPA + CARBIDOPA,"[""CARBIDOPA"", ""LEVODOPA""]",tablet,modified_release,MODIFIED RELEASE TABLET 200/50 MG,[50.0],mg,tablet,1,true,4.84,1575(E),25-Mar-2026,,,2026-09-18,usable,,1 Tablet,"["""", ""578"", ""2022"", ""LEVODOPA + CARBIDOPA"", ""MODIFIED RELEASE TABLET 200/50 MG"", ""1575(E)"", ""25-Mar-2026"", ""₹ 4.84(1 Tablet)""]"
CEIL-0579,ceiling,LEVOFLOXACIN,"[""LEVOFLOXACIN""]",tablet,,TABLET 750 MG,[750.0],mg,tablet,1,true,12.75,1575(E),25-Mar-2026,,,2026-09-18,usable,,1 Tablet,"["""", ""579"", ""2022"", ""LEVOFLOXACIN"", ""TABLET 750 MG"", ""1575(E)"", ""25-Mar-2026"", ""₹ 12.75(1 Tablet)""]"
CEIL-0580,ceiling,LEVOFLOXACIN,"[""LEVOFLOXACIN""]",tablet,,TABLET 250 MG,[250.0],mg,tablet,1,true,4.93,1575(E),25-Mar-2026,,,2026-09-18,usable,,1 Tablet,"["""", ""580"", ""2022"", ""LEVOFLOXACIN"", ""TABLET 250 MG"", ""1575(E)"", ""25-Mar-2026"", ""₹ 4.93(1 Tablet)""]"
CEIL-0581,ceiling,LEVOFLOXACIN,"[""LEVOFLOXACIN""]",tablet,,TABLET 500 MG,[500.0],mg,tablet,1,true,9.21,1575(E),25-Mar-2026,,,2026-09-18,usable,,1 Tablet,"["""", ""581"", ""2022"", ""LEVOFLOXACIN"", ""TABLET 500 MG"", ""1575(E)"", ""25-Mar-2026"", ""₹ 9.21(1 Tablet)""]"
CEIL-0582,ceiling,LEVONORGESTREL,"[""LEVONORGESTREL""]",tablet,,TABLET 1.5 MG,[1.5],mg,tablet,1,true,77.16,1575(E),25-Mar-2026,,,2026-09-18,usable,,1 Tablet,"["""", ""582"", ""2022"", ""LEVONORGESTREL"", ""TABLET 1.5 MG"", ""1575(E)"", ""25-Mar-2026"", ""₹ 77.16(1 Tablet)""]"
CEIL-0583,ceiling,LEVOTHYROXINE,"[""LEVOTHYROXINE""]",tablet,,TABLET 88 MCG,[0.088],mg,tablet,1,true,1.69,1575(E),25-Mar-2026,,,2026-09-18,usable,,1 Tablet,"["""", ""583"", ""2022"", ""LEVOTHYROXINE"", ""TABLET 88 MCG"", ""1575(E)"", ""25-Mar-2026"", ""₹ 1.69(1 Tablet)""]"
CEIL-0584,ceiling,LEVOTHYROXINE,"[""LEVOTHYROXINE""]",tablet,,TABLET 100 MCG,[0.1],mg,tablet,1,true,1.35,1575(E),25-Mar-2026,,,2026-09-18,usable,,1 Tablet,"["""", ""584"", ""2022"", ""LEVOTHYROXINE"", ""TABLET 100 MCG"", ""1575(E)"", ""25-Mar-2026"", ""₹ 1.35(1 Tablet)""]"
CEIL-0585,ceiling,LEVOTHYROXINE,"[""LEVOTHYROXINE""]",tablet,,TABLET 112 MCG,[0.112],mg,tablet,1,true,1.70,1575(E),25-Mar-2026,,,2026-09-18,usable,,1 Tablet,"["""", ""585"", ""2022"", ""LEVOTHYROXINE"", ""TABLET 112 MCG"", ""1575(E)"", ""25-Mar-2026"", ""₹ 1.70(1 Tablet)""]"
CEIL-0586,ceiling,LEVOTHYROXINE,"[""LEVOTHYROXINE""]",tablet,,TABLET 12.5 MCG,[0.0125],mg,tablet,1,true,1.52,1575(E),25-Mar-2026,,,2026-09-18,usable,,1 Tablet,"["""", ""586"", ""2022"", ""LEVOTHYROXINE"", ""TABLET 12.5 MCG"", ""1575(E)"", ""25-Mar-2026"", ""₹ 1.52(1 Tablet)""]"
CEIL-0587,ceiling,LEVOTHYROXINE,"[""LEVOTHYROXINE""]",tablet,,TABLET 125 MCG,[0.125],mg,tablet,1,true,1.73,1575(E),25-Mar-2026,,,2026-09-18,usable,,1 Tablet,"["""", ""587"", ""2022"", ""LEVOTHYROXINE"", ""TABLET 125 MCG"", ""1575(E)"", ""25-Mar-2026"", ""₹ 1.73(1 Tablet)""]"
CEIL-0588,ceiling,LEVOTHYROXINE,"[""LEVOTHYROXINE""]",tablet,,TABLET 150 MCG,[0.15],mg,tablet,1,true,1.74,1575(E),25-Mar-2026,,,2026-09-18,usable,,1 Tablet,"["""", ""588"", ""2022"", ""LEVOTHYROXINE"", ""TABLET 150 MCG"", ""1575(E)"", ""25-Mar-2026"", ""₹ 1.74(1 Tablet)""]"
CEIL-0589,ceiling,LEVOTHYROXINE,"[""LEVOTHYROXINE""]",tablet,,TABLET 25 MCG,[0.025],mg,tablet,1,true,1.49,1575(E),25-Mar-2026,,,2026-09-18,usable,,1 Tablet,"["""", ""589"", ""2022"", ""LEVOTHYROXINE"", ""TABLET 25 MCG"", ""1575(E)"", ""25-Mar-2026"", ""₹ 1.49(1 Tablet)""]"
CEIL-0590,ceiling,LEVOTHYROXINE,"[""LEVOTHYROXINE""]",tablet,,TABLET 50 MCG,[0.05],mg,tablet,1,true,1.06,1575(E),25-Mar-2026,,,2026-09-18,usable,,1 Tablet,"["""", ""590"", ""2022"", ""LEVOTHYROXINE"", ""TABLET 50 MCG"", ""1575(E)"", ""25-Mar-2026"", ""₹ 1.06(1 Tablet)""]"
CEIL-0591,ceiling,LEVOTHYROXINE,"[""LEVOTHYROXINE""]",tablet,,TABLET 62.5 MCG,[0.0625],mg,tablet,1,true,1.65,1575(E),25-Mar-2026,,,2026-09-18,usable,,1 Tablet,"["""", ""591"", ""2022"", ""LEVOTHYROXINE"", ""TABLET 62.5 MCG"", ""1575(E)"", ""25-Mar-2026"", ""₹ 1.65(1 Tablet)""]"
CEIL-0592,ceiling,LEVOTHYROXINE,"[""LEVOTHYROXINE""]",tablet,,TABLET 75 MCG,[0.075],mg,tablet,1,true,1.48,1575(E),25-Mar-2026,,,2026-09-18,usable,,1 Tablet,"["""", ""592"", ""2022"", ""LEVOTHYROXINE"", ""TABLET 75 MCG"", ""1575(E)"", ""25-Mar-2026"", ""₹ 1.48(1 Tablet)""]"
CEIL-0593,ceiling,LIDOCAINE,"[""LIDOCAINE""]",,,Topical forms 2-5%,[],percent,other,1,false,1.11,1575(E),25-Mar-2026,,,2026-09-18,quarantined,unit_unmappable,1 gm or 1 ml)( Pack,"["""", ""593"", ""2022"", ""LIDOCAINE"", ""Topical forms 2-5%"", ""1575(E)"", ""25-Mar-2026"", ""₹ 1.11(1 gm or 1 ml)( Pack)""]"
CEIL-0594,ceiling,LIDOCAINE,"[""LIDOCAINE""]",injection,,INJECTION 5 % with 7.5 %,[],percent,ml,1,true,3.58,1575(E),25-Mar-2026,,,2026-09-18,usable,,1 ML,"["""", ""594"", ""2022"", ""LIDOCAINE"", ""INJECTION 5 % with 7.5 %"", ""1575(E)"", ""25-Mar-2026"", ""₹ 3.58(1 ML)""]"
CEIL-0595,ceiling,LIDOCAINE,"[""LIDOCAINE""]",injection,,INJECTION 1 %,[],percent,ml,1,true,9.08,1575(E),25-Mar-2026,,,2026-09-18,usable,,1 ML,"["""", ""595"", ""2022"", ""LIDOCAINE"", ""INJECTION 1 %"", ""1575(E)"", ""25-Mar-2026"", ""₹ 9.08(1 ML)""]"
CEIL-0596,ceiling,LIDOCAINE,"[""LIDOCAINE""]",injection,,INJECTION 2 %,[],percent,ml,1,true,1.17,1575(E),25-Mar-2026,,,2026-09-18,usable,,1 ML)( Pack,"["""", ""596"", ""2022"", ""LIDOCAINE"", ""INJECTION 2 %"", ""1575(E)"", ""25-Mar-2026"", ""₹ 1.17(1 ML)( Pack)""]"
CEIL-0597,ceiling,LIDOCAINE + ADRENALINE,"[""ADRENALINE"", ""LIDOCAINE""]",injection,,INJECTION 2%/0.005MG,[0.005],mg,ml,1,true,1.08,1575(E),25-Mar-2026,,,2026-09-18,usable,,1 ML,"["""", ""597"", ""2022"", ""LIDOCAINE + ADRENALINE"", ""INJECTION 2%/0.005MG"", ""1575(E)"", ""25-Mar-2026"", ""₹ 1.08(1 ML)""]"
CEIL-0598,ceiling,LINEZOLID,"[""LINEZOLID""]",tablet,,TABLET 600 MG,[600.0],mg,tablet,1,true,36.53,1575(E),25-Mar-2026,,,2026-09-18,usable,,1 Tablet,"["""", ""598"", ""2022"", ""LINEZOLID"", ""TABLET 600 MG"", ""1575(E)"", ""25-Mar-2026"", ""₹ 36.53(1 Tablet)""]"
CEIL-0599,ceiling,LINEZOLID,"[""LINEZOLID""]",tablet,,TABLET 300 MG,[300.0],mg,tablet,1,true,23.19,1575(E),25-Mar-2026,,,2026-09-18,usable,,1 Tablet,"["""", ""599"", ""2022"", ""LINEZOLID"", ""TABLET 300 MG"", ""1575(E)"", ""25-Mar-2026"", ""₹ 23.19(1 Tablet)""]"
CEIL-0600,ceiling,LITHIUM,"[""LITHIUM""]",tablet,,TABLET 300 MG,[300.0],mg,tablet,1,true,2.51,1575(E),25-Mar-2026,,,2026-09-18,usable,,1 Tablet)( Pack,"["""", ""600"", ""2022"", ""LITHIUM"", ""TABLET 300 MG"", ""1575(E)"", ""25-Mar-2026"", ""₹ 2.51(1 Tablet)( Pack)""]"
CEIL-0601,ceiling,LOPERAMIDE,"[""LOPERAMIDE""]",tablet,,TABLET 2 MG,[2.0],mg,tablet,1,true,2.34,1575(E),25-Mar-2026,,,2026-09-18,usable,,1 Tablet,"["""", ""601"", ""2022"", ""LOPERAMIDE"", ""TABLET 2 MG"", ""1575(E)"", ""25-Mar-2026"", ""₹ 2.34(1 Tablet)""]"
CEIL-0602,ceiling,LOPERAMIDE,"[""LOPERAMIDE""]",capsule,,CAPSULE 2 MG,[2.0],mg,capsule,1,true,3.89,1575(E),25-Mar-2026,,,2026-09-18,usable,,1 Capsule,"["""", ""602"", ""2022"", ""LOPERAMIDE"", ""CAPSULE 2 MG"", ""1575(E)"", ""25-Mar-2026"", ""₹ 3.89(1 Capsule)""]"
CEIL-0603,ceiling,LORAZEPAM,"[""LORAZEPAM""]",injection,,INJECTION 2 MG/ML,[2.0],concentration,ml,1,true,8.29,1575(E),25-Mar-2026,,,2026-09-18,usable,,1 ML,"["""", ""603"", ""2022"", ""LORAZEPAM"", ""INJECTION 2 MG/ML"", ""1575(E)"", ""25-Mar-2026"", ""₹ 8.29(1 ML)""]"
CEIL-0604,ceiling,LORAZEPAM,"[""LORAZEPAM""]",tablet,,TABLET 2 MG,[2.0],mg,tablet,1,true,2.88,1575(E),25-Mar-2026,,,2026-09-18,usable,,1 Tablet,"["""", ""604"", ""2022"", ""LORAZEPAM"", ""TABLET 2 MG"", ""1575(E)"", ""25-Mar-2026"", ""₹ 2.88(1 Tablet)""]"
CEIL-0605,ceiling,LORAZEPAM,"[""LORAZEPAM""]",tablet,,TABLET 1 MG,[1.0],mg,tablet,1,true,2.37,1575(E),25-Mar-2026,,,2026-09-18,usable,,1 Tablet,"["""", ""605"", ""2022"", ""LORAZEPAM"", ""TABLET 1 MG"", ""1575(E)"", ""25-Mar-2026"", ""₹ 2.37(1 Tablet)""]"
CEIL-0606,ceiling,MAGNESIUM SULPHATE,"[""MAGNESIUM SULPHATE""]",injection,,INJECTION 500 MG/ML,[500.0],concentration,ml,1,true,4.98,1575(E),25-Mar-2026,,,2026-09-18,usable,,1 ML,"["""", ""606"", ""2022"", ""MAGNESIUM SULPHATE"", ""INJECTION 500 MG/ML"", ""1575(E)"", ""25-Mar-2026"", ""₹ 4.98(1 ML)""]"
CEIL-0607,ceiling,MANNITOL,"[""MANNITOL""]",infusion,,INFUSION 20 %,[],percent,ml,1,true,0.36,1575(E),25-Mar-2026,,,2026-09-18,usable,,1 ML,"["""", ""607"", ""2022"", ""MANNITOL"", ""INFUSION 20 %"", ""1575(E)"", ""25-Mar-2026"", ""₹ 0.36(1 ML)""]"
CEIL-0608,ceiling,MANNITOL,"[""MANNITOL""]",infusion,,INFUSION 10 %,[],percent,ml,1,true,0.19,1575(E),25-Mar-2026,,,2026-09-18,usable,,1 ML,"["""", ""608"", ""2022"", ""MANNITOL"", ""INFUSION 10 %"", ""1575(E)"", ""25-Mar-2026"", ""₹ 0.19(1 ML)""]"
CEIL-0609,ceiling,MEASLES,"[""MEASLES""]",injection,,INJECTION 0.5 ML,[],none,vial,1,true,51.40,1575(E),25-Mar-2026,,,2026-09-18,usable,,Each Vial)( Pack,"["""", ""609"", ""2022"", ""MEASLES"", ""INJECTION 0.5 ML"", ""1575(E)"", ""25-Mar-2026"", ""₹ 51.40(Each Vial)( Pack)""]"
CEIL-0610,ceiling,MEBENDAZOLE,"[""MEBENDAZOLE""]",tablet,,TABLET 100 MG,[100.0],mg,tablet,1,true,2.97,1575(E),25-Mar-2026,,,2026-09-18,usable,,1 Tablet,"["""", ""610"", ""2022"", ""MEBENDAZOLE"", ""TABLET 100 MG"", ""1575(E)"", ""25-Mar-2026"", ""₹ 2.97(1 Tablet)""]"
CEIL-0611,ceiling,MEBENDAZOLE,"[""MEBENDAZOLE""]",oral liquid,,ORAL LIQUID 100 MG/ 5 ML,[100.0],concentration,ml,1,true,0.86,1575(E),25-Mar-2026,,,2026-09-18,usable,,1 ML,"["""", ""611"", ""2022"", ""MEBENDAZOLE"", ""ORAL LIQUID 100 MG/ 5 ML"", ""1575(E)"", ""25-Mar-2026"", ""₹ 0.86(1 ML)""]"
CEIL-0612,ceiling,MEDROXYPROGESTERONEACETATE,"[""MEDROXYPROGESTERONEACETATE""]",tablet,,TABLET 10 MG,[10.0],mg,tablet,1,true,6.40,1575(E),25-Mar-2026,,,2026-09-18,usable,,1 Tablet,"["""", ""612"", ""2022"", ""MEDROXYPROGESTERONEACETATE"", ""TABLET 10 MG"", ""1575(E)"", ""25-Mar-2026"", ""₹ 6.40(1 Tablet)""]"
CEIL-0613,ceiling,MEDROXYPROGESTERONE INJECTABLE,"[""MEDROXYPROGESTERONE INJECTABLE""]",injection,,INJECTION 150 MG,[150.0],mg,ml,1,true,296.71,1575(E),25-Mar-2026,,,2026-09-18,usable,,1 ML,"["""", ""613"", ""2022"", ""MEDROXYPROGESTERONE INJECTABLE"", ""INJECTION 150 MG"", ""1575(E)"", ""25-Mar-2026"", ""₹ 296.71(1 ML)""]"
CEIL-0614,ceiling,MEFENAMIC ACID,"[""MEFENAMIC ACID""]",oral liquid,,ORAL LIQUID 100 MG/ 5 ML,[100.0],concentration,ml,1,true,0.57,1575(E),25-Mar-2026,,,2026-09-18,usable,,1 ML,"["""", ""614"", ""2022"", ""MEFENAMIC ACID"", ""ORAL LIQUID 100 MG/ 5 ML"", ""1575(E)"", ""25-Mar-2026"", ""₹ 0.57(1 ML)""]"
CEIL-0615,ceiling,MEFENAMIC ACID,"[""MEFENAMIC ACID""]",tablet,,TABLET 250 MG,[250.0],mg,tablet,1,true,2.16,1575(E),25-Mar-2026,,,2026-09-18,usable,,1 Tablet,"["""", ""615"", ""2022"", ""MEFENAMIC ACID"", ""TABLET 250 MG"", ""1575(E)"", ""25-Mar-2026"", ""₹ 2.16(1 Tablet)""]"
CEIL-0616,ceiling,MEFLOQUINE,"[""MEFLOQUINE""]",tablet,,TABLET 250 MG,[250.0],mg,tablet,1,true,53.41,1575(E),25-Mar-2026,,,2026-09-18,usable,,1 Tablet,"["""", ""616"", ""2022"", ""MEFLOQUINE"", ""TABLET 250 MG"", ""1575(E)"", ""25-Mar-2026"", ""₹ 53.41(1 Tablet)""]"
CEIL-0617,ceiling,MEGLUMINE DIATRIZOATE,"[""MEGLUMINE DIATRIZOATE""]",injection,,INJECTION 60 %,[],percent,ml,1,true,9.69,1575(E),25-Mar-2026,,,2026-09-18,usable,,1 ML,"["""", ""617"", ""2022"", ""MEGLUMINE DIATRIZOATE"", ""INJECTION 60 %"", ""1575(E)"", ""25-Mar-2026"", ""₹ 9.69(1 ML)""]"
CEIL-0618,ceiling,MEGLUMINE DIATRIZOATE,"[""MEGLUMINE DIATRIZOATE""]",injection,,INJECTION 76 %,[],percent,ml,1,true,10.45,1575(E),25-Mar-2026,,,2026-09-18,usable,,1 ML,"["""", ""618"", ""2022"", ""MEGLUMINE DIATRIZOATE"", ""INJECTION 76 %"", ""1575(E)"", ""25-Mar-2026"", ""₹ 10.45(1 ML)""]"
CEIL-0619,ceiling,MELPHALAN,"[""MELPHALAN""]",tablet,,TABLET 5 MG,[5.0],mg,tablet,1,true,88.11,1575(E),25-Mar-2026,,,2026-09-18,usable,,1 Tablet,"["""", ""619"", ""2022"", ""MELPHALAN"", ""TABLET 5 MG"", ""1575(E)"", ""25-Mar-2026"", ""₹ 88.11(1 Tablet)""]"
CEIL-0620,ceiling,MELPHALAN,"[""MELPHALAN""]",tablet,,TABLET 2 MG,[2.0],mg,tablet,1,true,93.53,1575(E),25-Mar-2026,,,2026-09-18,usable,,1 Tablet,"["""", ""620"", ""2022"", ""MELPHALAN"", ""TABLET 2 MG"", ""1575(E)"", ""25-Mar-2026"", ""₹ 93.53(1 Tablet)""]"
CEIL-0621,ceiling,MEROPENEM,"[""MEROPENEM""]",injection,,INJECTION 500 MG,[500.0],mg,vial,1,true,740.37,1575(E),25-Mar-2026,,,2026-09-18,usable,,Each Vial,"["""", ""621"", ""2022"", ""MEROPENEM"", ""INJECTION 500 MG"", ""1575(E)"", ""25-Mar-2026"", ""₹ 740.37(Each Vial)""]"
CEIL-0622,ceiling,MEROPENEM,"[""MEROPENEM""]",injection,,INJECTION 1000 MG,[1000.0],mg,vial,1,true,975.62,1575(E),25-Mar-2026,,,2026-09-18,usable,,Each Vial,"["""", ""622"", ""2022"", ""MEROPENEM"", ""INJECTION 1000 MG"", ""1575(E)"", ""25-Mar-2026"", ""₹ 975.62(Each Vial)""]"
CEIL-0623,ceiling,MESALAZINE,"[""MESALAZINE""]",,,FOAM 1000 MG,[1000.0],mg,gm,1,true,17.11,1575(E),25-Mar-2026,,,2026-09-18,usable,,1 GM,"["""", ""623"", ""2022"", ""MESALAZINE"", ""FOAM 1000 MG"", ""1575(E)"", ""25-Mar-2026"", ""₹ 17.11(1 GM)""]"
CEIL-0624,ceiling,MESALAZINE,"[""MESALAZINE""]",,,LIQUID 4000 MG,[4000.0],mg,ml,1,true,2.17,1575(E),25-Mar-2026,,,2026-09-18,usable,,1 ML,"["""", ""624"", ""2022"", ""MESALAZINE"", ""LIQUID 4000 MG"", ""1575(E)"", ""25-Mar-2026"", ""₹ 2.17(1 ML)""]"
CEIL-0625,ceiling,MESNA,"[""MESNA""]",injection,,INJECTION 100 MG,[100.0],mg,ml,1,true,15.88,1575(E),25-Mar-2026,,,2026-09-18,usable,,1 ML,"["""", ""625"", ""2022"", ""MESNA"", ""INJECTION 100 MG"", ""1575(E)"", ""25-Mar-2026"", ""₹ 15.88(1 ML)""]"
CEIL-0626,ceiling,METFORMIN,"[""METFORMIN""]",tablet,,TABLET 500 MG,[500.0],mg,tablet,1,true,2.07,1575(E),25-Mar-2026,,,2026-09-18,usable,,1 Tablet,"["""", ""626"", ""2022"", ""METFORMIN"", ""TABLET 500 MG"", ""1575(E)"", ""25-Mar-2026"", ""₹ 2.07(1 Tablet)""]"
CEIL-0627,ceiling,METFORMIN,"[""METFORMIN""]",tablet,modified_release,MODIFIED RELEASE TABLET 1000 MG,[1000.0],mg,tablet,1,true,4.15,1575(E),25-Mar-2026,,,2026-09-18,usable,,1 Tablet,"["""", ""627"", ""2022"", ""METFORMIN"", ""MODIFIED RELEASE TABLET 1000 MG"", ""1575(E)"", ""25-Mar-2026"", ""₹ 4.15(1 Tablet)""]"
CEIL-0628,ceiling,METFORMIN,"[""METFORMIN""]",tablet,,TABLET 1000 MG,[1000.0],mg,tablet,1,true,3.57,1575(E),25-Mar-2026,,,2026-09-18,usable,,1 Tablet,"["""", ""628"", ""2022"", ""METFORMIN"", ""TABLET 1000 MG"", ""1575(E)"", ""25-Mar-2026"", ""₹ 3.57(1 Tablet)""]"
CEIL-0629,ceiling,METHOTREXATE,"[""METHOTREXATE""]",tablet,,TABLET 10 MG,[10.0],mg,tablet,1,true,13.61,1575(E),25-Mar-2026,,,2026-09-18,usable,,1 Tablet,"["""", ""629"", ""2022"", ""METHOTREXATE"", ""TABLET 10 MG"", ""1575(E)"", ""25-Mar-2026"", ""₹ 13.61(1 Tablet)""]"
CEIL-0630,ceiling,METHOTREXATE,"[""METHOTREXATE""]",tablet,,TABLET 5 MG,[5.0],mg,tablet,1,true,9.65,1575(E),25-Mar-2026,,,2026-09-18,usable,,1 Tablet,"["""", ""630"", ""2022"", ""METHOTREXATE"", ""TABLET 5 MG"", ""1575(E)"", ""25-Mar-2026"", ""₹ 9.65(1 Tablet)""]"
CEIL-0631,ceiling,METHOTREXATE,"[""METHOTREXATE""]",tablet,,TABLET 2.5 MG,[2.5],mg,tablet,1,true,5.44,1575(E),25-Mar-2026,,,2026-09-18,usable,,1 Tablet,"["""", ""631"", ""2022"", ""METHOTREXATE"", ""TABLET 2.5 MG"", ""1575(E)"", ""25-Mar-2026"", ""₹ 5.44(1 Tablet)""]"
CEIL-0632,ceiling,METHYLERGOMETRINE,"[""METHYLERGOMETRINE""]",injection,,INJECTION 0.2 MG/ML,[0.2],concentration,ml,1,true,15.31,1575(E),25-Mar-2026,,,2026-09-18,usable,,1 ML,"["""", ""632"", ""2022"", ""METHYLERGOMETRINE"", ""INJECTION 0.2 MG/ML"", ""1575(E)"", ""25-Mar-2026"", ""₹ 15.31(1 ML)""]"
CEIL-0633,ceiling,METHYLERGOMETRINE,"[""METHYLERGOMETRINE""]",tablet,,TABLET 0.125 MG,[0.125],mg,tablet,1,true,9.16,1575(E),25-Mar-2026,,,2026-09-18,usable,,1 Tablet,"["""", ""633"", ""2022"", ""METHYLERGOMETRINE"", ""TABLET 0.125 MG"", ""1575(E)"", ""25-Mar-2026"", ""₹ 9.16(1 Tablet)""]"
CEIL-0634,ceiling,METHYLPREDNISOLONE,"[""METHYLPREDNISOLONE""]",injection,,INJECTION 40 MG/ML,[40.0],concentration,ml,1,true,46.76,1575(E),25-Mar-2026,,,2026-09-18,usable,,1 ML,"["""", ""634"", ""2022"", ""METHYLPREDNISOLONE"", ""INJECTION 40 MG/ML"", ""1575(E)"", ""25-Mar-2026"", ""₹ 46.76(1 ML)""]"
CEIL-0635,ceiling,METOCLOPRAMIDE,"[""METOCLOPRAMIDE""]",injection,,INJECTION 5 MG/ML,[5.0],concentration,ml,1,true,1.67,1575(E),25-Mar-2026,,,2026-09-18,usable,,1 ML (10 ML & more pack),"["""", ""635"", ""2022"", ""METOCLOPRAMIDE"", ""INJECTION 5 MG/ML"", ""1575(E)"", ""25-Mar-2026"", ""₹ 1.67(1 ML (10 ML & more pack))""]"
CEIL-0636,ceiling,METOCLOPRAMIDE,"[""METOCLOPRAMIDE""]",injection,,INJECTION 5 MG/ML,[5.0],concentration,ml,1,true,2.74,1575(E),25-Mar-2026,,,2026-09-18,usable,,1 ML,"["""", ""636"", ""2022"", ""METOCLOPRAMIDE"", ""INJECTION 5 MG/ML"", ""1575(E)"", ""25-Mar-2026"", ""₹ 2.74(1 ML)""]"
CEIL-0637,ceiling,METOCLOPRAMIDE,"[""METOCLOPRAMIDE""]",syrup,,SYRUP 5 MG,[5.0],mg,ml,1,true,0.51,1575(E),25-Mar-2026,,,2026-09-18,usable,,1 ML,"["""", ""637"", ""2022"", ""METOCLOPRAMIDE"", ""SYRUP 5 MG"", ""1575(E)"", ""25-Mar-2026"", ""₹ 0.51(1 ML)""]"
CEIL-0638,ceiling,METOCLOPRAMIDE,"[""METOCLOPRAMIDE""]",tablet,,TABLET 10 MG,[10.0],mg,tablet,1,true,1.38,1575(E),25-Mar-2026,,,2026-09-18,usable,,1 Tablet,"["""", ""638"", ""2022"", ""METOCLOPRAMIDE"", ""TABLET 10 MG"", ""1575(E)"", ""25-Mar-2026"", ""₹ 1.38(1 Tablet)""]"
CEIL-0639,ceiling,METOPROLOL,"[""METOPROLOL""]",tablet,,TABLET 100 MG,[100.0],mg,tablet,1,true,11.39,1575(E),25-Mar-2026,,,2026-09-18,usable,,1 Tablet,"["""", ""639"", ""2022"", ""METOPROLOL"", ""TABLET 100 MG"", ""1575(E)"", ""25-Mar-2026"", ""₹ 11.39(1 Tablet)""]"
CEIL-0640,ceiling,METOPROLOL,"[""METOPROLOL""]",injection,,INJECTION 1 MG,[1.0],mg,ml,1,true,3.48,1575(E),25-Mar-2026,,,2026-09-18,usable,,1 ML,"["""", ""640"", ""2022"", ""METOPROLOL"", ""INJECTION 1 MG"", ""1575(E)"", ""25-Mar-2026"", ""₹ 3.48(1 ML)""]"
CEIL-0641,ceiling,METOPROLOL,"[""METOPROLOL""]",capsule,,CAPSULE 25 MG,[25.0],mg,capsule,1,true,4.24,1575(E),25-Mar-2026,,,2026-09-18,usable,,1 Capsule,"["""", ""641"", ""2022"", ""METOPROLOL"", ""CAPSULE 25 MG"", ""1575(E)"", ""25-Mar-2026"", ""₹ 4.24(1 Capsule)""]"
CEIL-0642,ceiling,METOPROLOL,"[""METOPROLOL""]",tablet,,TABLET 50 MG,[50.0],mg,tablet,1,true,5.98,1575(E),25-Mar-2026,,,2026-09-18,usable,,1 Tablet,"["""", ""642"", ""2022"", ""METOPROLOL"", ""TABLET 50 MG"", ""1575(E)"", ""25-Mar-2026"", ""₹ 5.98(1 Tablet)""]"
CEIL-0643,ceiling,METOPROLOL,"[""METOPROLOL""]",capsule,,CAPSULE 50 MG,[50.0],mg,capsule,1,true,5.96,1575(E),25-Mar-2026,,,2026-09-18,usable,,1 Capsule,"["""", ""643"", ""2022"", ""METOPROLOL"", ""CAPSULE 50 MG"", ""1575(E)"", ""25-Mar-2026"", ""₹ 5.96(1 Capsule)""]"
CEIL-0644,ceiling,METOPROLOL,"[""METOPROLOL""]",tablet,extended_release,TABLET ER 100 MG,[100.0],mg,tablet,1,true,15.35,1575(E),25-Mar-2026,,,2026-09-18,usable,,1 Tablet,"["""", ""644"", ""2022"", ""METOPROLOL"", ""TABLET ER 100 MG"", ""1575(E)"", ""25-Mar-2026"", ""₹ 15.35(1 Tablet)""]"
CEIL-0645,ceiling,METOPROLOL,"[""METOPROLOL""]",tablet,,TABLET 25 MG,[25.0],mg,tablet,1,true,4.35,1575(E),25-Mar-2026,,,2026-09-18,usable,,1 Tablet)( Pack,"["""", ""645"", ""2022"", ""METOPROLOL"", ""TABLET 25 MG"", ""1575(E)"", ""25-Mar-2026"", ""₹ 4.35(1 Tablet)( Pack)""]"
CEIL-0646,ceiling,METRONIDAZOLE,"[""METRONIDAZOLE""]",tablet,,TABLET 200 MG,[200.0],mg,tablet,1,true,0.84,1575(E),25-Mar-2026,,,2026-09-18,usable,,1 Tablet,"["""", ""646"", ""2022"", ""METRONIDAZOLE"", ""TABLET 200 MG"", ""1575(E)"", ""25-Mar-2026"", ""₹ 0.84(1 Tablet)""]"
CEIL-0647,ceiling,METRONIDAZOLE,"[""METRONIDAZOLE""]",injection,,INJECTION 500 MG,[500.0],mg,ml,1,true,0.21,1575(E),25-Mar-2026,,,2026-09-18,usable,,1 ML,"["""", ""647"", ""2022"", ""METRONIDAZOLE"", ""INJECTION 500 MG"", ""1575(E)"", ""25-Mar-2026"", ""₹ 0.21(1 ML)""]"
CEIL-0648,ceiling,METRONIDAZOLE,"[""METRONIDAZOLE""]",tablet,,TABLET 400 MG,[400.0],mg,tablet,1,true,1.56,1575(E),25-Mar-2026,,,2026-09-18,usable,,1 Tablet,"["""", ""648"", ""2022"", ""METRONIDAZOLE"", ""TABLET 400 MG"", ""1575(E)"", ""25-Mar-2026"", ""₹ 1.56(1 Tablet)""]"
CEIL-0649,ceiling,METRONIDAZOLE,"[""METRONIDAZOLE""]",oral liquid,,ORAL LIQUID 200 MG/ 5 ML,[200.0],concentration,ml,1,true,0.53,1575(E),25-Mar-2026,,,2026-09-18,usable,,1 ML,"["""", ""649"", ""2022"", ""METRONIDAZOLE"", ""ORAL LIQUID 200 MG/ 5 ML"", ""1575(E)"", ""25-Mar-2026"", ""₹ 0.53(1 ML)""]"
CEIL-0650,ceiling,MIDAZOLAM,"[""MIDAZOLAM""]",injection,,INJECTION 1 MG,[1.0],mg,ml,1,true,6.06,1575(E),25-Mar-2026,,,2026-09-18,usable,,1 ML,"["""", ""650"", ""2022"", ""MIDAZOLAM"", ""INJECTION 1 MG"", ""1575(E)"", ""25-Mar-2026"", ""₹ 6.06(1 ML)""]"
CEIL-0651,ceiling,MIDAZOLAM,"[""MIDAZOLAM""]",injection,,INJECTION 5 MG,[5.0],mg,ml,1,true,11.14,1575(E),25-Mar-2026,,,2026-09-18,usable,,1 ML,"["""", ""651"", ""2022"", ""MIDAZOLAM"", ""INJECTION 5 MG"", ""1575(E)"", ""25-Mar-2026"", ""₹ 11.14(1 ML)""]"
CEIL-0652,ceiling,MIDAZOLAM,"[""MIDAZOLAM""]",nasal spray,,NASAL SPRAY 0.5 MG,[0.5],mg,ml,1,true,81.85,1575(E),25-Mar-2026,,,2026-09-18,usable,,1 ML,"["""", ""652"", ""2022"", ""MIDAZOLAM"", ""NASAL SPRAY 0.5 MG"", ""1575(E)"", ""25-Mar-2026"", ""₹ 81.85(1 ML)""]"
CEIL-0653,ceiling,MIDAZOLAM,"[""MIDAZOLAM""]",nasal spray,,NASAL SPRAY 1.25 MG,[1.25],mg,ml,1,true,222.02,1575(E),25-Mar-2026,,,2026-09-18,usable,,1 ML,"["""", ""653"", ""2022"", ""MIDAZOLAM"", ""NASAL SPRAY 1.25 MG"", ""1575(E)"", ""25-Mar-2026"", ""₹ 222.02(1 ML)""]"
CEIL-0654,ceiling,MIFEPRISTONE,"[""MIFEPRISTONE""]",tablet,,TABLET 200 MG,[200.0],mg,tablet,1,true,359.34,1575(E),25-Mar-2026,,,2026-09-18,usable,,1 Tablet,"["""", ""654"", ""2022"", ""MIFEPRISTONE"", ""TABLET 200 MG"", ""1575(E)"", ""25-Mar-2026"", ""₹ 359.34(1 Tablet)""]"
CEIL-0655,ceiling,MISOPROSTOL,"[""MISOPROSTOL""]",tablet,,TABLET 200 MCG,[0.2],mg,tablet,1,true,19.43,1575(E),25-Mar-2026,,,2026-09-18,usable,,1 Tablet,"["""", ""655"", ""2022"", ""MISOPROSTOL"", ""TABLET 200 MCG"", ""1575(E)"", ""25-Mar-2026"", ""₹ 19.43(1 Tablet)""]"
CEIL-0656,ceiling,MISOPROSTOL,"[""MISOPROSTOL""]",tablet,,TABLET 100 MCG,[0.1],mg,tablet,1,true,10.16,1575(E),25-Mar-2026,,,2026-09-18,usable,,1 Tablet,"["""", ""656"", ""2022"", ""MISOPROSTOL"", ""TABLET 100 MCG"", ""1575(E)"", ""25-Mar-2026"", ""₹ 10.16(1 Tablet)""]"
CEIL-0657,ceiling,MONTELUKAST,"[""MONTELUKAST""]",tablet,,TABLET 4 MG,[4.0],mg,tablet,1,true,10.48,1575(E),25-Mar-2026,,,2026-09-18,usable,,1 Tablet)( Pack,"["""", ""657"", ""2022"", ""MONTELUKAST"", ""TABLET 4 MG"", ""1575(E)"", ""25-Mar-2026"", ""₹ 10.48(1 Tablet)( Pack)""]"
CEIL-0658,ceiling,MONTELUKAST,"[""MONTELUKAST""]",tablet,,TABLET 5 MG,[5.0],mg,tablet,1,true,12.30,1575(E),25-Mar-2026,,,2026-09-18,usable,,1 Tablet)( Pack,"["""", ""658"", ""2022"", ""MONTELUKAST"", ""TABLET 5 MG"", ""1575(E)"", ""25-Mar-2026"", ""₹ 12.30(1 Tablet)( Pack)""]"
CEIL-0659,ceiling,MONTELUKAST,"[""MONTELUKAST""]",tablet,,TABLET 10 MG,[10.0],mg,tablet,1,true,16.84,1575(E),25-Mar-2026,,,2026-09-18,usable,,1 Tablet,"["""", ""659"", ""2022"", ""MONTELUKAST"", ""TABLET 10 MG"", ""1575(E)"", ""25-Mar-2026"", ""₹ 16.84(1 Tablet)""]"
CEIL-0660,ceiling,MORPHINE,"[""MORPHINE""]",injection,,INJECTION 10 MG,[10.0],mg,ml,1,true,20.07,1575(E),25-Mar-2026,,,2026-09-18,usable,,1 ML,"["""", ""660"", ""2022"", ""MORPHINE"", ""INJECTION 10 MG"", ""1575(E)"", ""25-Mar-2026"", ""₹ 20.07(1 ML)""]"
CEIL-0661,ceiling,MORPHINE,"[""MORPHINE""]",injection,,INJECTION 15 MG,[15.0],mg,ml,1,true,15.29,1575(E),25-Mar-2026,,,2026-09-18,usable,,1 ML,"["""", ""661"", ""2022"", ""MORPHINE"", ""INJECTION 15 MG"", ""1575(E)"", ""25-Mar-2026"", ""₹ 15.29(1 ML)""]"
CEIL-0662,ceiling,MOXIFLOXACIN,"[""MOXIFLOXACIN""]",tablet,,TABLET 400 MG,[400.0],mg,tablet,1,true,26.44,1575(E),25-Mar-2026,,,2026-09-18,usable,,1 Tablet,"["""", ""662"", ""2022"", ""MOXIFLOXACIN"", ""TABLET 400 MG"", ""1575(E)"", ""25-Mar-2026"", ""₹ 26.44(1 Tablet)""]"
CEIL-0663,ceiling,MUPIROCIN,"[""MUPIROCIN""]",ointment,,OINTMENT 2 %,[],percent,gm,1,true,20.77,1575(E),25-Mar-2026,,,2026-09-18,usable,,1 GM,"["""", ""663"", ""2022"", ""MUPIROCIN"", ""OINTMENT 2 %"", ""1575(E)"", ""25-Mar-2026"", ""₹ 20.77(1 GM)""]"
CEIL-0664,ceiling,MYCOPHENOLATE MOFETIL,"[""MYCOPHENOLATE MOFETIL""]",tablet,,TABLET 250 MG,[250.0],mg,tablet,1,true,50.79,1575(E),25-Mar-2026,,,2026-09-18,usable,,1 Tablet,"["""", ""664"", ""2022"", ""MYCOPHENOLATE MOFETIL"", ""TABLET 250 MG"", ""1575(E)"", ""25-Mar-2026"", ""₹ 50.79(1 Tablet)""]"
CEIL-0665,ceiling,MYCOPHENOLATE MOFETIL,"[""MYCOPHENOLATE MOFETIL""]",tablet,,TABLET 500 MG,[500.0],mg,tablet,1,true,76.38,1575(E),25-Mar-2026,,,2026-09-18,usable,,1 Tablet)( Pack,"["""", ""665"", ""2022"", ""MYCOPHENOLATE MOFETIL"", ""TABLET 500 MG"", ""1575(E)"", ""25-Mar-2026"", ""₹ 76.38(1 Tablet)( Pack)""]"
CEIL-0666,ceiling,NALOXONE,"[""NALOXONE""]",injection,,INJECTION 400 MCG,[0.4],mg,ml,1,true,94.94,1575(E),25-Mar-2026,,,2026-09-18,usable,,1 ML,"["""", ""666"", ""2022"", ""NALOXONE"", ""INJECTION 400 MCG"", ""1575(E)"", ""25-Mar-2026"", ""₹ 94.94(1 ML)""]"
CEIL-0667,ceiling,NATAMYCIN,"[""NATAMYCIN""]",drops,,EYE DROPS 5 %,[],percent,ml,1,true,23.94,1575(E),25-Mar-2026,,,2026-09-18,usable,,1 ML,"["""", ""667"", ""2022"", ""NATAMYCIN"", ""EYE DROPS 5 %"", ""1575(E)"", ""25-Mar-2026"", ""₹ 23.94(1 ML)""]"
CEIL-0668,ceiling,NEOSTIGMINE,"[""NEOSTIGMINE""]",tablet,,TABLET 15 MG,[15.0],mg,tablet,1,true,4.70,1575(E),25-Mar-2026,,,2026-09-18,usable,,1 Tablet,"["""", ""668"", ""2022"", ""NEOSTIGMINE"", ""TABLET 15 MG"", ""1575(E)"", ""25-Mar-2026"", ""₹ 4.70(1 Tablet)""]"
CEIL-0669,ceiling,NEOSTIGMINE,"[""NEOSTIGMINE""]",injection,,INJECTION 0.5 MG,[0.5],mg,ml,1,true,5.13,1575(E),25-Mar-2026,,,2026-09-18,usable,,1 ML,"["""", ""669"", ""2022"", ""NEOSTIGMINE"", ""INJECTION 0.5 MG"", ""1575(E)"", ""25-Mar-2026"", ""₹ 5.13(1 ML)""]"
CEIL-0670,ceiling,NEVIRAPINE,"[""NEVIRAPINE""]",tablet,,TABLET 200 MG,[200.0],mg,tablet,1,true,16.17,1575(E),25-Mar-2026,,,2026-09-18,usable,,1 Tablet,"["""", ""670"", ""2022"", ""NEVIRAPINE"", ""TABLET 200 MG"", ""1575(E)"", ""25-Mar-2026"", ""₹ 16.17(1 Tablet)""]"
CEIL-0671,ceiling,NICOTINE,"[""NICOTINE""]",gum,,GUM 4 MG,[4.0],mg,unit,1,true,10.90,1575(E),25-Mar-2026,,,2026-09-18,usable,,1 Gum,"["""", ""671"", ""2022"", ""NICOTINE"", ""GUM 4 MG"", ""1575(E)"", ""25-Mar-2026"", ""₹ 10.90(1 Gum)""]"
CEIL-0672,ceiling,NICOTINE,"[""NICOTINE""]",lozenges,,LOZENGES 4 MG,[4.0],mg,unit,1,true,9.98,1575(E),25-Mar-2026,,,2026-09-18,usable,,1 Lozenges,"["""", ""672"", ""2022"", ""NICOTINE"", ""LOZENGES 4 MG"", ""1575(E)"", ""25-Mar-2026"", ""₹ 9.98(1 Lozenges)""]"
CEIL-0673,ceiling,NICOTINE,"[""NICOTINE""]",pastille,,PASTILLES 4 MG,[4.0],mg,unit,1,true,8.02,1575(E),25-Mar-2026,,,2026-09-18,usable,,1 Pastille,"["""", ""673"", ""2022"", ""NICOTINE"", ""PASTILLES 4 MG"", ""1575(E)"", ""25-Mar-2026"", ""₹ 8.02(1 Pastille)""]"
CEIL-0674,ceiling,NICOTINE,"[""NICOTINE""]",lozenges,,LOZENGES 2 MG,[2.0],mg,unit,1,true,8.11,1575(E),25-Mar-2026,,,2026-09-18,usable,,1 Lozenges,"["""", ""674"", ""2022"", ""NICOTINE"", ""LOZENGES 2 MG"", ""1575(E)"", ""25-Mar-2026"", ""₹ 8.11(1 Lozenges)""]"
CEIL-0675,ceiling,NICOTINE,"[""NICOTINE""]",pastille,,PASTILLES 2 MG,[2.0],mg,unit,1,true,7.29,1575(E),25-Mar-2026,,,2026-09-18,usable,,1 Pastille,"["""", ""675"", ""2022"", ""NICOTINE"", ""PASTILLES 2 MG"", ""1575(E)"", ""25-Mar-2026"", ""₹ 7.29(1 Pastille)""]"
CEIL-0676,ceiling,NICOTINE,"[""NICOTINE""]",gum,,GUM 2 MG,[2.0],mg,unit,1,true,8.80,1575(E),25-Mar-2026,,,2026-09-18,usable,,1 Gum,"["""", ""676"", ""2022"", ""NICOTINE"", ""GUM 2 MG"", ""1575(E)"", ""25-Mar-2026"", ""₹ 8.80(1 Gum)""]"
CEIL-0677,ceiling,NIFEDIPINE,"[""NIFEDIPINE""]",capsule,,CAPSULE 10 MG,[10.0],mg,capsule,1,true,0.98,1575(E),25-Mar-2026,,,2026-09-18,usable,,1 Capsule,"["""", ""677"", ""2022"", ""NIFEDIPINE"", ""CAPSULE 10 MG"", ""1575(E)"", ""25-Mar-2026"", ""₹ 0.98(1 Capsule)""]"
CEIL-0678,ceiling,NIFEDIPINE,"[""NIFEDIPINE""]",tablet,,TABLET 10 MG,[10.0],mg,tablet,1,true,1.58,1575(E),25-Mar-2026,,,2026-09-18,usable,,1 Tablet,"["""", ""678"", ""2022"", ""NIFEDIPINE"", ""TABLET 10 MG"", ""1575(E)"", ""25-Mar-2026"", ""₹ 1.58(1 Tablet)""]"
CEIL-0679,ceiling,NITROFURANTOIN,"[""NITROFURANTOIN""]",oral liquid,,ORAL LIQUID 25 MG/5 ML,[25.0],concentration,ml,1,true,0.92,1575(E),25-Mar-2026,,,2026-09-18,usable,,1 ML,"["""", ""679"", ""2022"", ""NITROFURANTOIN"", ""ORAL LIQUID 25 MG/5 ML"", ""1575(E)"", ""25-Mar-2026"", ""₹ 0.92(1 ML)""]"
CEIL-0680,ceiling,NITROFURANTOIN,"[""NITROFURANTOIN""]",tablet,,TABLET 100 MG,[100.0],mg,tablet,1,true,8.30,1575(E),25-Mar-2026,,,2026-09-18,usable,,1 Tablet,"["""", ""680"", ""2022"", ""NITROFURANTOIN"", ""TABLET 100 MG"", ""1575(E)"", ""25-Mar-2026"", ""₹ 8.30(1 Tablet)""]"
CEIL-0681,ceiling,NITROFURANTOIN,"[""NITROFURANTOIN""]",capsule,,CAPSULE 100 MG,[100.0],mg,capsule,1,true,8.85,1575(E),25-Mar-2026,,,2026-09-18,usable,,1 Capsule,"["""", ""681"", ""2022"", ""NITROFURANTOIN"", ""CAPSULE 100 MG"", ""1575(E)"", ""25-Mar-2026"", ""₹ 8.85(1 Capsule)""]"
CEIL-0682,ceiling,NITROUS OXIDE,"[""NITROUS OXIDE""]",,,INHALER --,[],none,cubic_meter,1,true,292.84,1575(E),25-Mar-2026,,,2026-09-18,usable,,Cubic Meter,"["""", ""682"", ""2022"", ""NITROUS OXIDE"", ""INHALER --"", ""1575(E)"", ""25-Mar-2026"", ""₹ 292.84(Cubic Meter)""]"
CEIL-0683,ceiling,NOREPINEPHRINE,"[""NOREPINEPHRINE""]",injection,,INJECTION 2 MG,[2.0],mg,ml,1,true,20.65,1575(E),25-Mar-2026,,,2026-09-18,usable,,1 ML,"["""", ""683"", ""2022"", ""NOREPINEPHRINE"", ""INJECTION 2 MG"", ""1575(E)"", ""25-Mar-2026"", ""₹ 20.65(1 ML)""]"
CEIL-0684,ceiling,NORETHISTERONE,"[""NORETHISTERONE""]",tablet,,TABLET 5 MG,[5.0],mg,tablet,1,true,5.52,1575(E),25-Mar-2026,,,2026-09-18,usable,,1 Tablet,"["""", ""684"", ""2022"", ""NORETHISTERONE"", ""TABLET 5 MG"", ""1575(E)"", ""25-Mar-2026"", ""₹ 5.52(1 Tablet)""]"
CEIL-0685,ceiling,OMEPRAZOLE,"[""OMEPRAZOLE""]",capsule,,CAPSULE 40 MG,[40.0],mg,capsule,1,true,5.81,1575(E),25-Mar-2026,,,2026-09-18,usable,,1 Capsule,"["""", ""685"", ""2022"", ""OMEPRAZOLE"", ""CAPSULE 40 MG"", ""1575(E)"", ""25-Mar-2026"", ""₹ 5.81(1 Capsule)""]"
CEIL-0686,ceiling,OMEPRAZOLE,"[""OMEPRAZOLE""]",oral liquid,,POWDER FOR ORAL LIQUID 20 MG,[20.0],mg,gm,1,true,1.55,1575(E),25-Mar-2026,,,2026-09-18,usable,,1 GM,"["""", ""686"", ""2022"", ""OMEPRAZOLE"", ""POWDER FOR ORAL LIQUID 20 MG"", ""1575(E)"", ""25-Mar-2026"", ""₹ 1.55(1 GM)""]"
CEIL-0687,ceiling,OMEPRAZOLE,"[""OMEPRAZOLE""]",capsule,,CAPSULE 20 MG,[20.0],mg,capsule,1,true,2.94,1575(E),25-Mar-2026,,,2026-09-18,usable,,1 Capsule,"["""", ""687"", ""2022"", ""OMEPRAZOLE"", ""CAPSULE 20 MG"", ""1575(E)"", ""25-Mar-2026"", ""₹ 2.94(1 Capsule)""]"
CEIL-0688,ceiling,OMEPRAZOLE,"[""OMEPRAZOLE""]",tablet,,TABLET 40 MG,[40.0],mg,tablet,1,true,8.66,1575(E),25-Mar-2026,,,2026-09-18,usable,,1 Tablet,"["""", ""688"", ""2022"", ""OMEPRAZOLE"", ""TABLET 40 MG"", ""1575(E)"", ""25-Mar-2026"", ""₹ 8.66(1 Tablet)""]"
CEIL-0689,ceiling,OMEPRAZOLE,"[""OMEPRAZOLE""]",tablet,,TABLET 20 MG,[20.0],mg,tablet,1,true,4.45,1575(E),25-Mar-2026,,,2026-09-18,usable,,1 Tablet,"["""", ""689"", ""2022"", ""OMEPRAZOLE"", ""TABLET 20 MG"", ""1575(E)"", ""25-Mar-2026"", ""₹ 4.45(1 Tablet)""]"
CEIL-0690,ceiling,OMEPRAZOLE,"[""OMEPRAZOLE""]",capsule,,CAPSULE 10 MG,[10.0],mg,capsule,1,true,2.47,1575(E),25-Mar-2026,,,2026-09-18,usable,,1 Capsule,"["""", ""690"", ""2022"", ""OMEPRAZOLE"", ""CAPSULE 10 MG"", ""1575(E)"", ""25-Mar-2026"", ""₹ 2.47(1 Capsule)""]"
CEIL-0691,ceiling,ONDANSETRON,"[""ONDANSETRON""]",solution,,ORAL SOLUTION 2 MG,[2.0],mg,ml,1,true,1.29,1575(E),25-Mar-2026,,,2026-09-18,usable,,1 ML,"["""", ""691"", ""2022"", ""ONDANSETRON"", ""ORAL SOLUTION 2 MG"", ""1575(E)"", ""25-Mar-2026"", ""₹ 1.29(1 ML)""]"
CEIL-0692,ceiling,ONDANSETRON,"[""ONDANSETRON""]",tablet,,TABLET 4 MG,[4.0],mg,tablet,1,true,5.26,1575(E),25-Mar-2026,,,2026-09-18,usable,,1 Tablet,"["""", ""692"", ""2022"", ""ONDANSETRON"", ""TABLET 4 MG"", ""1575(E)"", ""25-Mar-2026"", ""₹ 5.26(1 Tablet)""]"
CEIL-0693,ceiling,ONDANSETRON,"[""ONDANSETRON""]",injection,,INJECTION 2 MG,[2.0],mg,ml,1,true,6.10,1575(E),25-Mar-2026,,,2026-09-18,usable,,1 ML,"["""", ""693"", ""2022"", ""ONDANSETRON"", ""INJECTION 2 MG"", ""1575(E)"", ""25-Mar-2026"", ""₹ 6.10(1 ML)""]"
CEIL-0694,ceiling,ONDANSETRON,"[""ONDANSETRON""]",tablet,,TABLET 8 MG,[8.0],mg,tablet,1,true,9.28,1575(E),25-Mar-2026,,,2026-09-18,usable,,1 Tablet,"["""", ""694"", ""2022"", ""ONDANSETRON"", ""TABLET 8 MG"", ""1575(E)"", ""25-Mar-2026"", ""₹ 9.28(1 Tablet)""]"
CEIL-0695,ceiling,ORMELOXIFENE,"[""ORMELOXIFENE""]",tablet,,TABLET 30 MG,[30.0],mg,tablet,1,true,8.65,1575(E),25-Mar-2026,,,2026-09-18,usable,,1 Tablet,"["""", ""695"", ""2022"", ""ORMELOXIFENE"", ""TABLET 30 MG"", ""1575(E)"", ""25-Mar-2026"", ""₹ 8.65(1 Tablet)""]"
CEIL-0696,ceiling,OTHER HEPARINS,"[""OTHER HEPARINS""]",solution,,SOLUTION 1000 IU,[],none,ml,1,true,21.72,1575(E),25-Mar-2026,,,2026-09-18,usable,,1 ML,"["""", ""696"", ""2022"", ""OTHER HEPARINS"", ""SOLUTION 1000 IU"", ""1575(E)"", ""25-Mar-2026"", ""₹ 21.72(1 ML)""]"
CEIL-0697,ceiling,OXALIPLATIN,"[""OXALIPLATIN""]",injection,,INJECTION 50 MG,[50.0],mg,vial,1,true,2287.59,1575(E),25-Mar-2026,,,2026-09-18,usable,,Each Vial,"["""", ""697"", ""2022"", ""OXALIPLATIN"", ""INJECTION 50 MG"", ""1575(E)"", ""25-Mar-2026"", ""₹ 2287.59(Each Vial)""]"
CEIL-0698,ceiling,OXALIPLATIN,"[""OXALIPLATIN""]",injection,,INJECTION 100 MG,[100.0],mg,vial,1,true,5099.25,1575(E),25-Mar-2026,,,2026-09-18,usable,,Each Vial,"["""", ""698"", ""2022"", ""OXALIPLATIN"", ""INJECTION 100 MG"", ""1575(E)"", ""25-Mar-2026"", ""₹ 5099.25(Each Vial)""]"
CEIL-0699,ceiling,OXYGEN,"[""OXYGEN""]",,,IN CYLINDER --,[],none,cubic_meter,1,true,29.52,1575(E),25-Mar-2026,,,2026-09-18,usable,,Cubic Meter,"["""", ""699"", ""2022"", ""OXYGEN"", ""IN CYLINDER --"", ""1575(E)"", ""25-Mar-2026"", ""₹ 29.52(Cubic Meter)""]"
CEIL-0700,ceiling,OXYGEN,"[""OXYGEN""]",,,LIQUID MEDICAL OXYGEN --,[],none,cubic_meter,1,true,17.43,1575(E),25-Mar-2026,,,2026-09-18,usable,,Cubic Meter,"["""", ""700"", ""2022"", ""OXYGEN"", ""LIQUID MEDICAL OXYGEN --"", ""1575(E)"", ""25-Mar-2026"", ""₹ 17.43(Cubic Meter)""]"
CEIL-0701,ceiling,OXYTOCIN,"[""OXYTOCIN""]",injection,,INJECTION 5 IU,[],none,ml,1,true,18.27,1575(E),25-Mar-2026,,,2026-09-18,usable,,1 ML,"["""", ""701"", ""2022"", ""OXYTOCIN"", ""INJECTION 5 IU"", ""1575(E)"", ""25-Mar-2026"", ""₹ 18.27(1 ML)""]"
CEIL-0702,ceiling,OXYTOCIN,"[""OXYTOCIN""]",injection,,INJECTION 10 IU,[],none,ml,1,true,40.82,1575(E),25-Mar-2026,,,2026-09-18,usable,,1 ML,"["""", ""702"", ""2022"", ""OXYTOCIN"", ""INJECTION 10 IU"", ""1575(E)"", ""25-Mar-2026"", ""₹ 40.82(1 ML)""]"
CEIL-0703,ceiling,PACLITAXEL,"[""PACLITAXEL""]",injection,,INJECTION 30 MG/ 5 ML,[30.0],concentration,ml,1,true,220.61,1575(E),25-Mar-2026,,,2026-09-18,usable,,1 ML,"["""", ""703"", ""2022"", ""PACLITAXEL"", ""INJECTION 30 MG/ 5 ML"", ""1575(E)"", ""25-Mar-2026"", ""₹ 220.61(1 ML)""]"
CEIL-0704,ceiling,PACLITAXEL,"[""PACLITAXEL""]",injection,,INJECTION 100 MG/16.7 ML,[100.0],concentration,ml,1,true,220.61,1575(E),25-Mar-2026,,,2026-09-18,usable,,1 ML,"["""", ""704"", ""2022"", ""PACLITAXEL"", ""INJECTION 100 MG/16.7 ML"", ""1575(E)"", ""25-Mar-2026"", ""₹ 220.61(1 ML)""]"
CEIL-0705,ceiling,PANTOPRAZOLE,"[""PANTOPRAZOLE""]",injection,,INJECTION 40 MG,[40.0],mg,vial,1,true,51.66,1575(E),25-Mar-2026,,,2026-09-18,usable,,Each Vial,"["""", ""705"", ""2022"", ""PANTOPRAZOLE"", ""INJECTION 40 MG"", ""1575(E)"", ""25-Mar-2026"", ""₹ 51.66(Each Vial)""]"
CEIL-0706,ceiling,PARACETAMOL,"[""PARACETAMOL""]",tablet,,TABLET 500 MG,[500.0],mg,tablet,1,true,0.93,1575(E),25-Mar-2026,,,2026-09-18,usable,,1 Tablet,"["""", ""706"", ""2022"", ""PARACETAMOL"", ""TABLET 500 MG"", ""1575(E)"", ""25-Mar-2026"", ""₹ 0.93(1 Tablet)""]"
CEIL-0707,ceiling,PARACETAMOL,"[""PARACETAMOL""]",oral liquid,,ORAL LIQUID 250 MG/ 5 ML,[250.0],concentration,ml,1,true,0.68,1575(E),25-Mar-2026,,,2026-09-18,usable,,1 ML,"["""", ""707"", ""2022"", ""PARACETAMOL"", ""ORAL LIQUID 250 MG/ 5 ML"", ""1575(E)"", ""25-Mar-2026"", ""₹ 0.68(1 ML)""]"
CEIL-0708,ceiling,PARACETAMOL,"[""PARACETAMOL""]",suppository,,SUPPOSITORY 170 MG,[170.0],mg,suppository,1,true,8.14,1575(E),25-Mar-2026,,,2026-09-18,usable,,1 Suppository,"["""", ""708"", ""2022"", ""PARACETAMOL"", ""SUPPOSITORY 170 MG"", ""1575(E)"", ""25-Mar-2026"", ""₹ 8.14(1 Suppository)""]"
CEIL-0709,ceiling,PARACETAMOL,"[""PARACETAMOL""]",injection,,INJECTION 150 MG,[150.0],mg,ml,2,true,4.07,1575(E),25-Mar-2026,,,2026-09-18,usable,,2 ML Pack,"["""", ""709"", ""2022"", ""PARACETAMOL"", ""INJECTION 150 MG"", ""1575(E)"", ""25-Mar-2026"", ""₹ 4.07(2 ML Pack)""]"
CEIL-0710,ceiling,PARACETAMOL,"[""PARACETAMOL""]",injection,,INJECTION 150 MG,[150.0],mg,ml,1,true,1.64,1575(E),25-Mar-2026,,,2026-09-18,usable,,1 ML,"["""", ""710"", ""2022"", ""PARACETAMOL"", ""INJECTION 150 MG"", ""1575(E)"", ""25-Mar-2026"", ""₹ 1.64(1 ML)""]"
CEIL-0711,ceiling,PARACETAMOL,"[""PARACETAMOL""]",oral liquid,,ORAL LIQUID 125 MG/ 5 ML,[125.0],concentration,ml,1,true,0.38,1575(E),25-Mar-2026,,,2026-09-18,usable,,1 ML,"["""", ""711"", ""2022"", ""PARACETAMOL"", ""ORAL LIQUID 125 MG/ 5 ML"", ""1575(E)"", ""25-Mar-2026"", ""₹ 0.38(1 ML)""]"
CEIL-0712,ceiling,PARACETAMOL,"[""PARACETAMOL""]",suspension,,SUSPENSION 120 MG,[120.0],mg,ml,1,true,0.62,1575(E),25-Mar-2026,,,2026-09-18,usable,,1 ML,"["""", ""712"", ""2022"", ""PARACETAMOL"", ""SUSPENSION 120 MG"", ""1575(E)"", ""25-Mar-2026"", ""₹ 0.62(1 ML)""]"
CEIL-0713,ceiling,PARACETAMOL,"[""PARACETAMOL""]",suppository,,SUPPOSITORY 80 MG,[80.0],mg,suppository,1,true,6.82,1575(E),25-Mar-2026,,,2026-09-18,usable,,1 Suppository,"["""", ""713"", ""2022"", ""PARACETAMOL"", ""SUPPOSITORY 80 MG"", ""1575(E)"", ""25-Mar-2026"", ""₹ 6.82(1 Suppository)""]"
CEIL-0714,ceiling,PARACETAMOL,"[""PARACETAMOL""]",tablet,,TABLET 650 MG,[650.0],mg,tablet,1,true,2.05,1575(E),25-Mar-2026,,,2026-09-18,usable,,1 Tablet,"["""", ""714"", ""2022"", ""PARACETAMOL"", ""TABLET 650 MG"", ""1575(E)"", ""25-Mar-2026"", ""₹ 2.05(1 Tablet)""]"
CEIL-0715,ceiling,PENICILLAMINE,"[""PENICILLAMINE""]",capsule,,CAPSULE 250 MG,[250.0],mg,capsule,1,true,16.02,1575(E),25-Mar-2026,,,2026-09-18,usable,,1 Capsule,"["""", ""715"", ""2022"", ""PENICILLAMINE"", ""CAPSULE 250 MG"", ""1575(E)"", ""25-Mar-2026"", ""₹ 16.02(1 Capsule)""]"
CEIL-0716,ceiling,PERITONEAL DIALYSIS SOLUTIONS,"[""PERITONEAL DIALYSIS SOLUTIONS""]",infusion,,INFUSION --,[],none,ml,1,true,0.22,1575(E),25-Mar-2026,,,2026-09-18,usable,,1 ML,"["""", ""716"", ""2022"", ""PERITONEAL DIALYSIS SOLUTIONS"", ""INFUSION --"", ""1575(E)"", ""25-Mar-2026"", ""₹ 0.22(1 ML)""]"
CEIL-0717,ceiling,PERMETHRIN,"[""PERMETHRIN""]",cream,,CREAM 1 %,[],percent,gm,1,true,1.54,1575(E),25-Mar-2026,,,2026-09-18,usable,,1 GM,"["""", ""717"", ""2022"", ""PERMETHRIN"", ""CREAM 1 %"", ""1575(E)"", ""25-Mar-2026"", ""₹ 1.54(1 GM)""]"
CEIL-0718,ceiling,PERMETHRIN,"[""PERMETHRIN""]",lotion,,LOTION 1 %,[],percent,ml,1,true,1.03,1575(E),25-Mar-2026,,,2026-09-18,usable,,1 ML,"["""", ""718"", ""2022"", ""PERMETHRIN"", ""LOTION 1 %"", ""1575(E)"", ""25-Mar-2026"", ""₹ 1.03(1 ML)""]"
CEIL-0719,ceiling,PERMETHRIN,"[""PERMETHRIN""]",gel,,GEL 5 %,[],percent,gm,1,true,1.34,1575(E),25-Mar-2026,,,2026-09-18,usable,,1 GM,"["""", ""719"", ""2022"", ""PERMETHRIN"", ""GEL 5 %"", ""1575(E)"", ""25-Mar-2026"", ""₹ 1.34(1 GM)""]"
CEIL-0720,ceiling,PERMETHRIN,"[""PERMETHRIN""]",cream,,CREAM 5 %,[],percent,gm,1,true,1.89,1575(E),25-Mar-2026,,,2026-09-18,usable,,1 GM,"["""", ""720"", ""2022"", ""PERMETHRIN"", ""CREAM 5 %"", ""1575(E)"", ""25-Mar-2026"", ""₹ 1.89(1 GM)""]"
CEIL-0721,ceiling,PERMETHRIN,"[""PERMETHRIN""]",lotion,,LOTION 5 %,[],percent,other,1,false,1.03,1575(E),25-Mar-2026,,,2026-09-18,quarantined,unit_unmappable,1 gm or 1 ml,"["""", ""721"", ""2022"", ""PERMETHRIN"", ""LOTION 5 %"", ""1575(E)"", ""25-Mar-2026"", ""₹ 1.03(1 gm or 1 ml)""]"
CEIL-0722,ceiling,PHENIRAMINE,"[""PHENIRAMINE""]",injection,,INJECTION 22.75 MG,[22.75],mg,ml,2,true,2.83,1575(E),25-Mar-2026,,,2026-09-18,usable,,2 ML Pack,"["""", ""722"", ""2022"", ""PHENIRAMINE"", ""INJECTION 22.75 MG"", ""1575(E)"", ""25-Mar-2026"", ""₹ 2.83(2 ML Pack)""]"
CEIL-0723,ceiling,PHENIRAMINE,"[""PHENIRAMINE""]",injection,,INJECTION 22.75 MG,[22.75],mg,ml,10,true,2.11,1575(E),25-Mar-2026,,,2026-09-18,usable,,Each Pack (10 ML),"["""", ""723"", ""2022"", ""PHENIRAMINE"", ""INJECTION 22.75 MG"", ""1575(E)"", ""25-Mar-2026"", ""₹ 2.11(Each Pack (10 ML))""]"
CEIL-0724,ceiling,PHENOBARBITONE,"[""PHENOBARBITONE""]",injection,,INJECTION 200 MG,[200.0],mg,ml,1,true,22.68,1575(E),25-Mar-2026,,,2026-09-18,usable,,1 ML,"["""", ""724"", ""2022"", ""PHENOBARBITONE"", ""INJECTION 200 MG"", ""1575(E)"", ""25-Mar-2026"", ""₹ 22.68(1 ML)""]"
CEIL-0725,ceiling,PHENOBARBITONE,"[""PHENOBARBITONE""]",oral liquid,,ORAL LIQUID 20 MG/ 5 ML,[20.0],concentration,ml,1,true,0.50,1575(E),25-Mar-2026,,,2026-09-18,usable,,1 ML,"["""", ""725"", ""2022"", ""PHENOBARBITONE"", ""ORAL LIQUID 20 MG/ 5 ML"", ""1575(E)"", ""25-Mar-2026"", ""₹ 0.50(1 ML)""]"
CEIL-0726,ceiling,PHENOBARBITONE,"[""PHENOBARBITONE""]",tablet,,TABLET 30 MG,[30.0],mg,tablet,1,true,1.34,1575(E),25-Mar-2026,,,2026-09-18,usable,,1 Tablet,"["""", ""726"", ""2022"", ""PHENOBARBITONE"", ""TABLET 30 MG"", ""1575(E)"", ""25-Mar-2026"", ""₹ 1.34(1 Tablet)""]"
CEIL-0727,ceiling,PHENOBARBITONE,"[""PHENOBARBITONE""]",tablet,,TABLET 60 MG,[60.0],mg,tablet,1,true,1.93,1575(E),25-Mar-2026,,,2026-09-18,usable,,1 Tablet,"["""", ""727"", ""2022"", ""PHENOBARBITONE"", ""TABLET 60 MG"", ""1575(E)"", ""25-Mar-2026"", ""₹ 1.93(1 Tablet)""]"
CEIL-0728,ceiling,PHENYTOIN,"[""PHENYTOIN""]",tablet,,TABLET 50 MG,[50.0],mg,tablet,1,true,0.86,1575(E),25-Mar-2026,,,2026-09-18,usable,,1 Tablet,"["""", ""728"", ""2022"", ""PHENYTOIN"", ""TABLET 50 MG"", ""1575(E)"", ""25-Mar-2026"", ""₹ 0.86(1 Tablet)""]"
CEIL-0729,ceiling,PHENYTOIN,"[""PHENYTOIN""]",injection,,INJECTION 50 MG,[50.0],mg,ml,1,true,6.09,1575(E),25-Mar-2026,,,2026-09-18,usable,,1 ML,"["""", ""729"", ""2022"", ""PHENYTOIN"", ""INJECTION 50 MG"", ""1575(E)"", ""25-Mar-2026"", ""₹ 6.09(1 ML)""]"
CEIL-0730,ceiling,PHENYTOIN,"[""PHENYTOIN""]",oral liquid,,ORAL LIQUID 30 MG/ 5 ML,[30.0],concentration,ml,1,true,0.36,1575(E),25-Mar-2026,,,2026-09-18,usable,,1 ML,"["""", ""730"", ""2022"", ""PHENYTOIN"", ""ORAL LIQUID 30 MG/ 5 ML"", ""1575(E)"", ""25-Mar-2026"", ""₹ 0.36(1 ML)""]"
CEIL-0731,ceiling,PHENYTOIN,"[""PHENYTOIN""]",tablet,extended_release,TABLET ER 300 MG,[300.0],mg,tablet,1,true,6.72,1575(E),25-Mar-2026,,,2026-09-18,usable,,1 Tablet,"["""", ""731"", ""2022"", ""PHENYTOIN"", ""TABLET ER 300 MG"", ""1575(E)"", ""25-Mar-2026"", ""₹ 6.72(1 Tablet)""]"
CEIL-0732,ceiling,PHENYTOIN,"[""PHENYTOIN""]",capsule,,CAPSULE 300 MG,[300.0],mg,capsule,1,true,4.76,1575(E),25-Mar-2026,,,2026-09-18,usable,,1 Capsule,"["""", ""732"", ""2022"", ""PHENYTOIN"", ""CAPSULE 300 MG"", ""1575(E)"", ""25-Mar-2026"", ""₹ 4.76(1 Capsule)""]"
CEIL-0733,ceiling,PHENYTOIN,"[""PHENYTOIN""]",tablet,,TABLET 300 MG,[300.0],mg,tablet,1,true,5.62,1575(E),25-Mar-2026,,,2026-09-18,usable,,1 Tablet,"["""", ""733"", ""2022"", ""PHENYTOIN"", ""TABLET 300 MG"", ""1575(E)"", ""25-Mar-2026"", ""₹ 5.62(1 Tablet)""]"
CEIL-0734,ceiling,PHENYTOIN,"[""PHENYTOIN""]",capsule,,CAPSULE 100 MG,[100.0],mg,capsule,1,true,1.87,1575(E),25-Mar-2026,,,2026-09-18,usable,,1 Capsule,"["""", ""734"", ""2022"", ""PHENYTOIN"", ""CAPSULE 100 MG"", ""1575(E)"", ""25-Mar-2026"", ""₹ 1.87(1 Capsule)""]"
CEIL-0735,ceiling,PHENYTOIN,"[""PHENYTOIN""]",tablet,,TABLET 100 MG,[100.0],mg,tablet,1,true,1.80,1575(E),25-Mar-2026,,,2026-09-18,usable,,1 Tablet,"["""", ""735"", ""2022"", ""PHENYTOIN"", ""TABLET 100 MG"", ""1575(E)"", ""25-Mar-2026"", ""₹ 1.80(1 Tablet)""]"
CEIL-0736,ceiling,PHENYTOIN,"[""PHENYTOIN""]",oral suspension,,ORAL SUSPENSION 125 MG,[125.0],mg,ml,1,true,1.13,1575(E),25-Mar-2026,,,2026-09-18,usable,,1 ML,"["""", ""736"", ""2022"", ""PHENYTOIN"", ""ORAL SUSPENSION 125 MG"", ""1575(E)"", ""25-Mar-2026"", ""₹ 1.13(1 ML)""]"
CEIL-0737,ceiling,PHYTOMENADIONE,"[""PHYTOMENADIONE""]",injection,,INJECTION 10 MG,[10.0],mg,ml,1,true,54.36,1575(E),25-Mar-2026,,,2026-09-18,usable,,1 ML,"["""", ""737"", ""2022"", ""PHYTOMENADIONE"", ""INJECTION 10 MG"", ""1575(E)"", ""25-Mar-2026"", ""₹ 54.36(1 ML)""]"
CEIL-0738,ceiling,PHYTOMENADIONE (VITAMINK1)10 MG,"[""PHYTOMENADIONE (VITAMINK1)10 MG""]",tablet,,TABLET 10 MG,[10.0],mg,tablet,1,true,14.89,1575(E),25-Mar-2026,,,2026-09-18,usable,,1 Tablet,"["""", ""738"", ""2022"", ""PHYTOMENADIONE (VITAMINK1)10 MG"", ""TABLET 10 MG"", ""1575(E)"", ""25-Mar-2026"", ""₹ 14.89(1 Tablet)""]"
CEIL-0739,ceiling,PILOCARPINE,"[""PILOCARPINE""]",drops,,EYE DROPS 2 %,[],percent,ml,1,true,16.64,1575(E),25-Mar-2026,,,2026-09-18,usable,,1 ML)( Pack,"["""", ""739"", ""2022"", ""PILOCARPINE"", ""EYE DROPS 2 %"", ""1575(E)"", ""25-Mar-2026"", ""₹ 16.64(1 ML)( Pack)""]"
CEIL-0740,ceiling,PIPERACILLIN + TAZOBACTAM,"[""PIPERACILLIN"", ""TAZOBACTAM""]",injection,,INJECTION 2000/250 MG,[250.0],mg,vial,1,true,196.15,1575(E),25-Mar-2026,,,2026-09-18,usable,,Each Vial,"["""", ""740"", ""2022"", ""PIPERACILLIN + TAZOBACTAM"", ""INJECTION 2000/250 MG"", ""1575(E)"", ""25-Mar-2026"", ""₹ 196.15(Each Vial)""]"
CEIL-0741,ceiling,PIPERACILLIN + TAZOBACTAM,"[""PIPERACILLIN"", ""TAZOBACTAM""]",injection,,INJECTION 1000/125 MG,[125.0],mg,vial,1,true,102.05,1575(E),25-Mar-2026,,,2026-09-18,usable,,Each Vial,"["""", ""741"", ""2022"", ""PIPERACILLIN + TAZOBACTAM"", ""INJECTION 1000/125 MG"", ""1575(E)"", ""25-Mar-2026"", ""₹ 102.05(Each Vial)""]"
CEIL-0742,ceiling,PIPERACILLIN + TAZOBACTAM,"[""PIPERACILLIN"", ""TAZOBACTAM""]",injection,,INJECTION 4000/500 MG,[500.0],mg,vial,1,true,409.00,1575(E),25-Mar-2026,,,2026-09-18,usable,,Each Vial,"["""", ""742"", ""2022"", ""PIPERACILLIN + TAZOBACTAM"", ""INJECTION 4000/500 MG"", ""1575(E)"", ""25-Mar-2026"", ""₹ 409.00(Each Vial)""]"
CEIL-0743,ceiling,POTASSIUM CHLORIDE,"[""POTASSIUM CHLORIDE""]",injection,,INJECTION 150 MG,[150.0],mg,ml,1,true,2.46,1575(E),25-Mar-2026,,,2026-09-18,usable,,1 ML,"["""", ""743"", ""2022"", ""POTASSIUM CHLORIDE"", ""INJECTION 150 MG"", ""1575(E)"", ""25-Mar-2026"", ""₹ 2.46(1 ML)""]"
CEIL-0744,ceiling,POTASSIUM CHLORIDE,"[""POTASSIUM CHLORIDE""]",oral liquid,,ORAL LIQUID 500 MG/ 5 ML,[500.0],concentration,ml,1,true,0.31,1575(E),25-Mar-2026,,,2026-09-18,usable,,1 ML,"["""", ""744"", ""2022"", ""POTASSIUM CHLORIDE"", ""ORAL LIQUID 500 MG/ 5 ML"", ""1575(E)"", ""25-Mar-2026"", ""₹ 0.31(1 ML)""]"
CEIL-0745,ceiling,POVIDONE IODINE,"[""POVIDONE IODINE""]",solution,,SOLUTION 10 %,[],percent,ml,1,true,0.99,1575(E),25-Mar-2026,,,2026-09-18,usable,,1 ML,"["""", ""745"", ""2022"", ""POVIDONE IODINE"", ""SOLUTION 10 %"", ""1575(E)"", ""25-Mar-2026"", ""₹ 0.99(1 ML)""]"
CEIL-0746,ceiling,POVIDONE IODINE,"[""POVIDONE IODINE""]",solution,,SOLUTION 4 %,[],percent,ml,1,true,1.78,1575(E),25-Mar-2026,,,2026-09-18,usable,,1 ML,"["""", ""746"", ""2022"", ""POVIDONE IODINE"", ""SOLUTION 4 %"", ""1575(E)"", ""25-Mar-2026"", ""₹ 1.78(1 ML)""]"
CEIL-0747,ceiling,POVIDONE IODINE,"[""POVIDONE IODINE""]",solution,,SOLUTION 7.5 %,[],percent,ml,1,true,0.84,1575(E),25-Mar-2026,,,2026-09-18,usable,,1 ML,"["""", ""747"", ""2022"", ""POVIDONE IODINE"", ""SOLUTION 7.5 %"", ""1575(E)"", ""25-Mar-2026"", ""₹ 0.84(1 ML)""]"
CEIL-0748,ceiling,POVIDONE IODINE,"[""POVIDONE IODINE""]",ointment,,OINTMENT 10 %,[],percent,gm,1,true,6.30,1575(E),25-Mar-2026,,,2026-09-18,usable,,1 GM)( Pack,"["""", ""748"", ""2022"", ""POVIDONE IODINE"", ""OINTMENT 10 %"", ""1575(E)"", ""25-Mar-2026"", ""₹ 6.30(1 GM)( Pack)""]"
CEIL-0749,ceiling,POVIDONE IODINE,"[""POVIDONE IODINE""]",,,LIQUID 5 %,[],percent,ml,1,true,0.45,1575(E),25-Mar-2026,,,2026-09-18,usable,,1 ML,"["""", ""749"", ""2022"", ""POVIDONE IODINE"", ""LIQUID 5 %"", ""1575(E)"", ""25-Mar-2026"", ""₹ 0.45(1 ML)""]"
CEIL-0750,ceiling,PRALIDOXIME,"[""PRALIDOXIME""]",injection,,INJECTION 25 MG,[25.0],mg,ml,1,true,4.67,1575(E),25-Mar-2026,,,2026-09-18,usable,,1 ML,"["""", ""750"", ""2022"", ""PRALIDOXIME"", ""INJECTION 25 MG"", ""1575(E)"", ""25-Mar-2026"", ""₹ 4.67(1 ML)""]"
CEIL-0751,ceiling,PREDNISOLONE,"[""PREDNISOLONE""]",oral liquid,,ORAL LIQUID 15 MG/ 5 ML,[15.0],concentration,ml,1,true,0.88,1575(E),25-Mar-2026,,,2026-09-18,usable,,1 ML,"["""", ""751"", ""2022"", ""PREDNISOLONE"", ""ORAL LIQUID 15 MG/ 5 ML"", ""1575(E)"", ""25-Mar-2026"", ""₹ 0.88(1 ML)""]"
CEIL-0752,ceiling,PREDNISOLONE,"[""PREDNISOLONE""]",suspension,,SUSPENSION 5 MG,[5.0],mg,ml,1,true,0.50,1575(E),25-Mar-2026,,,2026-09-18,usable,,1 ML,"["""", ""752"", ""2022"", ""PREDNISOLONE"", ""SUSPENSION 5 MG"", ""1575(E)"", ""25-Mar-2026"", ""₹ 0.50(1 ML)""]"
CEIL-0753,ceiling,PREDNISOLONE,"[""PREDNISOLONE""]",tablet,,TABLET 5 MG,[5.0],mg,tablet,1,true,0.69,1575(E),25-Mar-2026,,,2026-09-18,usable,,1 Tablet,"["""", ""753"", ""2022"", ""PREDNISOLONE"", ""TABLET 5 MG"", ""1575(E)"", ""25-Mar-2026"", ""₹ 0.69(1 Tablet)""]"
CEIL-0754,ceiling,PREDNISOLONE,"[""PREDNISOLONE""]",drops,,DROPS 1 %,[],percent,ml,1,true,5.90,1575(E),25-Mar-2026,,,2026-09-18,usable,,1 ML,"["""", ""754"", ""2022"", ""PREDNISOLONE"", ""DROPS 1 %"", ""1575(E)"", ""25-Mar-2026"", ""₹ 5.90(1 ML)""]"
CEIL-0755,ceiling,PREDNISOLONE,"[""PREDNISOLONE""]",tablet,,TABLET 40 MG,[40.0],mg,tablet,1,true,3.49,1575(E),25-Mar-2026,,,2026-09-18,usable,,1 Tablet,"["""", ""755"", ""2022"", ""PREDNISOLONE"", ""TABLET 40 MG"", ""1575(E)"", ""25-Mar-2026"", ""₹ 3.49(1 Tablet)""]"
CEIL-0756,ceiling,PREDNISOLONE,"[""PREDNISOLONE""]",tablet,,TABLET 10 MG,[10.0],mg,tablet,1,true,1.23,1575(E),25-Mar-2026,,,2026-09-18,usable,,1 Tablet,"["""", ""756"", ""2022"", ""PREDNISOLONE"", ""TABLET 10 MG"", ""1575(E)"", ""25-Mar-2026"", ""₹ 1.23(1 Tablet)""]"
CEIL-0757,ceiling,PREDNISOLONE,"[""PREDNISOLONE""]",tablet,,TABLET 20 MG,[20.0],mg,tablet,1,true,2.46,1575(E),25-Mar-2026,,,2026-09-18,usable,,1 Tablet,"["""", ""757"", ""2022"", ""PREDNISOLONE"", ""TABLET 20 MG"", ""1575(E)"", ""25-Mar-2026"", ""₹ 2.46(1 Tablet)""]"
CEIL-0758,ceiling,PRIMAQUINE,"[""PRIMAQUINE""]",tablet,,TABLET 2.5 MG,[2.5],mg,tablet,1,true,1.79,1575(E),25-Mar-2026,,,2026-09-18,usable,,1 Tablet,"["""", ""758"", ""2022"", ""PRIMAQUINE"", ""TABLET 2.5 MG"", ""1575(E)"", ""25-Mar-2026"", ""₹ 1.79(1 Tablet)""]"
CEIL-0759,ceiling,PRIMAQUINE,"[""PRIMAQUINE""]",tablet,,TABLET 15 MG,[15.0],mg,tablet,1,true,5.26,1575(E),25-Mar-2026,,,2026-09-18,usable,,1 Tablet,"["""", ""759"", ""2022"", ""PRIMAQUINE"", ""TABLET 15 MG"", ""1575(E)"", ""25-Mar-2026"", ""₹ 5.26(1 Tablet)""]"
CEIL-0760,ceiling,PRIMAQUINE,"[""PRIMAQUINE""]",tablet,,TABLET 7.5 MG,[7.5],mg,tablet,1,true,2.44,1575(E),25-Mar-2026,,,2026-09-18,usable,,1 Tablet,"["""", ""760"", ""2022"", ""PRIMAQUINE"", ""TABLET 7.5 MG"", ""1575(E)"", ""25-Mar-2026"", ""₹ 2.44(1 Tablet)""]"
CEIL-0761,ceiling,PROPARACAINE,"[""PROPARACAINE""]",drops,,EYE DROPS 0.5 %,[],percent,ml,1,true,10.50,1575(E),25-Mar-2026,,,2026-09-18,usable,,1 ML,"["""", ""761"", ""2022"", ""PROPARACAINE"", ""EYE DROPS 0.5 %"", ""1575(E)"", ""25-Mar-2026"", ""₹ 10.50(1 ML)""]"
CEIL-0762,ceiling,PROPOFOL,"[""PROPOFOL""]",injection,,INJECTION 10 MG,[10.0],mg,ml,1,true,6.65,1575(E),25-Mar-2026,,,2026-09-18,usable,,1 ML,"["""", ""762"", ""2022"", ""PROPOFOL"", ""INJECTION 10 MG"", ""1575(E)"", ""25-Mar-2026"", ""₹ 6.65(1 ML)""]"
CEIL-0763,ceiling,PROPRANOLOL,"[""PROPRANOLOL""]",capsule,,CAPSULE 40 MG,[40.0],mg,capsule,1,true,4.35,1575(E),25-Mar-2026,,,2026-09-18,usable,,1 Capsule,"["""", ""763"", ""2022"", ""PROPRANOLOL"", ""CAPSULE 40 MG"", ""1575(E)"", ""25-Mar-2026"", ""₹ 4.35(1 Capsule)""]"
CEIL-0764,ceiling,PROPRANOLOL,"[""PROPRANOLOL""]",tablet,,TABLET 40 MG,[40.0],mg,tablet,1,true,3.30,1575(E),25-Mar-2026,,,2026-09-18,usable,,1 Tablet,"["""", ""764"", ""2022"", ""PROPRANOLOL"", ""TABLET 40 MG"", ""1575(E)"", ""25-Mar-2026"", ""₹ 3.30(1 Tablet)""]"
CEIL-0765,ceiling,PROPRANOLOL,"[""PROPRANOLOL""]",capsule,,CAPSULE 20 MG,[20.0],mg,capsule,1,true,2.41,1575(E),25-Mar-2026,,,2026-09-18,usable,,1 Capsule,"["""", ""765"", ""2022"", ""PROPRANOLOL"", ""CAPSULE 20 MG"", ""1575(E)"", ""25-Mar-2026"", ""₹ 2.41(1 Capsule)""]"
CEIL-0766,ceiling,PROPRANOLOL,"[""PROPRANOLOL""]",tablet,,TABLET 20 MG,[20.0],mg,tablet,1,true,3.28,1575(E),25-Mar-2026,,,2026-09-18,usable,,1 Tablet,"["""", ""766"", ""2022"", ""PROPRANOLOL"", ""TABLET 20 MG"", ""1575(E)"", ""25-Mar-2026"", ""₹ 3.28(1 Tablet)""]"
CEIL-0767,ceiling,PROPRANOLOL,"[""PROPRANOLOL""]",capsule,,CAPSULE 10 MG,[10.0],mg,capsule,1,true,2.04,1575(E),25-Mar-2026,,,2026-09-18,usable,,1 Capsule,"["""", ""767"", ""2022"", ""PROPRANOLOL"", ""CAPSULE 10 MG"", ""1575(E)"", ""25-Mar-2026"", ""₹ 2.04(1 Capsule)""]"
CEIL-0768,ceiling,PROPRANOLOL,"[""PROPRANOLOL""]",tablet,,TABLET 10 MG,[10.0],mg,tablet,1,true,1.34,1575(E),25-Mar-2026,,,2026-09-18,usable,,1 Tablet,"["""", ""768"", ""2022"", ""PROPRANOLOL"", ""TABLET 10 MG"", ""1575(E)"", ""25-Mar-2026"", ""₹ 1.34(1 Tablet)""]"
CEIL-0769,ceiling,PROTAMINE,"[""PROTAMINE""]",injection,,INJECTION 10 MG,[10.0],mg,ml,1,true,10.01,1575(E),25-Mar-2026,,,2026-09-18,usable,,1 ML,"["""", ""769"", ""2022"", ""PROTAMINE"", ""INJECTION 10 MG"", ""1575(E)"", ""25-Mar-2026"", ""₹ 10.01(1 ML)""]"
CEIL-0770,ceiling,PYRAZINAMIDE,"[""PYRAZINAMIDE""]",tablet,,TABLET 1500 MG,[1500.0],mg,tablet,1,true,12.10,1575(E),25-Mar-2026,,,2026-09-18,usable,,1 Tablet,"["""", ""770"", ""2022"", ""PYRAZINAMIDE"", ""TABLET 1500 MG"", ""1575(E)"", ""25-Mar-2026"", ""₹ 12.10(1 Tablet)""]"
CEIL-0771,ceiling,PYRAZINAMIDE,"[""PYRAZINAMIDE""]",tablet,,TABLET 750 MG,[750.0],mg,tablet,1,true,7.39,1575(E),25-Mar-2026,,,2026-09-18,usable,,1 Tablet,"["""", ""771"", ""2022"", ""PYRAZINAMIDE"", ""TABLET 750 MG"", ""1575(E)"", ""25-Mar-2026"", ""₹ 7.39(1 Tablet)""]"
CEIL-0772,ceiling,PYRAZINAMIDE,"[""PYRAZINAMIDE""]",tablet,,TABLET 1000 MG,[1000.0],mg,tablet,1,true,10.78,1575(E),25-Mar-2026,,,2026-09-18,usable,,1 Tablet,"["""", ""772"", ""2022"", ""PYRAZINAMIDE"", ""TABLET 1000 MG"", ""1575(E)"", ""25-Mar-2026"", ""₹ 10.78(1 Tablet)""]"
CEIL-0773,ceiling,PYRAZINAMIDE,"[""PYRAZINAMIDE""]",tablet,,TABLET 500 MG,[500.0],mg,tablet,1,true,5.01,1575(E),25-Mar-2026,,,2026-09-18,usable,,1 Tablet,"["""", ""773"", ""2022"", ""PYRAZINAMIDE"", ""TABLET 500 MG"", ""1575(E)"", ""25-Mar-2026"", ""₹ 5.01(1 Tablet)""]"
CEIL-0774,ceiling,PYRIDOXINE,"[""PYRIDOXINE""]",tablet,,TABLET 100 MG,[100.0],mg,tablet,1,true,6.12,1575(E),25-Mar-2026,,,2026-09-18,usable,,1 Tablet,"["""", ""774"", ""2022"", ""PYRIDOXINE"", ""TABLET 100 MG"", ""1575(E)"", ""25-Mar-2026"", ""₹ 6.12(1 Tablet)""]"
CEIL-0775,ceiling,PYRIDOXINE,"[""PYRIDOXINE""]",tablet,,TABLET 10 MG,[10.0],mg,tablet,1,true,0.11,1575(E),25-Mar-2026,,,2026-09-18,usable,,1 Tablet,"["""", ""775"", ""2022"", ""PYRIDOXINE"", ""TABLET 10 MG"", ""1575(E)"", ""25-Mar-2026"", ""₹ 0.11(1 Tablet)""]"
CEIL-0776,ceiling,QUININE,"[""QUININE""]",injection,,INJECTION 300 MG,[300.0],mg,ml,1,true,9.73,1575(E),25-Mar-2026,,,2026-09-18,usable,,1 ML,"["""", ""776"", ""2022"", ""QUININE"", ""INJECTION 300 MG"", ""1575(E)"", ""25-Mar-2026"", ""₹ 9.73(1 ML)""]"
CEIL-0777,ceiling,QUININE,"[""QUININE""]",tablet,,TABLET 300 MG,[300.0],mg,tablet,1,true,5.79,1575(E),25-Mar-2026,,,2026-09-18,usable,,1 Tablet,"["""", ""777"", ""2022"", ""QUININE"", ""TABLET 300 MG"", ""1575(E)"", ""25-Mar-2026"", ""₹ 5.79(1 Tablet)""]"
CEIL-0778,ceiling,RALTEGRAVIR,"[""RALTEGRAVIR""]",tablet,,TABLET 400 MG,[400.0],mg,tablet,1,true,151.34,1575(E),25-Mar-2026,,,2026-09-18,usable,,1 Tablet,"["""", ""778"", ""2022"", ""RALTEGRAVIR"", ""TABLET 400 MG"", ""1575(E)"", ""25-Mar-2026"", ""₹ 151.34(1 Tablet)""]"
CEIL-0779,ceiling,RAMIPRIL,"[""RAMIPRIL""]",capsule,,CAPSULE 5 MG,[5.0],mg,capsule,1,true,7.37,1575(E),25-Mar-2026,,,2026-09-18,usable,,1 Capsule,"["""", ""779"", ""2022"", ""RAMIPRIL"", ""CAPSULE 5 MG"", ""1575(E)"", ""25-Mar-2026"", ""₹ 7.37(1 Capsule)""]"
CEIL-0780,ceiling,RAMIPRIL,"[""RAMIPRIL""]",capsule,,CAPSULE 2.5 MG,[2.5],mg,capsule,1,true,4.77,1575(E),25-Mar-2026,,,2026-09-18,usable,,1 Capsule,"["""", ""780"", ""2022"", ""RAMIPRIL"", ""CAPSULE 2.5 MG"", ""1575(E)"", ""25-Mar-2026"", ""₹ 4.77(1 Capsule)""]"
CEIL-0781,ceiling,RAMIPRIL,"[""RAMIPRIL""]",tablet,,TABLET 2.5 MG,[2.5],mg,tablet,1,true,5.33,1575(E),25-Mar-2026,,,2026-09-18,usable,,1 Tablet,"["""", ""781"", ""2022"", ""RAMIPRIL"", ""TABLET 2.5 MG"", ""1575(E)"", ""25-Mar-2026"", ""₹ 5.33(1 Tablet)""]"
CEIL-0782,ceiling,RAMIPRIL,"[""RAMIPRIL""]",tablet,,TABLET 5 MG,[5.0],mg,tablet,1,true,8.37,1575(E),25-Mar-2026,,,2026-09-18,usable,,1 Tablet,"["""", ""782"", ""2022"", ""RAMIPRIL"", ""TABLET 5 MG"", ""1575(E)"", ""25-Mar-2026"", ""₹ 8.37(1 Tablet)""]"
CEIL-0783,ceiling,RIBAVIRIN,"[""RIBAVIRIN""]",capsule,,CAPSULE 200 MG,[200.0],mg,capsule,1,true,27.13,1575(E),25-Mar-2026,,,2026-09-18,usable,,1 Capsule,"["""", ""783"", ""2022"", ""RIBAVIRIN"", ""CAPSULE 200 MG"", ""1575(E)"", ""25-Mar-2026"", ""₹ 27.13(1 Capsule)""]"
CEIL-0784,ceiling,RIBOFLAVINE,"[""RIBOFLAVINE""]",tablet,,TABLET 10 MG,[10.0],mg,tablet,1,true,1.12,1575(E),25-Mar-2026,,,2026-09-18,usable,,1 Tablet,"["""", ""784"", ""2022"", ""RIBOFLAVINE"", ""TABLET 10 MG"", ""1575(E)"", ""25-Mar-2026"", ""₹ 1.12(1 Tablet)""]"
CEIL-0785,ceiling,RIFAMPICIN,"[""RIFAMPICIN""]",tablet,,TABLET 300 MG,[300.0],mg,tablet,1,true,3.72,1575(E),25-Mar-2026,,,2026-09-18,usable,,1 Tablet,"["""", ""785"", ""2022"", ""RIFAMPICIN"", ""TABLET 300 MG"", ""1575(E)"", ""25-Mar-2026"", ""₹ 3.72(1 Tablet)""]"
CEIL-0786,ceiling,RIFAMPICIN,"[""RIFAMPICIN""]",oral liquid,,ORAL LIQUID 100 MG/ 5 ML,[100.0],concentration,ml,1,true,0.48,1575(E),25-Mar-2026,,,2026-09-18,usable,,1 ML,"["""", ""786"", ""2022"", ""RIFAMPICIN"", ""ORAL LIQUID 100 MG/ 5 ML"", ""1575(E)"", ""25-Mar-2026"", ""₹ 0.48(1 ML)""]"
CEIL-0787,ceiling,RIFAMPICIN,"[""RIFAMPICIN""]",capsule,,CAPSULE 600 MG,[600.0],mg,capsule,1,true,11.64,1575(E),25-Mar-2026,,,2026-09-18,usable,,1 Capsule,"["""", ""787"", ""2022"", ""RIFAMPICIN"", ""CAPSULE 600 MG"", ""1575(E)"", ""25-Mar-2026"", ""₹ 11.64(1 Capsule)""]"
CEIL-0788,ceiling,RIFAMPICIN,"[""RIFAMPICIN""]",capsule,,CAPSULE 300 MG,[300.0],mg,capsule,1,true,4.72,1575(E),25-Mar-2026,,,2026-09-18,usable,,1 Capsule,"["""", ""788"", ""2022"", ""RIFAMPICIN"", ""CAPSULE 300 MG"", ""1575(E)"", ""25-Mar-2026"", ""₹ 4.72(1 Capsule)""]"
CEIL-0789,ceiling,RIFAMPICIN,"[""RIFAMPICIN""]",capsule,,CAPSULE 450 MG,[450.0],mg,capsule,1,true,5.81,1575(E),25-Mar-2026,,,2026-09-18,usable,,1 Capsule,"["""", ""789"", ""2022"", ""RIFAMPICIN"", ""CAPSULE 450 MG"", ""1575(E)"", ""25-Mar-2026"", ""₹ 5.81(1 Capsule)""]"
CEIL-0790,ceiling,RIFAMPICIN,"[""RIFAMPICIN""]",capsule,,CAPSULE 150 MG,[150.0],mg,capsule,1,true,2.35,1575(E),25-Mar-2026,,,2026-09-18,usable,,1 Capsule,"["""", ""790"", ""2022"", ""RIFAMPICIN"", ""CAPSULE 150 MG"", ""1575(E)"", ""25-Mar-2026"", ""₹ 2.35(1 Capsule)""]"
CEIL-0791,ceiling,RISPERIDONE,"[""RISPERIDONE""]",tablet,,TABLET 4 MG,[4.0],mg,tablet,1,true,7.54,1575(E),25-Mar-2026,,,2026-09-18,usable,,1 Tablet,"["""", ""791"", ""2022"", ""RISPERIDONE"", ""TABLET 4 MG"", ""1575(E)"", ""25-Mar-2026"", ""₹ 7.54(1 Tablet)""]"
CEIL-0792,ceiling,RISPERIDONE,"[""RISPERIDONE""]",injection,,INJECTION 25 MG,[25.0],mg,ml,1,true,1976.64,1575(E),25-Mar-2026,,,2026-09-18,usable,,1 ML,"["""", ""792"", ""2022"", ""RISPERIDONE"", ""INJECTION 25 MG"", ""1575(E)"", ""25-Mar-2026"", ""₹ 1976.64(1 ML)""]"
CEIL-0793,ceiling,RISPERIDONE,"[""RISPERIDONE""]",tablet,,TABLET 1 MG,[1.0],mg,tablet,1,true,3.10,1575(E),25-Mar-2026,,,2026-09-18,usable,,1 Tablet,"["""", ""793"", ""2022"", ""RISPERIDONE"", ""TABLET 1 MG"", ""1575(E)"", ""25-Mar-2026"", ""₹ 3.10(1 Tablet)""]"
CEIL-0794,ceiling,RISPERIDONE,"[""RISPERIDONE""]",tablet,,TABLET 2 MG,[2.0],mg,tablet,1,true,4.59,1575(E),25-Mar-2026,,,2026-09-18,usable,,1 Tablet,"["""", ""794"", ""2022"", ""RISPERIDONE"", ""TABLET 2 MG"", ""1575(E)"", ""25-Mar-2026"", ""₹ 4.59(1 Tablet)""]"
CEIL-0795,ceiling,RISPERIDONE,"[""RISPERIDONE""]",injection,,INJECTION 37.5 MG,[37.5],mg,ml,1,true,2713.02,1575(E),25-Mar-2026,,,2026-09-18,usable,,1 ML,"["""", ""795"", ""2022"", ""RISPERIDONE"", ""INJECTION 37.5 MG"", ""1575(E)"", ""25-Mar-2026"", ""₹ 2713.02(1 ML)""]"
CEIL-0796,ceiling,RISPERIDONE,"[""RISPERIDONE""]",solution,,ORAL SOLUTION 1 MG,[1.0],mg,ml,1,true,2.26,1575(E),25-Mar-2026,,,2026-09-18,usable,,1 ML,"["""", ""796"", ""2022"", ""RISPERIDONE"", ""ORAL SOLUTION 1 MG"", ""1575(E)"", ""25-Mar-2026"", ""₹ 2.26(1 ML)""]"
CEIL-0797,ceiling,RITONAVIR,"[""RITONAVIR""]",tablet,,TABLET 100 MG,[100.0],mg,tablet,1,true,29.91,1575(E),25-Mar-2026,,,2026-09-18,usable,,1 Tablet,"["""", ""797"", ""2022"", ""RITONAVIR"", ""TABLET 100 MG"", ""1575(E)"", ""25-Mar-2026"", ""₹ 29.91(1 Tablet)""]"
CEIL-0798,ceiling,RITONAVIR + LOPINAVIR,"[""LOPINAVIR"", ""RITONAVIR""]",tablet,,TABLET 50/200 MG,[200.0],mg,tablet,1,true,49.12,1575(E),25-Mar-2026,,,2026-09-18,usable,,1 Tablet,"["""", ""798"", ""2022"", ""RITONAVIR + LOPINAVIR"", ""TABLET 50/200 MG"", ""1575(E)"", ""25-Mar-2026"", ""₹ 49.12(1 Tablet)""]"
CEIL-0799,ceiling,RITUXIMAB,"[""RITUXIMAB""]",injection,,INJECTION 10 MG,[10.0],mg,ml,1,true,780.10,1575(E),25-Mar-2026,,,2026-09-18,usable,,1 ML,"["""", ""799"", ""2022"", ""RITUXIMAB"", ""INJECTION 10 MG"", ""1575(E)"", ""25-Mar-2026"", ""₹ 780.10(1 ML)""]"
CEIL-0800,ceiling,ROTAVIRUS,"[""ROTAVIRUS""]",,,VACCINE --,[],none,vial,1,true,875.09,1575(E),25-Mar-2026,,,2026-09-18,usable,,Each Vial,"["""", ""800"", ""2022"", ""ROTAVIRUS"", ""VACCINE --"", ""1575(E)"", ""25-Mar-2026"", ""₹ 875.09(Each Vial)""]"
CEIL-0801,ceiling,RUBELLA (GERMAN MEASLES),"[""RUBELLA (GERMAN MEASLES)""]",injection,,INJECTION --,[],none,vial,1,true,72.90,1575(E),25-Mar-2026,,,2026-09-18,usable,,Each Vial)( Pack,"["""", ""801"", ""2022"", ""RUBELLA (GERMAN MEASLES)"", ""INJECTION --"", ""1575(E)"", ""25-Mar-2026"", ""₹ 72.90(Each Vial)( Pack)""]"
CEIL-0802,ceiling,SALBUTAMOL,"[""SALBUTAMOL""]",tablet,,TABLET 2 MG,[2.0],mg,tablet,1,true,0.27,1575(E),25-Mar-2026,,,2026-09-18,usable,,1 Tablet)( Pack,"["""", ""802"", ""2022"", ""SALBUTAMOL"", ""TABLET 2 MG"", ""1575(E)"", ""25-Mar-2026"", ""₹ 0.27(1 Tablet)( Pack)""]"
CEIL-0803,ceiling,SALBUTAMOL,"[""SALBUTAMOL""]",syrup,,SYRUP 2 MG,[2.0],mg,ml,1,true,0.18,1575(E),25-Mar-2026,,,2026-09-18,usable,,1 ML,"["""", ""803"", ""2022"", ""SALBUTAMOL"", ""SYRUP 2 MG"", ""1575(E)"", ""25-Mar-2026"", ""₹ 0.18(1 ML)""]"
CEIL-0804,ceiling,SALBUTAMOL,"[""SALBUTAMOL""]",tablet,,TABLET 4 MG,[4.0],mg,tablet,1,true,0.33,1575(E),25-Mar-2026,,,2026-09-18,usable,,1 Tablet)( Pack,"["""", ""804"", ""2022"", ""SALBUTAMOL"", ""TABLET 4 MG"", ""1575(E)"", ""25-Mar-2026"", ""₹ 0.33(1 Tablet)( Pack)""]"
CEIL-0805,ceiling,SALBUTAMOL,"[""SALBUTAMOL""]",,,INHALER 100 MCG,[0.1],mg,dose,1,true,0.50,1575(E),25-Mar-2026,,,2026-09-18,usable,,Per Metered Dose,"["""", ""805"", ""2022"", ""SALBUTAMOL"", ""INHALER 100 MCG"", ""1575(E)"", ""25-Mar-2026"", ""₹ 0.50(Per Metered Dose)""]"
CEIL-0806,ceiling,SALBUTAMOL,"[""SALBUTAMOL""]",solution,,SOLUTION 5 MG,[5.0],mg,ml,1,true,1.05,1575(E),25-Mar-2026,,,2026-09-18,usable,,1 ML)( Pack,"["""", ""806"", ""2022"", ""SALBUTAMOL"", ""SOLUTION 5 MG"", ""1575(E)"", ""25-Mar-2026"", ""₹ 1.05(1 ML)( Pack)""]"
CEIL-0807,ceiling,SALICYLIC ACID,"[""SALICYLIC ACID""]",ointment,,OINTMENT 3 %,[],percent,gm,1,true,2.11,1575(E),25-Mar-2026,,,2026-09-18,usable,,1 GM,"["""", ""807"", ""2022"", ""SALICYLIC ACID"", ""OINTMENT 3 %"", ""1575(E)"", ""25-Mar-2026"", ""₹ 2.11(1 GM)""]"
CEIL-0808,ceiling,SALICYLIC ACID,"[""SALICYLIC ACID""]",ointment,,OINTMENT 6 %,[],percent,gm,1,true,2.07,1575(E),25-Mar-2026,,,2026-09-18,usable,,1 GM,"["""", ""808"", ""2022"", ""SALICYLIC ACID"", ""OINTMENT 6 %"", ""1575(E)"", ""25-Mar-2026"", ""₹ 2.07(1 GM)""]"
CEIL-0809,ceiling,SEVOFLURANE,"[""SEVOFLURANE""]",,,INHALER --,[],none,ml,1,true,31.92,1575(E),25-Mar-2026,,,2026-09-18,usable,,1 ML,"["""", ""809"", ""2022"", ""SEVOFLURANE"", ""INHALER --"", ""1575(E)"", ""25-Mar-2026"", ""₹ 31.92(1 ML)""]"
CEIL-0810,ceiling,Snake venom antiserum- Lyophilized polyvalent,"[""SNAKE VENOM ANTISERUM- LYOPHILIZED POLYVALENT""]",injection,,INJECTION --,[],none,vial,1,true,681.23,1575(E),25-Mar-2026,,,2026-09-18,usable,,Each Vial,"["""", ""810"", ""2022"", ""Snake venom antiserum- Lyophilized polyvalent"", ""INJECTION --"", ""1575(E)"", ""25-Mar-2026"", ""₹ 681.23(Each Vial)""]"
CEIL-0811,ceiling,Snake Venom Antiserum-Soluble/ Liquid Polyvalent,"[""SNAKE VENOM ANTISERUM-SOLUBLE/ LIQUID POLYVALENT""]",injection,,INJECTION --,[],none,vial,1,true,438.96,1575(E),25-Mar-2026,,,2026-09-18,usable,,Each Vial,"["""", ""811"", ""2022"", ""Snake Venom Antiserum-Soluble/ Liquid Polyvalent"", ""INJECTION --"", ""1575(E)"", ""25-Mar-2026"", ""₹ 438.96(Each Vial)""]"
CEIL-0812,ceiling,SODIUM BICARBONATE,"[""SODIUM BICARBONATE""]",injection,,INJECTION 7.5 %,[],percent,ml,1,true,1.04,1575(E),25-Mar-2026,,,2026-09-18,usable,,1 ML,"["""", ""812"", ""2022"", ""SODIUM BICARBONATE"", ""INJECTION 7.5 %"", ""1575(E)"", ""25-Mar-2026"", ""₹ 1.04(1 ML)""]"
CEIL-0813,ceiling,SODIUM BICARBONATE,"[""SODIUM BICARBONATE""]",injection,,INJECTION 8.4 %,[],percent,ml,1,true,1.38,1575(E),25-Mar-2026,,,2026-09-18,usable,,1 ML,"["""", ""813"", ""2022"", ""SODIUM BICARBONATE"", ""INJECTION 8.4 %"", ""1575(E)"", ""25-Mar-2026"", ""₹ 1.38(1 ML)""]"
CEIL-0814,ceiling,SODIUM NITROPRUSSIDE,"[""SODIUM NITROPRUSSIDE""]",injection,,INJECTION 10 MG,[10.0],mg,ml,1,true,29.18,1575(E),25-Mar-2026,,,2026-09-18,usable,,1 ML,"["""", ""814"", ""2022"", ""SODIUM NITROPRUSSIDE"", ""INJECTION 10 MG"", ""1575(E)"", ""25-Mar-2026"", ""₹ 29.18(1 ML)""]"
CEIL-0815,ceiling,SODIUM VALPROATE,"[""SODIUM VALPROATE""]",tablet,,TABLET 300 MG,[300.0],mg,tablet,1,true,4.57,1575(E),25-Mar-2026,,,2026-09-18,usable,,1 Tablet,"["""", ""815"", ""2022"", ""SODIUM VALPROATE"", ""TABLET 300 MG"", ""1575(E)"", ""25-Mar-2026"", ""₹ 4.57(1 Tablet)""]"
CEIL-0816,ceiling,SODIUM VALPROATE,"[""SODIUM VALPROATE""]",tablet,,TABLET 500 MG,[500.0],mg,tablet,1,true,8.31,1575(E),25-Mar-2026,,,2026-09-18,usable,,1 Tablet,"["""", ""816"", ""2022"", ""SODIUM VALPROATE"", ""TABLET 500 MG"", ""1575(E)"", ""25-Mar-2026"", ""₹ 8.31(1 Tablet)""]"
CEIL-0817,ceiling,SODIUM VALPROATE,"[""SODIUM VALPROATE""]",tablet,modified_release,MODIFIED RELEASE TABLET 300 MG,[300.0],mg,tablet,1,true,6.25,1575(E),25-Mar-2026,,,2026-09-18,usable,,1 Tablet,"["""", ""817"", ""2022"", ""SODIUM VALPROATE"", ""MODIFIED RELEASE TABLET 300 MG"", ""1575(E)"", ""25-Mar-2026"", ""₹ 6.25(1 Tablet)""]"
CEIL-0818,ceiling,SODIUM VALPROATE,"[""SODIUM VALPROATE""]",tablet,modified_release,MODIFIED RELEASE TABLET 500 MG,[500.0],mg,tablet,1,true,9.50,1575(E),25-Mar-2026,,,2026-09-18,usable,,1 Tablet,"["""", ""818"", ""2022"", ""SODIUM VALPROATE"", ""MODIFIED RELEASE TABLET 500 MG"", ""1575(E)"", ""25-Mar-2026"", ""₹ 9.50(1 Tablet)""]"
CEIL-0819,ceiling,SODIUM VALPROATE,"[""SODIUM VALPROATE""]",injection,,INJECTION 100 MG,[100.0],mg,ml,1,true,6.91,1575(E),25-Mar-2026,,,2026-09-18,usable,,1 ML,"["""", ""819"", ""2022"", ""SODIUM VALPROATE"", ""INJECTION 100 MG"", ""1575(E)"", ""25-Mar-2026"", ""₹ 6.91(1 ML)""]"
CEIL-0820,ceiling,SODIUM VALPROATE,"[""SODIUM VALPROATE""]",tablet,,TABLET 200 MG,[200.0],mg,tablet,1,true,3.67,1575(E),25-Mar-2026,,,2026-09-18,usable,,1 Tablet,"["""", ""820"", ""2022"", ""SODIUM VALPROATE"", ""TABLET 200 MG"", ""1575(E)"", ""25-Mar-2026"", ""₹ 3.67(1 Tablet)""]"
CEIL-0821,ceiling,SODIUM VALPROATE,"[""SODIUM VALPROATE""]",oral liquid,,ORAL LIQUID 200 MG/ 5 ML,[200.0],concentration,ml,1,true,0.66,1575(E),25-Mar-2026,,,2026-09-18,usable,,1 ML,"["""", ""821"", ""2022"", ""SODIUM VALPROATE"", ""ORAL LIQUID 200 MG/ 5 ML"", ""1575(E)"", ""25-Mar-2026"", ""₹ 0.66(1 ML)""]"
CEIL-0822,ceiling,SOFOSBUVIR,"[""SOFOSBUVIR""]",tablet,,TABLET 400 MG,[400.0],mg,tablet,1,true,537.72,1575(E),25-Mar-2026,,,2026-09-18,usable,,1 Tablet,"["""", ""822"", ""2022"", ""SOFOSBUVIR"", ""TABLET 400 MG"", ""1575(E)"", ""25-Mar-2026"", ""₹ 537.72(1 Tablet)""]"
CEIL-0823,ceiling,SOMATOSTATIN,"[""SOMATOSTATIN""]",powder for injection,,POWDER FOR INJECTION 3 MG,[3.0],mg,vial,1,true,1391.63,1575(E),25-Mar-2026,,,2026-09-18,usable,,Each Vial,"["""", ""823"", ""2022"", ""SOMATOSTATIN"", ""POWDER FOR INJECTION 3 MG"", ""1575(E)"", ""25-Mar-2026"", ""₹ 1391.63(Each Vial)""]"
CEIL-0824,ceiling,SPIRONOLACTONE,"[""SPIRONOLACTONE""]",tablet,,TABLET 25 MG,[25.0],mg,tablet,1,true,2.24,1575(E),25-Mar-2026,,,2026-09-18,usable,,1 Tablet,"["""", ""824"", ""2022"", ""SPIRONOLACTONE"", ""TABLET 25 MG"", ""1575(E)"", ""25-Mar-2026"", ""₹ 2.24(1 Tablet)""]"
CEIL-0825,ceiling,SPIRONOLACTONE,"[""SPIRONOLACTONE""]",tablet,,TABLET 50 MG,[50.0],mg,tablet,1,true,4.48,1575(E),25-Mar-2026,,,2026-09-18,usable,,1 Tablet,"["""", ""825"", ""2022"", ""SPIRONOLACTONE"", ""TABLET 50 MG"", ""1575(E)"", ""25-Mar-2026"", ""₹ 4.48(1 Tablet)""]"
CEIL-0826,ceiling,STREPTOKINASE,"[""STREPTOKINASE""]",injection,,INJECTION 1500000 IU,[],none,vial,1,true,1922.41,1575(E),25-Mar-2026,,,2026-09-18,usable,,Each Vial,"["""", ""826"", ""2022"", ""STREPTOKINASE"", ""INJECTION 1500000 IU"", ""1575(E)"", ""25-Mar-2026"", ""₹ 1922.41(Each Vial)""]"
CEIL-0827,ceiling,STREPTOMYCIN,"[""STREPTOMYCIN""]",powder for injection,,POWDER FOR INJECTION 1000 MG,[1000.0],mg,vial,1,true,16.68,1575(E),25-Mar-2026,,,2026-09-18,usable,,Each Vial)( Pack,"["""", ""827"", ""2022"", ""STREPTOMYCIN"", ""POWDER FOR INJECTION 1000 MG"", ""1575(E)"", ""25-Mar-2026"", ""₹ 16.68(Each Vial)( Pack)""]"
CEIL-0828,ceiling,STREPTOMYCIN,"[""STREPTOMYCIN""]",powder for injection,,POWDER FOR INJECTION 750 MG,[750.0],mg,vial,1,true,15.51,1575(E),25-Mar-2026,,,2026-09-18,usable,,Each Vial)( Pack,"["""", ""828"", ""2022"", ""STREPTOMYCIN"", ""POWDER FOR INJECTION 750 MG"", ""1575(E)"", ""25-Mar-2026"", ""₹ 15.51(Each Vial)( Pack)""]"
CEIL-0829,ceiling,SUCCINYL CHOLINE,"[""SUCCINYL CHOLINE""]",injection,,INJECTION 50 MG/ML,[50.0],concentration,ml,1,true,5.33,1575(E),25-Mar-2026,,,2026-09-18,usable,,1 ML,"["""", ""829"", ""2022"", ""SUCCINYL CHOLINE"", ""INJECTION 50 MG/ML"", ""1575(E)"", ""25-Mar-2026"", ""₹ 5.33(1 ML)""]"
CEIL-0830,ceiling,SULFASALAZINE,"[""SULFASALAZINE""]",tablet,,TABLET 500 MG,[500.0],mg,tablet,1,true,4.83,1575(E),25-Mar-2026,,,2026-09-18,usable,,1 Tablet,"["""", ""830"", ""2022"", ""SULFASALAZINE"", ""TABLET 500 MG"", ""1575(E)"", ""25-Mar-2026"", ""₹ 4.83(1 Tablet)""]"
CEIL-0831,ceiling,SUMATRIPTAN,"[""SUMATRIPTAN""]",tablet,,TABLET 50 MG,[50.0],mg,tablet,1,true,57.02,1575(E),25-Mar-2026,,,2026-09-18,usable,,1 Tablet,"["""", ""831"", ""2022"", ""SUMATRIPTAN"", ""TABLET 50 MG"", ""1575(E)"", ""25-Mar-2026"", ""₹ 57.02(1 Tablet)""]"
CEIL-0832,ceiling,SUMATRIPTAN,"[""SUMATRIPTAN""]",tablet,,TABLET 25 MG,[25.0],mg,tablet,1,true,33.28,1575(E),25-Mar-2026,,,2026-09-18,usable,,1 Tablet,"["""", ""832"", ""2022"", ""SUMATRIPTAN"", ""TABLET 25 MG"", ""1575(E)"", ""25-Mar-2026"", ""₹ 33.28(1 Tablet)""]"
CEIL-0833,ceiling,SURFACTANT,"[""SURFACTANT""]",suspension,,SUSPENSION --,[],none,other,1,false,80.89,1575(E),25-Mar-2026,,,2026-09-18,quarantined,unit_unmappable,Per mg of Phospholipids in the pack,"["""", ""833"", ""2022"", ""SURFACTANT"", ""SUSPENSION --"", ""1575(E)"", ""25-Mar-2026"", ""₹ 80.89(Per mg of Phospholipids in the pack)""]"
CEIL-0834,ceiling,TACROLIMUS,"[""TACROLIMUS""]",capsule,,CAPSULE 1 MG,[1.0],mg,capsule,1,true,41.60,1575(E),25-Mar-2026,,,2026-09-18,usable,,1 Capsule,"["""", ""834"", ""2022"", ""TACROLIMUS"", ""CAPSULE 1 MG"", ""1575(E)"", ""25-Mar-2026"", ""₹ 41.60(1 Capsule)""]"
CEIL-0835,ceiling,TACROLIMUS,"[""TACROLIMUS""]",capsule,,CAPSULE 0.5 MG,[0.5],mg,capsule,1,true,21.16,1575(E),25-Mar-2026,,,2026-09-18,usable,,1 Capsule,"["""", ""835"", ""2022"", ""TACROLIMUS"", ""CAPSULE 0.5 MG"", ""1575(E)"", ""25-Mar-2026"", ""₹ 21.16(1 Capsule)""]"
CEIL-0836,ceiling,TACROLIMUS,"[""TACROLIMUS""]",capsule,,CAPSULE 2 MG,[2.0],mg,capsule,1,true,86.37,1575(E),25-Mar-2026,,,2026-09-18,usable,,1 Capsule,"["""", ""836"", ""2022"", ""TACROLIMUS"", ""CAPSULE 2 MG"", ""1575(E)"", ""25-Mar-2026"", ""₹ 86.37(1 Capsule)""]"
CEIL-0837,ceiling,TACROLIMUS,"[""TACROLIMUS""]",tablet,,TABLET 1 MG,[1.0],mg,tablet,1,true,40.94,1575(E),25-Mar-2026,,,2026-09-18,usable,,1 Tablet,"["""", ""837"", ""2022"", ""TACROLIMUS"", ""TABLET 1 MG"", ""1575(E)"", ""25-Mar-2026"", ""₹ 40.94(1 Tablet)""]"
CEIL-0838,ceiling,TACROLIMUS,"[""TACROLIMUS""]",tablet,,TABLET 0.5 MG,[0.5],mg,tablet,1,true,21.47,1575(E),25-Mar-2026,,,2026-09-18,usable,,1 Tablet,"["""", ""838"", ""2022"", ""TACROLIMUS"", ""TABLET 0.5 MG"", ""1575(E)"", ""25-Mar-2026"", ""₹ 21.47(1 Tablet)""]"
CEIL-0839,ceiling,TACROLIMUS,"[""TACROLIMUS""]",tablet,,TABLET 2 MG,[2.0],mg,tablet,1,true,79.55,1575(E),25-Mar-2026,,,2026-09-18,usable,,1 Tablet,"["""", ""839"", ""2022"", ""TACROLIMUS"", ""TABLET 2 MG"", ""1575(E)"", ""25-Mar-2026"", ""₹ 79.55(1 Tablet)""]"
CEIL-0840,ceiling,TAMOXIFEN,"[""TAMOXIFEN""]",tablet,,TABLET 10 MG,[10.0],mg,tablet,1,true,2.26,1575(E),25-Mar-2026,,,2026-09-18,usable,,1 Tablet,"["""", ""840"", ""2022"", ""TAMOXIFEN"", ""TABLET 10 MG"", ""1575(E)"", ""25-Mar-2026"", ""₹ 2.26(1 Tablet)""]"
CEIL-0841,ceiling,TAMOXIFEN,"[""TAMOXIFEN""]",tablet,,TABLET 20 MG,[20.0],mg,tablet,1,true,3.02,1575(E),25-Mar-2026,,,2026-09-18,usable,,1 Tablet,"["""", ""841"", ""2022"", ""TAMOXIFEN"", ""TABLET 20 MG"", ""1575(E)"", ""25-Mar-2026"", ""₹ 3.02(1 Tablet)""]"
CEIL-0842,ceiling,TELMISARTAN,"[""TELMISARTAN""]",tablet,,TABLET 80 MG,[80.0],mg,tablet,1,true,10.65,1575(E),25-Mar-2026,,,2026-09-18,usable,,1 Tablet,"["""", ""842"", ""2022"", ""TELMISARTAN"", ""TABLET 80 MG"", ""1575(E)"", ""25-Mar-2026"", ""₹ 10.65(1 Tablet)""]"
CEIL-0843,ceiling,TELMISARTAN,"[""TELMISARTAN""]",tablet,,TABLET 40 MG,[40.0],mg,tablet,1,true,6.92,1575(E),25-Mar-2026,,,2026-09-18,usable,,1 Tablet,"["""", ""843"", ""2022"", ""TELMISARTAN"", ""TABLET 40 MG"", ""1575(E)"", ""25-Mar-2026"", ""₹ 6.92(1 Tablet)""]"
CEIL-0844,ceiling,TELMISARTAN,"[""TELMISARTAN""]",tablet,,TABLET 20 MG,[20.0],mg,tablet,1,true,3.98,1575(E),25-Mar-2026,,,2026-09-18,usable,,1 Tablet,"["""", ""844"", ""2022"", ""TELMISARTAN"", ""TABLET 20 MG"", ""1575(E)"", ""25-Mar-2026"", ""₹ 3.98(1 Tablet)""]"
CEIL-0845,ceiling,TEMOZOLOMIDE,"[""TEMOZOLOMIDE""]",capsule,,CAPSULE 100 MG,[100.0],mg,capsule,1,true,1544.93,1575(E),25-Mar-2026,,,2026-09-18,usable,,1 Capsule,"["""", ""845"", ""2022"", ""TEMOZOLOMIDE"", ""CAPSULE 100 MG"", ""1575(E)"", ""25-Mar-2026"", ""₹ 1544.93(1 Capsule)""]"
CEIL-0846,ceiling,TEMOZOLOMIDE,"[""TEMOZOLOMIDE""]",capsule,,CAPSULE 250 MG,[250.0],mg,capsule,1,true,4407.34,1575(E),25-Mar-2026,,,2026-09-18,usable,,1 Capsule,"["""", ""846"", ""2022"", ""TEMOZOLOMIDE"", ""CAPSULE 250 MG"", ""1575(E)"", ""25-Mar-2026"", ""₹ 4407.34(1 Capsule)""]"
CEIL-0847,ceiling,TEMOZOLOMIDE,"[""TEMOZOLOMIDE""]",tablet,,TABLET 250 MG,[250.0],mg,tablet,1,true,3848.38,1575(E),25-Mar-2026,,,2026-09-18,usable,,1 Tablet,"["""", ""847"", ""2022"", ""TEMOZOLOMIDE"", ""TABLET 250 MG"", ""1575(E)"", ""25-Mar-2026"", ""₹ 3848.38(1 Tablet)""]"
CEIL-0848,ceiling,TEMOZOLOMIDE,"[""TEMOZOLOMIDE""]",capsule,,CAPSULE 20 MG,[20.0],mg,capsule,1,true,451.93,1575(E),25-Mar-2026,,,2026-09-18,usable,,1 Capsule,"["""", ""848"", ""2022"", ""TEMOZOLOMIDE"", ""CAPSULE 20 MG"", ""1575(E)"", ""25-Mar-2026"", ""₹ 451.93(1 Capsule)""]"
CEIL-0849,ceiling,TEMOZOLOMIDE,"[""TEMOZOLOMIDE""]",tablet,,TABLET 20 MG,[20.0],mg,tablet,1,true,344.72,1575(E),25-Mar-2026,,,2026-09-18,usable,,1 Tablet,"["""", ""849"", ""2022"", ""TEMOZOLOMIDE"", ""TABLET 20 MG"", ""1575(E)"", ""25-Mar-2026"", ""₹ 344.72(1 Tablet)""]"
CEIL-0850,ceiling,TENECTEPLASE,"[""TENECTEPLASE""]",injection,,INJECTION 30 MG,[30.0],mg,vial,1,true,37796.29,1575(E),25-Mar-2026,,,2026-09-18,usable,,Each Vial,"["""", ""850"", ""2022"", ""TENECTEPLASE"", ""INJECTION 30 MG"", ""1575(E)"", ""25-Mar-2026"", ""₹ 37796.29(Each Vial)""]"
CEIL-0851,ceiling,TENECTEPLASE,"[""TENECTEPLASE""]",injection,,INJECTION 40 MG,[40.0],mg,vial,1,true,51599.61,1575(E),25-Mar-2026,,,2026-09-18,usable,,Each Vial,"["""", ""851"", ""2022"", ""TENECTEPLASE"", ""INJECTION 40 MG"", ""1575(E)"", ""25-Mar-2026"", ""₹ 51599.61(Each Vial)""]"
CEIL-0852,ceiling,TENELIGLIPTIN,"[""TENELIGLIPTIN""]",tablet,,TABLET 20 MG,[20.0],mg,tablet,1,true,11.35,1575(E),25-Mar-2026,,,2026-09-18,usable,,1 Tablet,"["""", ""852"", ""2022"", ""TENELIGLIPTIN"", ""TABLET 20 MG"", ""1575(E)"", ""25-Mar-2026"", ""₹ 11.35(1 Tablet)""]"
CEIL-0853,ceiling,TENOFOVIR,"[""TENOFOVIR""]",tablet,,TABLET 300 MG,[300.0],mg,tablet,1,true,46.94,1575(E),25-Mar-2026,,,2026-09-18,usable,,1 Tablet,"["""", ""853"", ""2022"", ""TENOFOVIR"", ""TABLET 300 MG"", ""1575(E)"", ""25-Mar-2026"", ""₹ 46.94(1 Tablet)""]"
CEIL-0854,ceiling,TENOFOVIR ALAFENAMIDE,"[""TENOFOVIR ALAFENAMIDE""]",tablet,,TABLET 25 MG,[25.0],mg,tablet,1,true,50.04,1575(E),25-Mar-2026,,,2026-09-18,usable,,1 Tablet,"["""", ""854"", ""2022"", ""TENOFOVIR ALAFENAMIDE"", ""TABLET 25 MG"", ""1575(E)"", ""25-Mar-2026"", ""₹ 50.04(1 Tablet)""]"
CEIL-0855,ceiling,TENOFOVIR (A)+LAMIVUDINE (B),"[""LAMIVUDINE"", ""TENOFOVIR""]",tablet,,TABLET 300 MG(A) + 300 MG(B),"[300.0, 300.0]",mg,tablet,1,true,46.67,1575(E),25-Mar-2026,,,2026-09-18,usable,,1 Tablet,"["""", ""855"", ""2022"", ""TENOFOVIR (A)+LAMIVUDINE (B)"", ""TABLET 300 MG(A) + 300\nMG(B)"", ""1575(E)"", ""25-Mar-2026"", ""₹ 46.67(1 Tablet)""]"
CEIL-0856,ceiling,TENOFOVIR (A)+LAMIVUDINE (B) + EFAVIRENZ (C),"[""EFAVIRENZ"", ""LAMIVUDINE"", ""TENOFOVIR""]",tablet,,TABLET 300 MG(A) + 300 MG(B) + 600 MG�,"[300.0, 300.0, 600.0]",mg,tablet,1,true,105.31,1575(E),25-Mar-2026,,,2026-09-18,usable,,1 Tablet,"["""", ""856"", ""2022"", ""TENOFOVIR (A)+LAMIVUDINE (B) +\nEFAVIRENZ (C)"", ""TABLET 300 MG(A) + 300\nMG(B) + 600 MG�"", ""1575(E)"", ""25-Mar-2026"", ""₹ 105.31(1 Tablet)""]"
CEIL-0857,ceiling,TERBINAFINE,"[""TERBINAFINE""]",cream,,CREAM 1 %,[],percent,gm,1,true,5.38,1575(E),25-Mar-2026,,,2026-09-18,usable,,1 GM,"["""", ""857"", ""2022"", ""TERBINAFINE"", ""CREAM 1 %"", ""1575(E)"", ""25-Mar-2026"", ""₹ 5.38(1 GM)""]"
CEIL-0858,ceiling,TETANUS,"[""TETANUS""]",injection,,INJECTION 0.5 ML,[],none,ml,5,true,26.14,1575(E),25-Mar-2026,,,2026-09-18,usable,,Each Pack (5 ml),"["""", ""858"", ""2022"", ""TETANUS"", ""INJECTION 0.5 ML"", ""1575(E)"", ""25-Mar-2026"", ""₹ 26.14(Each Pack (5 ml))""]"
CEIL-0859,ceiling,TETANUS,"[""TETANUS""]",injection,,INJECTION 250 IU,[],none,vial,1,true,1274.68,1575(E),25-Mar-2026,,,2026-09-18,usable,,Each Vial)( Pack,"["""", ""859"", ""2022"", ""TETANUS"", ""INJECTION 250 IU"", ""1575(E)"", ""25-Mar-2026"", ""₹ 1274.68(Each Vial)( Pack)""]"
CEIL-0860,ceiling,TETANUS,"[""TETANUS""]",injection,,INJECTION 500 IU,[],none,vial,1,true,1920.79,1575(E),25-Mar-2026,,,2026-09-18,usable,,Each Vial)( Pack,"["""", ""860"", ""2022"", ""TETANUS"", ""INJECTION 500 IU"", ""1575(E)"", ""25-Mar-2026"", ""₹ 1920.79(Each Vial)( Pack)""]"
CEIL-0861,ceiling,TETANUS,"[""TETANUS""]",injection,,INJECTION 0.5 ML,[],none,vial,1,true,12.77,1575(E),25-Mar-2026,,,2026-09-18,usable,,Each Vial,"["""", ""861"", ""2022"", ""TETANUS"", ""INJECTION 0.5 ML"", ""1575(E)"", ""25-Mar-2026"", ""₹ 12.77(Each Vial)""]"
CEIL-0862,ceiling,TETANUS,"[""TETANUS""]",injection,,INJECTION 1000 IU,[],none,vial,1,true,2748.64,1575(E),25-Mar-2026,,,2026-09-18,usable,,Each Vial)( Pack,"["""", ""862"", ""2022"", ""TETANUS"", ""INJECTION 1000 IU"", ""1575(E)"", ""25-Mar-2026"", ""₹ 2748.64(Each Vial)( Pack)""]"
CEIL-0863,ceiling,THALIDOMIDE,"[""THALIDOMIDE""]",capsule,,CAPSULE 100 MG,[100.0],mg,capsule,1,true,63.50,1575(E),25-Mar-2026,,,2026-09-18,usable,,1 Capsule,"["""", ""863"", ""2022"", ""THALIDOMIDE"", ""CAPSULE 100 MG"", ""1575(E)"", ""25-Mar-2026"", ""₹ 63.50(1 Capsule)""]"
CEIL-0864,ceiling,THALIDOMIDE,"[""THALIDOMIDE""]",capsule,,CAPSULE 50 MG,[50.0],mg,capsule,1,true,31.91,1575(E),25-Mar-2026,,,2026-09-18,usable,,1 Capsule,"["""", ""864"", ""2022"", ""THALIDOMIDE"", ""CAPSULE 50 MG"", ""1575(E)"", ""25-Mar-2026"", ""₹ 31.91(1 Capsule)""]"
CEIL-0865,ceiling,THIAMINE,"[""THIAMINE""]",tablet,,TABLET 100 MG,[100.0],mg,tablet,1,true,4.57,1575(E),25-Mar-2026,,,2026-09-18,usable,,1 Tablet,"["""", ""865"", ""2022"", ""THIAMINE"", ""TABLET 100 MG"", ""1575(E)"", ""25-Mar-2026"", ""₹ 4.57(1 Tablet)""]"
CEIL-0866,ceiling,THIOPENTAL SODIUM,"[""THIOPENTAL SODIUM""]",injection,,INJECTION 500 MG,[500.0],mg,vial,1,true,46.79,1575(E),25-Mar-2026,,,2026-09-18,usable,,Each Vial,"["""", ""866"", ""2022"", ""THIOPENTAL SODIUM"", ""INJECTION 500 MG"", ""1575(E)"", ""25-Mar-2026"", ""₹ 46.79(Each Vial)""]"
CEIL-0867,ceiling,THIOPENTAL SODIUM,"[""THIOPENTAL SODIUM""]",injection,,INJECTION 1000 MG,[1000.0],mg,vial,1,true,56.65,1575(E),25-Mar-2026,,,2026-09-18,usable,,Each Vial,"["""", ""867"", ""2022"", ""THIOPENTAL SODIUM"", ""INJECTION 1000 MG"", ""1575(E)"", ""25-Mar-2026"", ""₹ 56.65(Each Vial)""]"
CEIL-0868,ceiling,TIMOLOL,"[""TIMOLOL""]",drops,,DROPS 0.5 %,[],percent,ml,1,true,13.72,1575(E),25-Mar-2026,,,2026-09-18,usable,,1 ML,"["""", ""868"", ""2022"", ""TIMOLOL"", ""DROPS 0.5 %"", ""1575(E)"", ""25-Mar-2026"", ""₹ 13.72(1 ML)""]"
CEIL-0869,ceiling,TIOTROPIUM,"[""TIOTROPIUM""]",,,INHALER 9 MCG,[0.009],mg,dose,1,true,2.85,1575(E),25-Mar-2026,,,2026-09-18,usable,,Per Metered Dose,"["""", ""869"", ""2022"", ""TIOTROPIUM"", ""INHALER 9 MCG"", ""1575(E)"", ""25-Mar-2026"", ""₹ 2.85(Per Metered Dose)""]"
CEIL-0870,ceiling,TIOTROPIUM,"[""TIOTROPIUM""]",,,INHALER 18 MCG,[0.018],mg,dose,1,true,10.97,1575(E),25-Mar-2026,,,2026-09-18,usable,,Per Dose,"["""", ""870"", ""2022"", ""TIOTROPIUM"", ""INHALER 18 MCG"", ""1575(E)"", ""25-Mar-2026"", ""₹ 10.97(Per Dose)""]"
CEIL-0871,ceiling,TRAMADOL,"[""TRAMADOL""]",injection,,INJECTION 50 MG,[50.0],mg,ml,1,true,12.07,1575(E),25-Mar-2026,,,2026-09-18,usable,,1 ML,"["""", ""871"", ""2022"", ""TRAMADOL"", ""INJECTION 50 MG"", ""1575(E)"", ""25-Mar-2026"", ""₹ 12.07(1 ML)""]"
CEIL-0872,ceiling,TRAMADOL,"[""TRAMADOL""]",tablet,,TABLET 50 MG,[50.0],mg,tablet,1,true,9.93,1575(E),25-Mar-2026,,,2026-09-18,usable,,1 Tablet,"["""", ""872"", ""2022"", ""TRAMADOL"", ""TABLET 50 MG"", ""1575(E)"", ""25-Mar-2026"", ""₹ 9.93(1 Tablet)""]"
CEIL-0873,ceiling,TRAMADOL,"[""TRAMADOL""]",capsule,,CAPSULE 50 MG,[50.0],mg,capsule,1,true,4.93,1575(E),25-Mar-2026,,,2026-09-18,usable,,1 Capsule,"["""", ""873"", ""2022"", ""TRAMADOL"", ""CAPSULE 50 MG"", ""1575(E)"", ""25-Mar-2026"", ""₹ 4.93(1 Capsule)""]"
CEIL-0874,ceiling,TRAMADOL,"[""TRAMADOL""]",tablet,,TABLET 100 MG,[100.0],mg,tablet,1,true,25.07,1575(E),25-Mar-2026,,,2026-09-18,usable,,1 Tablet,"["""", ""874"", ""2022"", ""TRAMADOL"", ""TABLET 100 MG"", ""1575(E)"", ""25-Mar-2026"", ""₹ 25.07(1 Tablet)""]"
CEIL-0875,ceiling,TRAMADOL,"[""TRAMADOL""]",capsule,,CAPSULE 100 MG,[100.0],mg,capsule,1,true,9.26,1575(E),25-Mar-2026,,,2026-09-18,usable,,1 Capsule,"["""", ""875"", ""2022"", ""TRAMADOL"", ""CAPSULE 100 MG"", ""1575(E)"", ""25-Mar-2026"", ""₹ 9.26(1 Capsule)""]"
CEIL-0876,ceiling,TRANEXAMIC ACID,"[""TRANEXAMIC ACID""]",injection,,INJECTION 100 MG/ML,[100.0],concentration,ml,1,true,14.04,1575(E),25-Mar-2026,,,2026-09-18,usable,,1 ML,"["""", ""876"", ""2022"", ""TRANEXAMIC ACID"", ""INJECTION 100 MG/ML"", ""1575(E)"", ""25-Mar-2026"", ""₹ 14.04(1 ML)""]"
CEIL-0877,ceiling,TRANEXAMIC ACID,"[""TRANEXAMIC ACID""]",tablet,,TABLET 500 MG,[500.0],mg,tablet,1,true,18.98,1575(E),25-Mar-2026,,,2026-09-18,usable,,1 Tablet,"["""", ""877"", ""2022"", ""TRANEXAMIC ACID"", ""TABLET 500 MG"", ""1575(E)"", ""25-Mar-2026"", ""₹ 18.98(1 Tablet)""]"
CEIL-0878,ceiling,TRASTUZUMAB,"[""TRASTUZUMAB""]",injection,,INJECTION 440 MG/ 50 ML,[440.0],concentration,vial,1,true,56039.23,1575(E),25-Mar-2026,,,2026-09-18,usable,,Each Vial,"["""", ""878"", ""2022"", ""TRASTUZUMAB"", ""INJECTION 440 MG/ 50 ML"", ""1575(E)"", ""25-Mar-2026"", ""₹ 56039.23(Each Vial)""]"
CEIL-0879,ceiling,TRIHEXYPHENIDYL,"[""TRIHEXYPHENIDYL""]",tablet,,TABLET 2 MG,[2.0],mg,tablet,1,true,1.40,1575(E),25-Mar-2026,,,2026-09-18,usable,,1 Tablet,"["""", ""879"", ""2022"", ""TRIHEXYPHENIDYL"", ""TABLET 2 MG"", ""1575(E)"", ""25-Mar-2026"", ""₹ 1.40(1 Tablet)""]"
CEIL-0880,ceiling,TRIMETHOPRIM + SULPHAMETHOXAZOLE,"[""SULPHAMETHOXAZOLE"", ""TRIMETHOPRIM""]",suspension,,SUSPENSION 200/40 MG,[40.0],mg,ml,1,true,0.36,1575(E),25-Mar-2026,,,2026-09-18,usable,,1 ML,"["""", ""880"", ""2022"", ""TRIMETHOPRIM + SULPHAMETHOXAZOLE"", ""SUSPENSION 200/40 MG"", ""1575(E)"", ""25-Mar-2026"", ""₹ 0.36(1 ML)""]"
CEIL-0881,ceiling,TROPICAMIDE EYE DROPS / OINTMENT,"[""TROPICAMIDE EYE DROPS / OINTMENT""]",drops,,DROPS 1 %,[],percent,ml,1,true,9.65,1575(E),25-Mar-2026,,,2026-09-18,usable,,1 ML,"["""", ""881"", ""2022"", ""TROPICAMIDE EYE DROPS / OINTMENT"", ""DROPS 1 %"", ""1575(E)"", ""25-Mar-2026"", ""₹ 9.65(1 ML)""]"
CEIL-0882,ceiling,UNFRACTIONATED HEPARINS - SYSTEMIC,"[""UNFRACTIONATED HEPARINS - SYSTEMIC""]",injection,,INJECTION 5000 IU,[],none,ml,1,true,61.40,1575(E),25-Mar-2026,,,2026-09-18,usable,,1 ML,"["""", ""882"", ""2022"", ""UNFRACTIONATED HEPARINS - SYSTEMIC"", ""INJECTION 5000 IU"", ""1575(E)"", ""25-Mar-2026"", ""₹ 61.40(1 ML)""]"
CEIL-0883,ceiling,VALGANCICLOVIR,"[""VALGANCICLOVIR""]",tablet,,TABLET 450 MG,[450.0],mg,tablet,1,true,418.08,1575(E),25-Mar-2026,,,2026-09-18,usable,,1 Tablet)( Pack,"["""", ""883"", ""2022"", ""VALGANCICLOVIR"", ""TABLET 450 MG"", ""1575(E)"", ""25-Mar-2026"", ""₹ 418.08(1 Tablet)( Pack)""]"
CEIL-0884,ceiling,VANCOMYCIN,"[""VANCOMYCIN""]",injection,,INJECTION 1000 MG,[1000.0],mg,vial,1,true,481.55,1575(E),25-Mar-2026,,,2026-09-18,usable,,Each Vial,"["""", ""884"", ""2022"", ""VANCOMYCIN"", ""INJECTION 1000 MG"", ""1575(E)"", ""25-Mar-2026"", ""₹ 481.55(Each Vial)""]"
CEIL-0885,ceiling,VANCOMYCIN,"[""VANCOMYCIN""]",capsule,,CAPSULE 250 MG,[250.0],mg,capsule,1,true,156.04,1575(E),25-Mar-2026,,,2026-09-18,usable,,1 Capsule,"["""", ""885"", ""2022"", ""VANCOMYCIN"", ""CAPSULE 250 MG"", ""1575(E)"", ""25-Mar-2026"", ""₹ 156.04(1 Capsule)""]"
CEIL-0886,ceiling,VANCOMYCIN,"[""VANCOMYCIN""]",injection,,INJECTION 500 MG,[500.0],mg,vial,1,true,325.26,1575(E),25-Mar-2026,,,2026-09-18,usable,,Each Vial,"["""", ""886"", ""2022"", ""VANCOMYCIN"", ""INJECTION 500 MG"", ""1575(E)"", ""25-Mar-2026"", ""₹ 325.26(Each Vial)""]"
CEIL-0887,ceiling,VANCOMYCIN,"[""VANCOMYCIN""]",injection,,INJECTION 250 MG,[250.0],mg,vial,1,true,257.28,1575(E),25-Mar-2026,,,2026-09-18,usable,,Each Vial,"["""", ""887"", ""2022"", ""VANCOMYCIN"", ""INJECTION 250 MG"", ""1575(E)"", ""25-Mar-2026"", ""₹ 257.28(Each Vial)""]"
CEIL-0888,ceiling,VECURONIUM,"[""VECURONIUM""]",powder for injection,,POWDER FOR INJECTION 4 MG,[4.0],mg,vial,1,true,76.18,1575(E),25-Mar-2026,,,2026-09-18,usable,,Each Vial,"["""", ""888"", ""2022"", ""VECURONIUM"", ""POWDER FOR INJECTION 4 MG"", ""1575(E)"", ""25-Mar-2026"", ""₹ 76.18(Each Vial)""]"
CEIL-0889,ceiling,VECURONIUM,"[""VECURONIUM""]",powder for injection,,POWDER FOR INJECTION 10 MG,[10.0],mg,vial,1,true,120.18,1575(E),25-Mar-2026,,,2026-09-18,usable,,Each Vial,"["""", ""889"", ""2022"", ""VECURONIUM"", ""POWDER FOR INJECTION 10 MG"", ""1575(E)"", ""25-Mar-2026"", ""₹ 120.18(Each Vial)""]"
CEIL-0890,ceiling,VERAPAMIL,"[""VERAPAMIL""]",tablet,,TABLET 40 MG,[40.0],mg,tablet,1,true,0.88,1575(E),25-Mar-2026,,,2026-09-18,usable,,1 Tablet,"["""", ""890"", ""2022"", ""VERAPAMIL"", ""TABLET 40 MG"", ""1575(E)"", ""25-Mar-2026"", ""₹ 0.88(1 Tablet)""]"
CEIL-0891,ceiling,VERAPAMIL,"[""VERAPAMIL""]",tablet,,TABLET 80 MG,[80.0],mg,tablet,1,true,1.63,1575(E),25-Mar-2026,,,2026-09-18,usable,,1 Tablet,"["""", ""891"", ""2022"", ""VERAPAMIL"", ""TABLET 80 MG"", ""1575(E)"", ""25-Mar-2026"", ""₹ 1.63(1 Tablet)""]"
CEIL-0892,ceiling,VINCRISTINE,"[""VINCRISTINE""]",injection,,INJECTION 1 MG,[1.0],mg,ml,1,true,58.90,1575(E),25-Mar-2026,,,2026-09-18,usable,,1 ML,"["""", ""892"", ""2022"", ""VINCRISTINE"", ""INJECTION 1 MG"", ""1575(E)"", ""25-Mar-2026"", ""₹ 58.90(1 ML)""]"
CEIL-0893,ceiling,VITAMIN A,"[""VITAMIN A""]",injection,,INJECTION 50000 IU,[],none,ml,1,true,2.31,1575(E),25-Mar-2026,,,2026-09-18,usable,,1 ML,"["""", ""893"", ""2022"", ""VITAMIN A"", ""INJECTION 50000 IU"", ""1575(E)"", ""25-Mar-2026"", ""₹ 2.31(1 ML)""]"
CEIL-0894,ceiling,VITAMIN A,"[""VITAMIN A""]",tablet,,TABLET 50000 IU,[],none,tablet,1,true,0.74,1575(E),25-Mar-2026,,,2026-09-18,usable,,1 Tablet,"["""", ""894"", ""2022"", ""VITAMIN A"", ""TABLET 50000 IU"", ""1575(E)"", ""25-Mar-2026"", ""₹ 0.74(1 Tablet)""]"
CEIL-0895,ceiling,VITAMIN B1 PLAIN (WITH ADDITIVES),"[""VITAMIN B1 PLAIN (WITH ADDITIVES)""]",injection,,INJECTION 100 MG,[100.0],mg,ml,1,true,27.34,1575(E),25-Mar-2026,,,2026-09-18,usable,,1 ML)( Pack,"["""", ""895"", ""2022"", ""VITAMIN B1 PLAIN (WITH ADDITIVES)"", ""INJECTION 100 MG"", ""1575(E)"", ""25-Mar-2026"", ""₹ 27.34(1 ML)( Pack)""]"
CEIL-0896,ceiling,VITAMIN D3 (CHOLECALCIFEROL),"[""VITAMIN D3 (CHOLECALCIFEROL)""]",capsule,,CAPSULE 60000 IU,[],none,capsule,1,true,31.52,1575(E),25-Mar-2026,,,2026-09-18,usable,,1 Capsule,"["""", ""896"", ""2022"", ""VITAMIN D3 (CHOLECALCIFEROL)"", ""CAPSULE 60000 IU"", ""1575(E)"", ""25-Mar-2026"", ""₹ 31.52(1 Capsule)""]"
CEIL-0897,ceiling,VITAMIN D3 (CHOLECALCIFEROL),"[""VITAMIN D3 (CHOLECALCIFEROL)""]",,,GRANULES 60000 IU,[],none,gm,1,true,34.79,1575(E),25-Mar-2026,,,2026-09-18,usable,,1 GM,"["""", ""897"", ""2022"", ""VITAMIN D3 (CHOLECALCIFEROL)"", ""GRANULES 60000 IU"", ""1575(E)"", ""25-Mar-2026"", ""₹ 34.79(1 GM)""]"
CEIL-0898,ceiling,VITAMIN D3 (CHOLECALCIFEROL),"[""VITAMIN D3 (CHOLECALCIFEROL)""]",capsule,,CAPSULE 1000 IU,[],none,capsule,1,true,5.01,1575(E),25-Mar-2026,,,2026-09-18,usable,,1 Capsule,"["""", ""898"", ""2022"", ""VITAMIN D3 (CHOLECALCIFEROL)"", ""CAPSULE 1000 IU"", ""1575(E)"", ""25-Mar-2026"", ""₹ 5.01(1 Capsule)""]"
CEIL-0899,ceiling,VITAMIN D3 (CHOLECALCIFEROL),"[""VITAMIN D3 (CHOLECALCIFEROL)""]",tablet,,TABLET 1000 IU,[],none,tablet,1,true,4.42,1575(E),25-Mar-2026,,,2026-09-18,usable,,1 Tablet,"["""", ""899"", ""2022"", ""VITAMIN D3 (CHOLECALCIFEROL)"", ""TABLET 1000 IU"", ""1575(E)"", ""25-Mar-2026"", ""₹ 4.42(1 Tablet)""]"
CEIL-0900,ceiling,VITAMIN D3 (CHOLECALCIFEROL),"[""VITAMIN D3 (CHOLECALCIFEROL)""]",syrup,,SYRUP 400 IU,[],none,ml,1,true,2.68,1575(E),25-Mar-2026,,,2026-09-18,usable,,1 ML,"["""", ""900"", ""2022"", ""VITAMIN D3 (CHOLECALCIFEROL)"", ""SYRUP 400 IU"", ""1575(E)"", ""25-Mar-2026"", ""₹ 2.68(1 ML)""]"
CEIL-0901,ceiling,VITAMIN D3 (CHOLECALCIFEROL),"[""VITAMIN D3 (CHOLECALCIFEROL)""]",tablet,,TABLET 60000 IU,[],none,tablet,1,true,23.04,1575(E),25-Mar-2026,,,2026-09-18,usable,,1 Tablet,"["""", ""901"", ""2022"", ""VITAMIN D3 (CHOLECALCIFEROL)"", ""TABLET 60000 IU"", ""1575(E)"", ""25-Mar-2026"", ""₹ 23.04(1 Tablet)""]"
CEIL-0902,ceiling,VITAMIN D3 (CHOLECALCIFEROL),"[""VITAMIN D3 (CHOLECALCIFEROL)""]",,,GRANULES 1000 IU,[],none,gm,1,true,23.69,1575(E),25-Mar-2026,,,2026-09-18,usable,,1 GM,"["""", ""902"", ""2022"", ""VITAMIN D3 (CHOLECALCIFEROL)"", ""GRANULES 1000 IU"", ""1575(E)"", ""25-Mar-2026"", ""₹ 23.69(1 GM)""]"
CEIL-0903,ceiling,WARFARIN,"[""WARFARIN""]",tablet,,TABLET 1 MG,[1.0],mg,tablet,1,true,2.52,1575(E),25-Mar-2026,,,2026-09-18,usable,,1 Tablet,"["""", ""903"", ""2022"", ""WARFARIN"", ""TABLET 1 MG"", ""1575(E)"", ""25-Mar-2026"", ""₹ 2.52(1 Tablet)""]"
CEIL-0904,ceiling,WARFARIN,"[""WARFARIN""]",tablet,,TABLET 5 MG,[5.0],mg,tablet,1,true,2.46,1575(E),25-Mar-2026,,,2026-09-18,usable,,1 Tablet,"["""", ""904"", ""2022"", ""WARFARIN"", ""TABLET 5 MG"", ""1575(E)"", ""25-Mar-2026"", ""₹ 2.46(1 Tablet)""]"
CEIL-0905,ceiling,WARFARIN,"[""WARFARIN""]",tablet,,TABLET 3 MG,[3.0],mg,tablet,1,true,3.26,1575(E),25-Mar-2026,,,2026-09-18,usable,,1 Tablet,"["""", ""905"", ""2022"", ""WARFARIN"", ""TABLET 3 MG"", ""1575(E)"", ""25-Mar-2026"", ""₹ 3.26(1 Tablet)""]"
CEIL-0906,ceiling,WARFARIN,"[""WARFARIN""]",tablet,,TABLET 2 MG,[2.0],mg,tablet,1,true,2.79,1575(E),25-Mar-2026,,,2026-09-18,usable,,1 Tablet,"["""", ""906"", ""2022"", ""WARFARIN"", ""TABLET 2 MG"", ""1575(E)"", ""25-Mar-2026"", ""₹ 2.79(1 Tablet)""]"
CEIL-0907,ceiling,WATER FOR INJECTION,"[""WATER FOR INJECTION""]",injection,,INJECTION --,[],none,ml,10,true,2.48,1575(E),25-Mar-2026,,,2026-09-18,usable,,10 ml Pack)( Pack,"["""", ""907"", ""2022"", ""WATER FOR INJECTION"", ""INJECTION --"", ""1575(E)"", ""25-Mar-2026"", ""₹ 2.48(10 ml Pack)( Pack)""]"
CEIL-0908,ceiling,XYLOMETAZOLINE,"[""XYLOMETAZOLINE""]",drops,,NASAL DROPS 0.05 %,[],percent,ml,1,true,4.29,1575(E),25-Mar-2026,,,2026-09-18,usable,,1 ML,"["""", ""908"", ""2022"", ""XYLOMETAZOLINE"", ""NASAL DROPS 0.05 %"", ""1575(E)"", ""25-Mar-2026"", ""₹ 4.29(1 ML)""]"
CEIL-0909,ceiling,XYLOMETAZOLINE,"[""XYLOMETAZOLINE""]",drops,,NASAL DROPS 0.1 %,[],percent,ml,1,true,5.24,1575(E),25-Mar-2026,,,2026-09-18,usable,,1 ML,"["""", ""909"", ""2022"", ""XYLOMETAZOLINE"", ""NASAL DROPS 0.1 %"", ""1575(E)"", ""25-Mar-2026"", ""₹ 5.24(1 ML)""]"
CEIL-0910,ceiling,ZIDOVUDINE,"[""ZIDOVUDINE""]",tablet,,TABLET 300 MG,[300.0],mg,tablet,1,true,13.92,1575(E),25-Mar-2026,,,2026-09-18,usable,,1 Tablet,"["""", ""910"", ""2022"", ""ZIDOVUDINE"", ""TABLET 300 MG"", ""1575(E)"", ""25-Mar-2026"", ""₹ 13.92(1 Tablet)""]"
CEIL-0911,ceiling,ZIDOVUDINE (A) + LAMIVUDINE (B) + NEVIRAPINE (C),"[""LAMIVUDINE"", ""NEVIRAPINE"", ""ZIDOVUDINE""]",tablet,,TABLET 300 MG(A) + 150 MG(B) + 200 MG(C),"[300.0, 150.0, 200.0]",mg,tablet,1,true,21.64,1575(E),25-Mar-2026,,,2026-09-18,usable,,1 Tablet,"["""", ""911"", ""2022"", ""ZIDOVUDINE (A) + LAMIVUDINE (B) +\nNEVIRAPINE (C)"", ""TABLET 300 MG(A) + 150 MG(B) + 200 MG(C)"", ""1575(E)"", ""25-Mar-2026"", ""₹ 21.64(1 Tablet)""]"
CEIL-0912,ceiling,ZINC SULPHATE,"[""ZINC SULPHATE""]",tablet,dispersible,DISPERSIBLE TABLET 20 MG,[20.0],mg,tablet,1,true,3.49,1575(E),25-Mar-2026,,,2026-09-18,usable,,1 Tablet,"["""", ""912"", ""2022"", ""ZINC SULPHATE"", ""DISPERSIBLE TABLET 20 MG"", ""1575(E)"", ""25-Mar-2026"", ""₹ 3.49(1 Tablet)""]"
CEIL-0913,ceiling,ZOLEDRONIC ACID,"[""ZOLEDRONIC ACID""]",powder for injection,,POWDER FOR INJECTION 4 MG,[4.0],mg,vial,1,true,2449.49,1575(E),25-Mar-2026,,,2026-09-18,usable,,Each Vial,"["""", ""913"", ""2022"", ""ZOLEDRONIC ACID"", ""POWDER FOR INJECTION 4 MG"", ""1575(E)"", ""25-Mar-2026"", ""₹ 2449.49(Each Vial)""]"
CEIL-0914,ceiling,ZOLPIDEM,"[""ZOLPIDEM""]",tablet,,TABLET 10 MG,[10.0],mg,tablet,1,true,8.72,1575(E),25-Mar-2026,,,2026-09-18,usable,,1 Tablet,"["""", ""914"", ""2022"", ""ZOLPIDEM"", ""TABLET 10 MG"", ""1575(E)"", ""25-Mar-2026"", ""₹ 8.72(1 Tablet)""]"
CEIL-0915,ceiling,ZOLPIDEM,"[""ZOLPIDEM""]",tablet,,TABLET 5 MG,[5.0],mg,tablet,1,true,6.36,1575(E),25-Mar-2026,,,2026-09-18,usable,,1 Tablet,"["""", ""915"", ""2022"", ""ZOLPIDEM"", ""TABLET 5 MG"", ""1575(E)"", ""25-Mar-2026"", ""₹ 6.36(1 Tablet)""]"
SPEC-01,special_feature,Ringer Lactate,"[""RINGER LACTATE""]",injection,,Injection 1000 ml,[],none,ml,1000,true,116.95,1584(E),25-Mar-2026,,,2026-09-18,usable,,Each 1000 ml pack having special features,"[""1"", ""Ringer Lactate"", ""Injection 1000 ml"", ""1584(E)"", ""25-Mar-2026"", ""116.95(Each 1000 ml pack having special features)""]"
SPEC-02,special_feature,Ringer Lactate,"[""RINGER LACTATE""]",injection,,Injection 500 ml,[],none,ml,500,true,66.52,1584(E),25-Mar-2026,,,2026-09-18,usable,,Each 500 ml pack having special features,"[""2"", ""Ringer Lactate"", ""Injection 500 ml"", ""1584(E)"", ""25-Mar-2026"", ""66.52(Each 500 ml pack having special features)""]"
SPEC-03,special_feature,Ringer Lactate,"[""RINGER LACTATE""]",injection,,Injection 100 ml,[],none,ml,100,true,30.62,1584(E),25-Mar-2026,,,2026-09-18,usable,,Each 100 ml pack having special features,"[""3"", ""Ringer Lactate"", ""Injection 100 ml"", ""1584(E)"", ""25-Mar-2026"", ""30.62(Each 100 ml pack having special features)""]"
SPEC-04,special_feature,Ringer Lactate,"[""RINGER LACTATE""]",injection,,Injection 250 ml,[],none,ml,250,true,52.22,1584(E),25-Mar-2026,,,2026-09-18,usable,,Each 250 ml pack having special features,"[""4"", ""Ringer Lactate"", ""Injection 250 ml"", ""1584(E)"", ""25-Mar-2026"", ""52.22(Each 250 ml pack having special features)""]"
SPEC-05,special_feature,Glucose,"[""GLUCOSE""]",injection,,Injection 5%,[],percent,ml,1000,true,97.40,1583(E),25-Mar-2026,,,2026-09-18,usable,,1000ml Non Glass with special features,"[""5"", ""Glucose"", ""Injection 5%"", ""1583(E)"", ""25-Mar-2026"", ""97.40(1000ml Non Glass with special features)""]"
SPEC-06,special_feature,Glucose,"[""GLUCOSE""]",injection,,Injection 5%,[],percent,ml,500,true,84.24,1583(E),25-Mar-2026,,,2026-09-18,usable,,500ml Non Glass with special features,"[""6"", ""Glucose"", ""Injection 5%"", ""1583(E)"", ""25-Mar-2026"", ""84.24(500ml Non Glass with special features)""]"
SPEC-07,special_feature,Glucose (A) + Sodium Chloride (B),"[""GLUCOSE"", ""SODIUM CHLORIDE""]",injection,,Injection 5% (A) + 0.9% (B),[],percent,ml,500,true,87.58,1583(E),25-Mar-2026,,,2026-09-18,usable,,500ml Non Glass with special features,"[""7"", ""Glucose (A) + Sodium Chloride (B)"", ""Injection 5% (A) + 0.9% (B)"", ""1583(E)"", ""25-Mar-2026"", ""87.58(500ml Non Glass with special features)""]"
SPEC-08,special_feature,Glucose (A) + Sodium Chloride (B),"[""GLUCOSE"", ""SODIUM CHLORIDE""]",injection,,Injection 5% (A) + 0.9% (B),[],percent,ml,1000,true,102.34,1583(E),25-Mar-2026,,,2026-09-18,usable,,1000ml Non Glass with special features,"[""8"", ""Glucose (A) + Sodium Chloride (B)"", ""Injection 5% (A) + 0.9% (B)"", ""1583(E)"", ""25-Mar-2026"", ""102.34(1000ml Non Glass with special features)""]"
SPEC-09,special_feature,Sodium chloride,"[""SODIUM CHLORIDE""]",injection,,Injection 0.90%,[],percent,ml,500,true,90.05,1583(E),25-Mar-2026,,,2026-09-18,usable,,500ml Non Glass with special features,"[""9"", ""Sodium chloride"", ""Injection 0.90%"", ""1583(E)"", ""25-Mar-2026"", ""90.05(500ml Non Glass with special features)""]"
SPEC-10,special_feature,Sodium chloride,"[""SODIUM CHLORIDE""]",injection,,Injection 0.90%,[],percent,ml,1000,true,100.87,1583(E),25-Mar-2026,,,2026-09-18,usable,,1000ml Non Glass with special features,"[""10"", ""Sodium chloride"", ""Injection 0.90%"", ""1583(E)"", ""25-Mar-2026"", ""100.87(1000ml Non Glass with special features)""]"
SPEC-11,special_feature,Sodium chloride,"[""SODIUM CHLORIDE""]",injection,,Injection 0.90%,[],percent,ml,100,true,43.07,1583(E),25-Mar-2026,,,2026-09-18,usable,,100ml Non Glass with special features,"[""11"", ""Sodium chloride"", ""Injection 0.90%"", ""1583(E)"", ""25-Mar-2026"", ""43.07(100ml Non Glass with special features)""]"
SPEC-12,special_feature,Sodium chloride,"[""SODIUM CHLORIDE""]",injection,,Injection 0.90%,[],percent,ml,250,true,63.59,1583(E),25-Mar-2026,,,2026-09-18,usable,,250ml Non Glass with special features,"[""12"", ""Sodium chloride"", ""Injection 0.90%"", ""1583(E)"", ""25-Mar-2026"", ""63.59(250ml Non Glass with special features)""]"
SPEC-13,special_feature,CIPROFLOXACIN,"[""CIPROFLOXACIN""]",injection,,INJECTION 200mg/100ml in 100ml pack for packages in non-glass container,[200.0],concentration,ml,1,true,0.23,1586(E),25-Mar-2026,,,2026-09-18,usable,,1 ML)( Pack,"[""13"", ""CIPROFLOXACIN"", ""INJECTION 200mg/100ml in 100ml pack for packages in non-glass container"", ""1586(E)"", ""25-Mar-2026"", ""0.23(1 ML)( Pack)""]"
SPEC-14,special_feature,GLUCOSE,"[""GLUCOSE""]",injection,,INJECTION 25 % in 500ml pack for packages in non-glass container,[],percent,ml,1,true,0.24,1586(E),25-Mar-2026,,,2026-09-18,usable,,1 ML)( Pack,"[""14"", ""GLUCOSE"", ""INJECTION 25 % in 500ml pack for packages in non-glass container"", ""1586(E)"", ""25-Mar-2026"", ""0.24(1 ML)( Pack)""]"
SPEC-15,special_feature,MANNITOL,"[""MANNITOL""]",injection,,INJECTION 20 % in 350ml pack for packages in non-glass container,[],percent,ml,1,true,0.41,1586(E),25-Mar-2026,,,2026-09-18,usable,,1 ML)( Pack,"[""15"", ""MANNITOL"", ""INJECTION 20 % in 350ml pack for packages in non-glass container"", ""1586(E)"", ""25-Mar-2026"", ""0.41(1 ML)( Pack)""]"
SPEC-16,special_feature,MANNITOL,"[""MANNITOL""]",injection,,INJECTION 20% in 100 ml pack,[],percent,ml,1,true,0.41,1586(E),25-Mar-2026,,,2026-09-18,usable,,1 ML)( Pack,"[""16"", ""MANNITOL"", ""INJECTION 20% in 100 ml pack"", ""1586(E)"", ""25-Mar-2026"", ""0.41(1 ML)( Pack)""]"
SPEC-17,special_feature,METRONIDAZOLE,"[""METRONIDAZOLE""]",injection,,INJECTION 500mg/100ml in 100ml pack for packages in non-glass container,[500.0],concentration,ml,1,true,0.25,1586(E),25-Mar-2026,,,2026-09-18,usable,,1 ML)( Pack,"[""17"", ""METRONIDAZOLE"", ""INJECTION 500mg/100ml in 100ml pack for packages in non-glass container"", ""1586(E)"", ""25-Mar-2026"", ""0.25(1 ML)( Pack)""]"
SPEC-18,special_feature,GLUCOSE,"[""GLUCOSE""]",injection,,Injection 25% in 100 ml pack for packages in non-glass container,[],percent,ml,1,true,0.24,1586(E),25-Mar-2026,,,2026-09-18,usable,,1 ML,"[""18"", ""GLUCOSE"", ""Injection 25% in 100 ml pack for packages in non-glass container"", ""1586(E)"", ""25-Mar-2026"", ""0.24(1 ML)""]"
SPEC-19,special_feature,PIPERACILLIN + TAZOBACTAM,"[""PIPERACILLIN"", ""TAZOBACTAM""]",injection,,INJECTION 2000/250 MG,[250.0],mg,pack,1,false,225.56,1588(E),25-Mar-2026,,,2026-09-18,usable,,Per Dual chamber bag with special feature)( Pack,"[""19"", ""PIPERACILLIN + TAZOBACTAM"", ""INJECTION 2000/250 MG"", ""1588(E)"", ""25-Mar-2026"", ""225.56(Per Dual chamber bag with special feature)( Pack)""]"
SPEC-20,special_feature,PIPERACILLIN + TAZOBACTAM,"[""PIPERACILLIN"", ""TAZOBACTAM""]",injection,,INJECTION 4000/500 MG,[500.0],mg,pack,1,false,470.34,1588(E),25-Mar-2026,,,2026-09-18,usable,,Per Dual chamber bag with special feature)( Pack,"[""20"", ""PIPERACILLIN + TAZOBACTAM"", ""INJECTION 4000/500 MG"", ""1588(E)"", ""25-Mar-2026"", ""470.34(Per Dual chamber bag with special feature)( Pack)""]"
SPEC-21,special_feature,MEROPENEM,"[""MEROPENEM""]",injection,,INJECTION 1000 MG,[1000.0],mg,pack,1,false,851.43,1589(E),25-Mar-2026,,,2026-09-18,usable,,Per Dual chamber bag with special feature)( Pack,"[""21"", ""MEROPENEM"", ""INJECTION 1000 MG"", ""1589(E)"", ""25-Mar-2026"", ""851.43(Per Dual chamber bag with special feature)( Pack)""]"
SPEC-22,special_feature,MEROPENEM,"[""MEROPENEM""]",injection,,INJECTION 500 MG,[500.0],mg,pack,1,false,1121.96,1589(E),25-Mar-2026,,,2026-09-18,usable,,Per Dual chamber bag with special feature)( Pack,"[""22"", ""MEROPENEM"", ""INJECTION 500 MG"", ""1589(E)"", ""25-Mar-2026"", ""1121.96(Per Dual chamber bag with special feature)( Pack)""]"
